CustomerID,Recency,Frequency,Monetary,Cluster,Segment,Country,TotalItems,UniqueProducts,TotalTransactions,AvgOrderValue
12346.0,326,1,3693.227500000001,2,At-Risk Customers,United Kingdom,74215,1,1,3693.227500000001
12347.0,2,7,3693.227500000001,1,High-Value Customers,Iceland,2458,103,7,527.6039285714287
12348.0,75,4,1797.24,0,Regular Customers,Finland,2341,22,4,449.31
12349.0,19,1,1757.55,0,Regular Customers,Italy,631,73,1,1757.55
12350.0,310,1,334.4,2,At-Risk Customers,Norway,197,17,1,334.4
12352.0,36,8,2506.04,1,High-Value Customers,Norway,536,59,8,313.255
12353.0,204,1,89.0,2,At-Risk Customers,Bahrain,20,4,1,89.0
12354.0,232,1,1079.4,2,At-Risk Customers,Spain,530,58,1,1079.4
12355.0,214,1,459.4,2,At-Risk Customers,Bahrain,240,13,1,459.4
12356.0,23,3,2811.43,1,High-Value Customers,Portugal,1591,53,3,937.1433333333333
12357.0,33,1,3693.227500000001,1,High-Value Customers,Switzerland,2708,131,1,3693.227500000001
12358.0,2,2,1168.06,0,Regular Customers,Austria,248,13,2,584.03
12359.0,58,4,3693.227500000001,1,High-Value Customers,Cyprus,1622,214,4,923.3068750000002
12360.0,52,3,2662.06,0,Regular Customers,Austria,1165,105,3,887.3533333333334
12361.0,287,1,189.9,2,At-Risk Customers,Belgium,91,10,1,189.9
12362.0,3,10,3693.227500000001,1,High-Value Customers,Belgium,2229,201,10,369.3227500000001
12363.0,110,2,552.0,0,Regular Customers,Unspecified,408,23,2,276.0
12364.0,8,4,1313.1,0,Regular Customers,Belgium,1506,70,4,328.275
12365.0,291,2,641.38,2,At-Risk Customers,Cyprus,174,22,2,320.69
12367.0,4,1,168.9,0,Regular Customers,Denmark,173,11,1,168.9
12370.0,51,4,3545.69,1,High-Value Customers,Cyprus,2353,143,4,886.4225
12371.0,45,2,1887.96,0,Regular Customers,Switzerland,591,63,2,943.98
12372.0,72,3,1298.04,0,Regular Customers,Denmark,794,34,3,432.68
12373.0,311,1,364.6,2,At-Risk Customers,Austria,197,14,1,364.6
12374.0,25,1,742.9300000000001,0,Regular Customers,Austria,342,33,1,742.9300000000001
12375.0,11,2,457.5,0,Regular Customers,Finland,178,14,2,228.75
12377.0,315,2,1628.12,2,At-Risk Customers,Switzerland,944,72,2,814.06
12378.0,130,1,3693.227500000001,1,High-Value Customers,Switzerland,2529,219,1,3693.227500000001
12379.0,82,2,852.24,0,Regular Customers,Belgium,407,39,2,426.12
12380.0,22,4,2724.81,1,High-Value Customers,Belgium,1127,77,4,681.2025
12381.0,5,5,1845.31,0,Regular Customers,Norway,808,70,5,369.062
12383.0,185,5,1850.56,2,At-Risk Customers,Belgium,1532,84,5,370.11199999999997
12384.0,29,2,585.27,0,Regular Customers,Switzerland,126,26,2,292.635
12386.0,328,2,401.9,2,At-Risk Customers,Australia,354,10,2,200.95
12388.0,16,6,2780.66,1,High-Value Customers,Australia,1462,57,6,463.4433333333333
12390.0,80,1,549.84,0,Regular Customers,Belgium,353,32,1,549.84
12391.0,22,1,460.89,0,Regular Customers,Cyprus,300,92,1,460.89
12393.0,72,4,1582.6000000000001,0,Regular Customers,Australia,816,47,4,395.65000000000003
12394.0,64,2,1272.48,0,Regular Customers,Belgium,819,26,2,636.24
12395.0,19,11,3018.63,1,High-Value Customers,Belgium,2118,91,12,251.5525
12397.0,36,2,2409.9,0,Regular Customers,Belgium,1263,110,2,1204.95
12398.0,46,1,1635.6599999999999,0,Regular Customers,Switzerland,1394,85,1,1635.6599999999999
12399.0,119,4,1108.65,0,Regular Customers,Belgium,1178,47,4,277.1625
12401.0,303,1,84.3,2,At-Risk Customers,Belgium,11,5,1,84.3
12402.0,323,1,225.6,2,At-Risk Customers,Belgium,94,11,1,225.6
12403.0,50,1,427.7,0,Regular Customers,Denmark,96,5,1,427.7
12405.0,149,1,1710.39,0,Regular Customers,Finland,857,54,1,1710.39
12406.0,22,2,3415.3,1,High-Value Customers,Denmark,1818,92,2,1707.65
12407.0,50,5,1708.1200000000001,0,Regular Customers,Belgium,1416,57,5,341.624
12408.0,33,5,2888.55,1,High-Value Customers,Belgium,1409,81,5,577.71
12409.0,79,3,3693.227500000001,1,High-Value Customers,Switzerland,5551,91,3,1231.0758333333335
12410.0,309,2,693.3299999999999,2,At-Risk Customers,Switzerland,211,26,2,346.66499999999996
12412.0,75,3,1226.88,0,Regular Customers,Denmark,829,43,3,408.96000000000004
12413.0,67,3,758.1,0,Regular Customers,France,286,29,3,252.70000000000002
12414.0,217,3,562.41,2,At-Risk Customers,Austria,300,16,3,187.47
12415.0,24,11,3693.227500000001,1,High-Value Customers,Australia,77374,444,21,175.86797619047624
12417.0,3,9,3649.1,1,High-Value Customers,Belgium,1552,158,9,405.4555555555555
12418.0,113,1,668.58,0,Regular Customers,Switzerland,407,34,1,668.58
12420.0,64,1,600.39,0,Regular Customers,Cyprus,345,29,1,600.39
12421.0,16,4,807.04,0,Regular Customers,Spain,484,32,4,201.76
12422.0,96,3,803.5600000000001,0,Regular Customers,Australia,370,39,3,267.85333333333335
12423.0,1,8,1859.31,1,High-Value Customers,Belgium,1339,97,8,232.41375
12424.0,163,2,1760.96,2,At-Risk Customers,Australia,740,30,2,880.48
12425.0,78,1,777.2,0,Regular Customers,Portugal,496,36,1,777.2
12426.0,195,1,582.73,2,At-Risk Customers,Germany,258,30,1,582.73
12427.0,22,3,825.8,0,Regular Customers,Germany,533,26,3,275.26666666666665
12428.0,26,9,3693.227500000001,1,High-Value Customers,Finland,3536,258,9,410.3586111111112
12429.0,9,4,3693.227500000001,1,High-Value Customers,Denmark,1557,82,4,923.3068750000002
12430.0,43,1,256.4,0,Regular Customers,Norway,117,11,1,256.4
12431.0,36,11,3693.227500000001,1,High-Value Customers,Australia,2906,163,15,246.21516666666673
12432.0,43,5,3693.227500000001,1,High-Value Customers,Norway,1801,107,5,738.6455000000002
12433.0,1,7,3693.227500000001,1,High-Value Customers,Norway,11071,219,7,527.6039285714287
12434.0,85,2,806.14,0,Regular Customers,Australia,394,46,2,403.07
12435.0,80,2,3693.227500000001,1,High-Value Customers,Denmark,2055,31,2,1846.6137500000004
12436.0,100,1,509.01,0,Regular Customers,Norway,211,16,1,509.01
12437.0,2,11,3693.227500000001,1,High-Value Customers,France,2922,118,18,205.1793055555556
12438.0,14,2,2906.85,0,Regular Customers,Norway,1180,84,2,1453.425
12441.0,328,1,173.55,2,At-Risk Customers,France,121,11,1,173.55
12442.0,3,1,172.06,0,Regular Customers,Spain,182,12,1,172.06
12444.0,21,5,3693.227500000001,1,High-Value Customers,Norway,1153,138,5,738.6455000000002
12445.0,22,1,133.4,0,Regular Customers,Spain,62,4,1,133.4
12446.0,58,1,1002.3100000000001,0,Regular Customers,RSA,351,57,1,1002.3100000000001
12447.0,243,1,476.49,2,At-Risk Customers,Belgium,190,26,1,476.49
12448.0,44,1,449.45,0,Regular Customers,Spain,243,22,1,449.45
12449.0,22,4,3693.227500000001,1,High-Value Customers,Belgium,1553,118,4,923.3068750000002
12450.0,156,2,197.88,2,At-Risk Customers,Spain,128,7,2,98.94
12451.0,11,5,3693.227500000001,1,High-Value Customers,Switzerland,6575,265,5,738.6455000000002
12452.0,17,2,430.57,0,Regular Customers,Switzerland,185,21,2,215.285
12453.0,134,1,707.09,0,Regular Customers,Austria,473,43,1,707.09
12454.0,56,1,3528.34,1,High-Value Customers,Spain,1006,15,1,3528.34
12455.0,73,6,2466.86,1,High-Value Customers,Spain,2089,85,6,411.1433333333334
12456.0,44,3,3181.04,1,High-Value Customers,Switzerland,1633,105,3,1060.3466666666666
12457.0,66,7,2363.23,1,High-Value Customers,Switzerland,843,53,7,337.6042857142857
12458.0,71,2,947.4,0,Regular Customers,Switzerland,506,35,2,473.7
12461.0,94,2,826.88,0,Regular Customers,Switzerland,287,35,2,413.44
12462.0,19,2,1189.59,0,Regular Customers,Spain,536,51,2,594.795
12463.0,53,4,1344.78,0,Regular Customers,Belgium,776,65,4,336.195
12464.0,10,8,1212.05,1,High-Value Customers,Belgium,112,6,8,151.50625
12465.0,17,2,742.1899999999999,0,Regular Customers,Belgium,479,46,2,371.09499999999997
12468.0,188,2,729.5400000000001,2,At-Risk Customers,Germany,366,36,2,364.77000000000004
12471.0,2,11,3693.227500000001,1,High-Value Customers,Germany,8212,150,30,123.10758333333337
12472.0,32,7,3693.227500000001,1,High-Value Customers,Germany,4148,219,7,527.6039285714287
12473.0,29,5,3693.227500000001,1,High-Value Customers,Germany,2439,140,5,738.6455000000002
12474.0,17,11,3693.227500000001,1,High-Value Customers,Germany,4847,253,18,205.1793055555556
12475.0,54,1,723.38,0,Regular Customers,Germany,535,36,1,723.38
12476.0,16,11,3693.227500000001,1,High-Value Customers,Germany,2408,177,11,335.7479545454546
12477.0,23,6,3693.227500000001,1,High-Value Customers,Germany,3653,191,6,615.5379166666668
12478.0,4,1,680.99,0,Regular Customers,Greece,236,36,1,680.99
12479.0,11,1,527.2,0,Regular Customers,Germany,385,31,1,527.2
12480.0,28,4,3281.63,1,High-Value Customers,Germany,1707,129,4,820.4075
12481.0,23,10,3693.227500000001,1,High-Value Customers,Germany,3304,150,10,369.3227500000001
12483.0,17,8,2484.98,1,High-Value Customers,Sweden,1110,46,8,310.6225
12484.0,33,6,3693.227500000001,1,High-Value Customers,Spain,2191,256,6,615.5379166666668
12488.0,10,3,1298.66,0,Regular Customers,France,529,46,3,432.8866666666667
12489.0,328,1,334.93,2,At-Risk Customers,France,105,15,1,334.93
12490.0,5,10,3693.227500000001,1,High-Value Customers,France,3064,131,10,369.3227500000001
12491.0,39,1,460.40000000000003,0,Regular Customers,France,260,25,1,460.40000000000003
12492.0,63,2,263.21000000000004,0,Regular Customers,Germany,192,19,2,131.60500000000002
12493.0,166,2,433.74,2,At-Risk Customers,France,207,20,2,216.87
12494.0,16,7,1246.1000000000001,1,High-Value Customers,France,707,63,7,178.01428571428573
12497.0,82,1,1043.1,0,Regular Customers,Germany,1236,14,1,1043.1
12498.0,21,3,403.70000000000005,0,Regular Customers,Germany,159,21,3,134.5666666666667
12500.0,23,11,3693.227500000001,1,High-Value Customers,Germany,2678,34,11,335.7479545454546
12501.0,328,1,2169.39,2,At-Risk Customers,Germany,1783,149,1,2169.39
12502.0,96,5,3693.227500000001,1,High-Value Customers,Spain,820,102,5,738.6455000000002
12504.0,18,2,482.04999999999995,0,Regular Customers,Germany,90,6,2,241.02499999999998
12506.0,233,1,73.5,2,At-Risk Customers,France,23,23,1,73.5
12507.0,134,3,1304.81,0,Regular Customers,Spain,894,19,3,434.93666666666667
12508.0,26,2,398.27,0,Regular Customers,France,272,57,2,199.135
12509.0,284,1,176.5,2,At-Risk Customers,France,55,7,1,176.5
12510.0,143,2,982.5699999999999,0,Regular Customers,Spain,353,29,2,491.28499999999997
12512.0,66,2,138.03,0,Regular Customers,Israel,99,31,2,69.015
12513.0,113,1,612.29,0,Regular Customers,France,462,35,1,612.29
12514.0,267,1,1017.68,2,At-Risk Customers,Italy,440,51,1,1017.68
12515.0,328,1,383.7,2,At-Risk Customers,Italy,131,16,1,383.7
12516.0,78,2,1312.06,0,Regular Customers,Germany,875,20,2,656.03
12517.0,28,5,2502.84,1,High-Value Customers,Germany,1371,232,5,500.56800000000004
12518.0,1,5,2056.89,1,High-Value Customers,Germany,1318,84,5,411.378
12519.0,64,1,340.84,0,Regular Customers,Germany,183,17,1,340.84
12520.0,79,5,2634.26,1,High-Value Customers,Germany,1439,121,5,526.8520000000001
12521.0,143,1,599.68,2,At-Risk Customers,Germany,309,38,1,599.68
12522.0,39,2,192.72,0,Regular Customers,Germany,194,11,2,96.36
12523.0,19,11,1789.77,1,High-Value Customers,France,865,84,11,162.70636363636365
12524.0,9,8,3693.227500000001,1,High-Value Customers,Germany,3699,113,8,461.6534375000001
12526.0,1,3,1316.66,0,Regular Customers,Germany,632,64,3,438.8866666666667
12527.0,82,3,348.71000000000004,0,Regular Customers,Germany,234,18,3,116.23666666666668
12528.0,9,6,1933.48,1,High-Value Customers,Germany,756,50,6,322.24666666666667
12530.0,60,4,1662.28,0,Regular Customers,Germany,913,51,4,415.57
12531.0,15,1,125.22,0,Regular Customers,Germany,45,17,1,125.22
12532.0,30,1,349.83000000000004,0,Regular Customers,France,153,16,1,349.83000000000004
12534.0,131,1,1089.18,0,Regular Customers,Germany,651,63,1,1089.18
12535.0,92,2,716.35,0,Regular Customers,France,219,28,2,358.175
12536.0,43,3,3693.227500000001,1,High-Value Customers,France,2803,260,3,1231.0758333333335
12538.0,29,1,363.95,0,Regular Customers,Spain,191,21,1,363.95
12539.0,22,4,3693.227500000001,1,High-Value Customers,Spain,2067,157,4,923.3068750000002
12540.0,20,11,3693.227500000001,1,High-Value Customers,Spain,6685,277,17,217.2486764705883
12541.0,30,3,981.18,0,Regular Customers,Spain,680,46,3,327.06
12544.0,36,1,372.7,0,Regular Customers,Spain,136,19,1,372.7
12545.0,75,2,1000.39,0,Regular Customers,Spain,523,42,2,500.195
12546.0,47,2,1161.5,0,Regular Customers,Spain,633,59,2,580.75
12547.0,198,2,207.79999999999998,2,At-Risk Customers,Spain,134,7,2,103.89999999999999
12548.0,166,1,95.19999999999999,2,At-Risk Customers,Spain,49,5,1,95.19999999999999
12550.0,79,1,964.83,0,Regular Customers,Spain,569,57,1,964.83
12551.0,328,1,168.0,2,At-Risk Customers,Spain,100,10,1,168.0
12552.0,39,2,437.82,0,Regular Customers,Italy,88,20,2,218.91
12553.0,8,10,3692.28,1,High-Value Customers,France,1965,95,10,369.228
12556.0,50,2,603.71,0,Regular Customers,Spain,358,100,2,301.855
12557.0,16,5,3693.227500000001,1,High-Value Customers,Spain,4384,15,5,738.6455000000002
12558.0,8,1,269.96,0,Regular Customers,USA,196,11,1,269.96
12559.0,311,2,561.71,2,At-Risk Customers,Germany,283,21,2,280.855
12560.0,5,3,2134.01,0,Regular Customers,Germany,1110,91,3,711.3366666666667
12561.0,303,1,238.85,2,At-Risk Customers,Germany,177,16,1,238.85
12562.0,8,7,3693.227500000001,1,High-Value Customers,France,1779,99,7,527.6039285714287
12564.0,261,1,456.9,2,At-Risk Customers,France,133,21,1,456.9
12565.0,289,1,145.92,2,At-Risk Customers,Saudi Arabia,80,9,1,145.92
12566.0,86,1,351.65,0,Regular Customers,Germany,265,19,1,351.65
12567.0,23,10,3693.227500000001,1,High-Value Customers,France,4305,323,10,369.3227500000001
12569.0,2,11,3693.227500000001,1,High-Value Customers,Germany,1801,92,32,115.41335937500003
12571.0,40,2,519.61,0,Regular Customers,France,523,31,2,259.805
12572.0,9,2,1020.42,0,Regular Customers,Germany,452,53,2,510.21
12573.0,227,1,160.54000000000002,2,At-Risk Customers,France,84,26,1,160.54000000000002
12574.0,316,1,218.45,2,At-Risk Customers,France,61,11,1,218.45
12576.0,36,5,1315.83,0,Regular Customers,Poland,967,72,5,263.166
12577.0,35,3,657.8,0,Regular Customers,France,472,137,3,219.26666666666665
12578.0,21,2,2794.51,0,Regular Customers,Italy,1196,111,2,1397.255
12579.0,78,1,440.42,0,Regular Customers,France,285,29,1,440.42
12580.0,247,1,415.7,2,At-Risk Customers,Germany,238,24,1,415.7
12581.0,40,1,197.71,0,Regular Customers,Germany,161,15,1,197.71
12582.0,239,2,511.36,2,At-Risk Customers,Finland,300,21,2,255.68
12583.0,3,11,3693.227500000001,1,High-Value Customers,France,5060,115,15,246.21516666666673
12584.0,4,9,2338.15,1,High-Value Customers,Italy,416,44,9,259.7944444444445
12585.0,234,2,2040.1,2,At-Risk Customers,Germany,1279,77,2,1020.05
12586.0,17,1,196.94000000000003,0,Regular Customers,Italy,79,11,1,196.94000000000003
12587.0,8,1,144.0,0,Regular Customers,Finland,51,4,1,144.0
12588.0,39,1,214.89999999999998,0,Regular Customers,Finland,53,10,1,214.89999999999998
12589.0,29,2,646.68,0,Regular Customers,France,306,29,2,323.34
12590.0,211,2,3693.227500000001,1,High-Value Customers,Germany,4283,68,2,1846.6137500000004
12591.0,317,1,452.84999999999997,2,At-Risk Customers,Italy,228,26,1,452.84999999999997
12592.0,92,2,437.6,0,Regular Customers,Germany,290,11,2,218.8
12593.0,109,3,418.09999999999997,0,Regular Customers,France,206,14,3,139.36666666666665
12594.0,38,10,3338.2200000000003,1,High-Value Customers,Italy,1777,50,10,333.822
12596.0,51,2,618.27,0,Regular Customers,Spain,474,25,2,309.135
12597.0,19,4,3693.227500000001,1,High-Value Customers,Spain,2236,184,4,923.3068750000002
12598.0,10,8,3023.08,1,High-Value Customers,France,1964,84,8,377.885
12599.0,29,7,1032.58,0,Regular Customers,France,956,32,7,147.51142857142855
12600.0,29,10,2599.04,1,High-Value Customers,Germany,774,32,10,259.904
12601.0,190,5,577.0600000000001,2,At-Risk Customers,Germany,245,21,5,115.412
12602.0,59,1,153.12,0,Regular Customers,France,162,12,1,153.12
12603.0,22,1,739.1999999999999,0,Regular Customers,Germany,63,2,1,739.1999999999999
12604.0,79,2,254.18,0,Regular Customers,France,201,15,2,127.09
12607.0,60,1,1579.51,0,Regular Customers,USA,1228,101,1,1579.51
12609.0,78,3,1126.85,0,Regular Customers,Germany,648,57,3,375.6166666666666
12610.0,23,5,2099.54,1,High-Value Customers,Italy,1049,85,5,419.908
12611.0,52,1,1193.32,0,Regular Customers,Italy,846,65,1,1193.32
12612.0,74,1,704.0400000000001,0,Regular Customers,Germany,262,19,1,704.0400000000001
12613.0,57,5,3344.38,1,High-Value Customers,Germany,1644,124,5,668.876
12614.0,278,1,315.6,2,At-Risk Customers,Germany,76,20,1,315.6
12615.0,2,4,2291.19,0,Regular Customers,France,1376,82,4,572.7975
12616.0,95,2,713.3,0,Regular Customers,France,284,25,2,356.65
12617.0,29,1,355.53,0,Regular Customers,France,213,39,1,355.53
12618.0,22,1,177.31,0,Regular Customers,Italy,96,11,1,177.31
12619.0,16,9,3641.24,1,High-Value Customers,Germany,3378,50,9,404.5822222222222
12620.0,15,3,1339.41,0,Regular Customers,France,1181,89,3,446.47
12621.0,2,11,3693.227500000001,1,High-Value Customers,Germany,7440,261,20,184.66137500000005
12622.0,232,1,180.1,2,At-Risk Customers,Germany,69,11,1,180.1
12623.0,276,1,305.1,2,At-Risk Customers,Germany,191,18,1,305.1
12624.0,106,2,641.13,0,Regular Customers,France,355,36,2,320.565
12625.0,212,2,2683.82,2,At-Risk Customers,Germany,1612,73,2,1341.91
12626.0,23,9,3693.227500000001,1,High-Value Customers,Germany,3453,232,9,410.3586111111112
12627.0,11,7,3693.227500000001,1,High-Value Customers,Germany,2752,162,7,527.6039285714287
12628.0,4,3,786.46,0,Regular Customers,Germany,448,34,3,262.15333333333336
12630.0,10,2,1270.88,0,Regular Customers,Finland,548,60,2,635.44
12631.0,57,1,640.5,0,Regular Customers,Finland,236,31,1,640.5
12633.0,59,4,2163.98,0,Regular Customers,Germany,1162,73,4,540.995
12635.0,90,2,1689.18,0,Regular Customers,Germany,1172,96,2,844.59
12637.0,67,8,3693.227500000001,1,High-Value Customers,France,3002,205,8,461.6534375000001
12638.0,33,1,671.69,0,Regular Customers,Sweden,577,39,1,671.69
12639.0,239,1,486.1,2,At-Risk Customers,Sweden,201,22,1,486.1
12640.0,24,3,1174.58,0,Regular Customers,France,311,47,3,391.52666666666664
12641.0,115,1,185.9,0,Regular Customers,Sweden,72,10,1,185.9
12642.0,25,3,1013.26,0,Regular Customers,Germany,552,39,3,337.75333333333333
12643.0,128,6,3344.64,1,High-Value Customers,France,1808,11,6,557.4399999999999
12644.0,130,1,477.91,0,Regular Customers,Germany,325,31,1,477.91
12645.0,34,4,1775.18,0,Regular Customers,Germany,1084,58,4,443.795
12646.0,5,2,1346.97,0,Regular Customers,USA,897,43,2,673.485
12647.0,22,11,3693.227500000001,1,High-Value Customers,Germany,1431,78,12,307.7689583333334
12648.0,155,1,318.05,2,At-Risk Customers,Germany,160,21,1,318.05
12649.0,107,3,623.51,0,Regular Customers,Germany,586,28,3,207.83666666666667
12650.0,3,1,314.44,0,Regular Customers,France,254,20,1,314.44
12651.0,328,1,114.0,2,At-Risk Customers,France,78,9,1,114.0
12652.0,328,1,919.98,2,At-Risk Customers,France,505,48,1,919.98
12653.0,149,2,2209.85,0,Regular Customers,Israel,919,37,2,1104.925
12654.0,11,5,601.98,0,Regular Customers,Germany,264,31,5,120.396
12656.0,17,5,3693.227500000001,1,High-Value Customers,France,1723,89,5,738.6455000000002
12657.0,11,4,1643.18,0,Regular Customers,France,1044,35,4,410.795
12658.0,19,1,686.05,0,Regular Customers,Germany,320,36,1,686.05
12659.0,30,1,91.68,0,Regular Customers,France,105,5,1,91.68
12660.0,11,1,245.1,0,Regular Customers,France,127,13,1,245.1
12662.0,1,11,3693.227500000001,1,High-Value Customers,Germany,2058,129,11,335.7479545454546
12664.0,8,9,3693.227500000001,1,High-Value Customers,Finland,1203,10,9,410.3586111111112
12665.0,325,1,63.0,2,At-Risk Customers,Germany,37,3,1,63.0
12667.0,58,1,620.13,0,Regular Customers,Finland,395,33,1,620.13
12668.0,12,4,3693.227500000001,1,High-Value Customers,Germany,1634,115,4,923.3068750000002
12669.0,151,3,2744.0299999999997,0,Regular Customers,France,1115,98,3,914.6766666666666
12670.0,10,5,2996.05,1,High-Value Customers,France,1397,58,5,599.21
12672.0,328,1,225.89999999999998,2,At-Risk Customers,France,78,10,1,225.89999999999998
12673.0,5,2,610.52,0,Regular Customers,Germany,351,42,2,305.26
12674.0,39,4,1970.6,0,Regular Customers,France,1133,52,4,492.65
12676.0,25,6,1331.39,0,Regular Customers,Sweden,670,33,6,221.89833333333334
12678.0,42,11,3693.227500000001,1,High-Value Customers,France,10923,105,12,307.7689583333334
12679.0,59,4,1113.02,0,Regular Customers,France,554,43,4,278.255
12680.0,1,4,862.81,0,Regular Customers,France,443,33,4,215.7025
12681.0,15,11,3693.227500000001,1,High-Value Customers,France,7536,267,22,167.8739772727273
12682.0,4,11,3693.227500000001,1,High-Value Customers,France,5575,209,31,119.13637096774197
12683.0,4,11,3693.227500000001,1,High-Value Customers,France,4987,177,15,246.21516666666673
12684.0,8,7,2283.63,1,High-Value Customers,France,1985,61,7,326.23285714285714
12685.0,28,6,2863.08,1,High-Value Customers,France,1523,117,6,477.18
12686.0,328,1,89.14,2,At-Risk Customers,France,107,7,1,89.14
12688.0,114,1,3693.227500000001,1,High-Value Customers,Israel,3028,171,1,3693.227500000001
12689.0,26,2,1247.61,0,Regular Customers,France,628,57,2,623.805
12690.0,206,1,389.01,2,At-Risk Customers,France,106,16,1,389.01
12691.0,28,6,1035.8,0,Regular Customers,France,394,21,6,172.63333333333333
12693.0,127,4,855.91,0,Regular Customers,Germany,255,35,4,213.9775
12694.0,70,2,869.67,0,Regular Customers,France,509,32,2,434.835
12695.0,7,4,582.1,0,Regular Customers,France,220,23,4,145.525
12697.0,29,3,957.59,0,Regular Customers,Sweden,508,37,3,319.19666666666666
12700.0,8,4,3693.227500000001,1,High-Value Customers,France,2967,193,4,923.3068750000002
12701.0,80,2,797.71,0,Regular Customers,Germany,678,50,2,398.855
12702.0,20,1,219.0,0,Regular Customers,Germany,53,12,1,219.0
12703.0,71,1,283.55,0,Regular Customers,Germany,164,21,1,283.55
12704.0,7,8,2340.84,1,High-Value Customers,Finland,1006,64,8,292.605
12705.0,15,9,3693.227500000001,1,High-Value Customers,Germany,3997,228,9,410.3586111111112
12707.0,292,1,603.42,2,At-Risk Customers,France,256,33,1,603.42
12708.0,30,10,2712.91,1,High-Value Customers,Germany,1307,86,10,271.291
12709.0,15,11,3693.227500000001,1,High-Value Customers,Germany,3936,93,15,246.21516666666673
12710.0,97,3,1149.02,0,Regular Customers,Germany,851,75,3,383.00666666666666
12712.0,29,11,3693.227500000001,1,High-Value Customers,Germany,1062,58,13,284.09442307692314
12713.0,1,1,848.55,0,Regular Customers,Germany,508,38,1,848.55
12714.0,9,5,3693.227500000001,1,High-Value Customers,France,3069,216,5,738.6455000000002
12715.0,106,1,353.86,0,Regular Customers,Sweden,197,20,1,353.86
12716.0,4,2,1053.49,0,Regular Customers,France,708,60,2,526.745
12717.0,151,2,1030.98,0,Regular Customers,Greece,506,49,2,515.49
12718.0,71,1,238.25,0,Regular Customers,France,203,19,1,238.25
12719.0,5,2,644.95,0,Regular Customers,France,374,34,2,322.475
12720.0,3,11,3693.227500000001,1,High-Value Customers,Germany,4672,211,25,147.72910000000005
12721.0,32,6,2656.13,1,High-Value Customers,France,1959,133,6,442.68833333333333
12722.0,85,4,997.63,0,Regular Customers,France,566,50,4,249.4075
12723.0,4,5,725.07,0,Regular Customers,France,434,53,5,145.014
12724.0,5,4,1031.41,0,Regular Customers,France,445,47,4,257.8525
12725.0,328,1,427.8,2,At-Risk Customers,Italy,164,24,1,427.8
12726.0,28,7,2609.1,1,High-Value Customers,France,3143,57,7,372.7285714285714
12727.0,11,7,3693.227500000001,1,High-Value Customers,France,2098,109,7,527.6039285714287
12728.0,71,4,836.33,0,Regular Customers,France,419,38,4,209.0825
12729.0,114,1,453.01,0,Regular Customers,France,233,26,1,453.01
12731.0,24,11,3693.227500000001,1,High-Value Customers,France,8437,109,12,307.7689583333334
12732.0,180,1,236.26000000000002,2,At-Risk Customers,France,111,12,1,236.26000000000002
12733.0,234,1,383.95,2,At-Risk Customers,USA,137,22,1,383.95
12734.0,328,1,110.39999999999999,2,At-Risk Customers,France,88,4,1,110.39999999999999
12735.0,315,2,779.5699999999999,2,At-Risk Customers,France,368,38,2,389.78499999999997
12736.0,328,1,234.0,2,At-Risk Customers,France,173,4,1,234.0
12738.0,328,1,155.35,2,At-Risk Customers,Germany,148,11,1,155.35
12739.0,78,2,1013.04,0,Regular Customers,United Arab Emirates,486,38,2,506.52
12740.0,64,1,427.6,0,Regular Customers,France,342,27,1,427.6
12743.0,134,2,546.43,0,Regular Customers,Unspecified,319,114,2,273.215
12744.0,52,7,3693.227500000001,1,High-Value Customers,Singapore,5241,178,7,527.6039285714287
12747.0,2,11,3693.227500000001,1,High-Value Customers,United Kingdom,1275,42,11,335.7479545454546
12748.0,1,11,3693.227500000001,1,High-Value Customers,United Kingdom,25747,1768,209,17.67094497607656
12749.0,4,5,3693.227500000001,1,High-Value Customers,United Kingdom,1471,160,5,738.6455000000002
12750.0,129,1,275.88,0,Regular Customers,Poland,137,15,1,275.88
12752.0,81,1,3693.227500000001,1,High-Value Customers,Norway,2262,53,1,3693.227500000001
12753.0,23,6,3693.227500000001,1,High-Value Customers,Japan,11421,132,6,615.5379166666668
12754.0,236,3,3010.74,2,At-Risk Customers,Japan,6481,49,3,1003.5799999999999
12755.0,281,2,3693.227500000001,2,At-Risk Customers,Japan,1491,4,2,1846.6137500000004
12756.0,87,1,112.07999999999998,0,Regular Customers,Japan,144,4,1,112.07999999999998
12757.0,16,11,3693.227500000001,1,High-Value Customers,Portugal,2402,237,13,284.09442307692314
12758.0,117,2,2791.59,0,Regular Customers,Portugal,2135,84,2,1395.795
12759.0,52,3,1531.44,0,Regular Customers,Netherlands,902,81,3,510.48
12762.0,8,2,1898.52,0,Regular Customers,Portugal,1227,62,2,949.26
12763.0,138,2,494.08,0,Regular Customers,Japan,316,16,2,247.04
12764.0,317,1,1693.88,2,At-Risk Customers,Lebanon,386,45,1,1693.88
12766.0,4,7,3693.227500000001,1,High-Value Customers,Portugal,3646,205,7,527.6039285714287
12769.0,239,1,1143.6,2,At-Risk Customers,Brazil,356,32,1,1143.6
12770.0,211,1,1351.45,2,At-Risk Customers,Japan,743,12,1,1351.45
12772.0,60,1,892.47,0,Regular Customers,Portugal,556,55,1,892.47
12775.0,17,5,1386.04,0,Regular Customers,Netherlands,877,47,5,277.20799999999997
12778.0,20,6,822.23,0,Regular Customers,Netherlands,825,40,6,137.03833333333333
12779.0,38,8,3693.227500000001,1,High-Value Customers,Poland,2024,88,8,461.6534375000001
12781.0,64,2,826.74,0,Regular Customers,Czech Republic,671,25,2,413.37
12782.0,5,5,2330.92,1,High-Value Customers,Portugal,1086,81,5,466.184
12783.0,2,6,2225.91,1,High-Value Customers,Portugal,624,76,6,370.98499999999996
12784.0,9,2,574.42,0,Regular Customers,Portugal,300,54,2,287.21
12785.0,328,1,311.95,2,At-Risk Customers,Portugal,131,14,1,311.95
12787.0,10,3,463.66,0,Regular Customers,Netherlands,261,17,3,154.55333333333334
12789.0,65,1,91.85,0,Regular Customers,Netherlands,4,4,1,91.85
12790.0,192,1,324.92,2,At-Risk Customers,Netherlands,166,21,1,324.92
12791.0,328,1,192.60000000000002,2,At-Risk Customers,Netherlands,97,2,1,192.60000000000002
12792.0,257,1,400.53999999999996,2,At-Risk Customers,Portugal,217,25,1,400.53999999999996
12793.0,328,2,545.48,2,At-Risk Customers,Portugal,295,21,2,272.74
12794.0,53,2,860.41,0,Regular Customers,Portugal,592,43,2,430.205
12795.0,19,1,430.48,0,Regular Customers,Portugal,68,14,1,430.48
12797.0,328,1,254.03,2,At-Risk Customers,Portugal,118,13,1,254.03
12798.0,10,3,3693.227500000001,1,High-Value Customers,Japan,5256,6,3,1231.0758333333335
12802.0,187,1,427.58,2,At-Risk Customers,Netherlands,314,25,1,427.58
12808.0,37,3,483.65000000000003,0,Regular Customers,Portugal,188,27,3,161.21666666666667
12809.0,178,1,489.31,2,At-Risk Customers,Portugal,220,25,1,489.31
12811.0,261,3,514.85,2,At-Risk Customers,Portugal,230,27,3,171.61666666666667
12812.0,45,1,229.64000000000001,0,Regular Customers,Japan,164,15,1,229.64000000000001
12814.0,102,1,125.92,0,Regular Customers,Poland,49,2,1,125.92
12815.0,148,2,1063.46,0,Regular Customers,Poland,379,38,2,531.73
12816.0,96,2,572.2,0,Regular Customers,Poland,128,27,2,286.1
12817.0,281,1,166.04,2,At-Risk Customers,Austria,53,4,1,166.04
12818.0,262,1,1542.08,2,At-Risk Customers,Austria,929,14,1,1542.08
12820.0,3,4,942.34,0,Regular Customers,United Kingdom,722,55,4,235.585
12821.0,214,1,92.72,2,At-Risk Customers,United Kingdom,70,6,1,92.72
12822.0,71,2,948.88,0,Regular Customers,United Kingdom,550,41,2,474.44
12823.0,75,5,1759.5,0,Regular Customers,United Kingdom,230,1,5,351.9
12824.0,60,1,397.12,0,Regular Customers,United Kingdom,232,25,1,397.12
12826.0,3,7,1474.72,1,High-Value Customers,United Kingdom,1058,58,7,210.67428571428573
12827.0,6,3,430.15000000000003,0,Regular Customers,United Kingdom,197,19,3,143.38333333333335
12828.0,3,6,1018.71,0,Regular Customers,United Kingdom,494,46,6,169.785
12829.0,328,2,293.0,2,At-Risk Customers,United Kingdom,376,9,2,146.5
12830.0,38,6,3693.227500000001,1,High-Value Customers,United Kingdom,9848,13,6,615.5379166666668
12831.0,262,1,215.05,2,At-Risk Customers,United Kingdom,135,9,1,215.05
12832.0,32,2,383.03,0,Regular Customers,United Kingdom,195,27,2,191.515
12833.0,145,1,417.38,2,At-Risk Customers,United Kingdom,156,24,1,417.38
12834.0,283,1,312.38,2,At-Risk Customers,United Kingdom,110,18,1,312.38
12836.0,59,4,2612.86,1,High-Value Customers,United Kingdom,1064,148,4,653.215
12837.0,173,1,134.1,2,At-Risk Customers,United Kingdom,24,12,1,134.1
12838.0,34,2,683.13,0,Regular Customers,United Kingdom,359,115,2,341.565
12839.0,3,11,3693.227500000001,1,High-Value Customers,United Kingdom,3807,95,14,263.80196428571435
12840.0,144,4,2726.77,1,High-Value Customers,United Kingdom,1511,67,4,681.6925
12841.0,5,11,3693.227500000001,1,High-Value Customers,United Kingdom,2757,229,25,147.72910000000005
12842.0,70,2,1118.99,0,Regular Customers,United Kingdom,547,34,2,559.495
12843.0,66,8,1702.26,1,High-Value Customers,United Kingdom,781,69,8,212.7825
12844.0,29,2,325.96000000000004,0,Regular Customers,United Kingdom,125,47,2,162.98000000000002
12845.0,267,4,354.09,2,At-Risk Customers,United Kingdom,204,26,4,88.5225
12847.0,22,1,871.54,0,Regular Customers,United Kingdom,909,72,1,871.54
12849.0,31,2,1050.8899999999999,0,Regular Customers,United Kingdom,623,47,2,525.4449999999999
12851.0,97,1,135.18,0,Regular Customers,United Kingdom,109,43,1,135.18
12852.0,295,1,311.55,2,At-Risk Customers,United Kingdom,149,17,1,311.55
12853.0,135,6,1957.1000000000001,1,High-Value Customers,United Kingdom,800,66,6,326.18333333333334
12854.0,79,3,1324.5,0,Regular Customers,United Kingdom,627,95,3,441.5
12855.0,328,1,38.1,2,At-Risk Customers,United Kingdom,30,3,1,38.1
12856.0,8,6,2179.93,1,High-Value Customers,United Kingdom,1079,155,6,363.32166666666666
12857.0,211,2,1106.4,2,At-Risk Customers,United Kingdom,343,37,2,553.2
12863.0,52,1,521.2,0,Regular Customers,United Kingdom,188,5,1,521.2
12864.0,138,1,147.12,2,At-Risk Customers,United Kingdom,216,3,1,147.12
12865.0,26,2,1568.23,0,Regular Customers,Austria,925,86,2,784.115
12866.0,283,1,559.12,2,At-Risk Customers,Belgium,171,26,1,559.12
12867.0,26,7,3693.227500000001,1,High-Value Customers,United Kingdom,4298,240,7,527.6039285714287
12868.0,186,6,1607.0600000000002,2,At-Risk Customers,United Kingdom,928,72,6,267.84333333333336
12871.0,84,2,380.64,0,Regular Customers,United Kingdom,200,8,2,190.32
12872.0,327,2,599.97,2,At-Risk Customers,United Kingdom,319,58,2,299.985
12873.0,282,1,374.0,2,At-Risk Customers,United Kingdom,128,4,1,374.0
12875.0,143,2,343.2300000000001,0,Regular Customers,United Kingdom,2019,1,2,171.61500000000004
12876.0,58,2,2218.02,0,Regular Customers,Belgium,1941,67,2,1109.01
12877.0,4,11,1535.77,1,High-Value Customers,United Kingdom,1178,100,12,127.98083333333334
12878.0,236,2,854.99,2,At-Risk Customers,United Kingdom,547,38,2,427.495
12879.0,45,3,573.22,0,Regular Customers,United Kingdom,370,7,3,191.07333333333335
12881.0,276,1,298.0,2,At-Risk Customers,United Kingdom,21,7,1,298.0
12882.0,9,2,1463.04,0,Regular Customers,United Kingdom,246,12,2,731.52
12883.0,25,4,703.47,0,Regular Customers,United Kingdom,196,39,4,175.8675
12884.0,88,1,309.05,0,Regular Customers,United Kingdom,43,7,1,309.05
12885.0,63,3,1175.22,0,Regular Customers,United Kingdom,655,66,3,391.74
12886.0,68,2,1378.4,0,Regular Customers,United Kingdom,770,75,2,689.2
12888.0,214,2,354.12,2,At-Risk Customers,United Kingdom,76,4,2,177.06
12890.0,24,1,380.46999999999997,0,Regular Customers,United Kingdom,259,78,1,380.46999999999997
12891.0,186,3,331.0,2,At-Risk Customers,United Kingdom,950,2,3,110.33333333333333
12893.0,31,1,188.14,0,Regular Customers,United Kingdom,96,27,1,188.14
12895.0,42,2,372.8,0,Regular Customers,United Kingdom,210,22,2,186.4
12897.0,205,2,216.5,2,At-Risk Customers,United Kingdom,110,3,2,108.25
12901.0,9,11,3693.227500000001,1,High-Value Customers,United Kingdom,23075,30,28,131.90098214285717
12902.0,265,1,138.68,2,At-Risk Customers,United Kingdom,66,10,1,138.68
12904.0,18,2,509.58,0,Regular Customers,United Kingdom,302,59,2,254.79
12906.0,12,5,2919.81,1,High-Value Customers,United Kingdom,1749,55,5,583.962
12908.0,176,2,750.0,2,At-Risk Customers,United Kingdom,1200,1,2,375.0
12909.0,40,5,2178.67,1,High-Value Customers,United Kingdom,1280,78,5,435.73400000000004
12910.0,23,8,3075.04,1,High-Value Customers,United Kingdom,1692,48,8,384.38
12912.0,3,5,1662.3,0,Regular Customers,United Kingdom,670,17,5,332.46
12913.0,5,5,2483.63,1,High-Value Customers,United Kingdom,1419,37,5,496.726
12915.0,149,2,363.65,2,At-Risk Customers,United Kingdom,93,19,2,181.825
12916.0,139,4,3006.15,1,High-Value Customers,United Kingdom,1119,53,4,751.5375
12917.0,128,1,594.0,0,Regular Customers,United Kingdom,120,2,1,594.0
12919.0,8,6,1335.19,0,Regular Customers,United Kingdom,673,34,6,222.53166666666667
12920.0,17,1,164.23,0,Regular Customers,United Kingdom,129,27,1,164.23
12921.0,9,11,3693.227500000001,1,High-Value Customers,United Kingdom,9526,233,37,99.81695945945948
12922.0,161,1,405.38,2,At-Risk Customers,United Kingdom,370,28,1,405.38
12923.0,64,1,176.97,0,Regular Customers,United Kingdom,69,28,1,176.97
12924.0,88,4,933.7,0,Regular Customers,United Kingdom,481,22,4,233.425
12925.0,5,2,694.05,0,Regular Customers,United Kingdom,541,42,2,347.025
12928.0,35,5,2062.7000000000003,1,High-Value Customers,United Kingdom,1472,59,5,412.5400000000001
12929.0,312,1,117.85,2,At-Risk Customers,United Kingdom,37,8,1,117.85
12930.0,78,2,415.8,0,Regular Customers,United Kingdom,252,20,2,207.9
12931.0,22,11,3693.227500000001,1,High-Value Customers,United Kingdom,28004,28,15,246.21516666666673
12933.0,24,3,607.53,0,Regular Customers,United Kingdom,499,102,3,202.51
12935.0,2,7,2160.7,1,High-Value Customers,United Kingdom,1853,80,7,308.6714285714285
12936.0,17,4,1063.9,0,Regular Customers,United Kingdom,559,56,4,265.975
12937.0,15,4,1504.27,0,Regular Customers,United Kingdom,1007,81,4,376.0675
12938.0,26,1,114.14,0,Regular Customers,United Kingdom,140,9,1,114.14
12939.0,64,8,3693.227500000001,1,High-Value Customers,United Kingdom,4876,21,8,461.6534375000001
12940.0,55,2,913.54,0,Regular Customers,United Kingdom,411,87,2,456.77
12942.0,131,3,683.9,0,Regular Customers,United Kingdom,203,68,3,227.96666666666667
12944.0,36,2,604.51,0,Regular Customers,United Kingdom,289,29,2,302.255
12945.0,288,1,462.95,2,At-Risk Customers,United Kingdom,165,23,1,462.95
12947.0,144,6,1603.99,0,Regular Customers,United Kingdom,1165,83,6,267.33166666666665
12948.0,16,7,2064.95,1,High-Value Customers,United Kingdom,1080,82,7,294.99285714285713
12949.0,31,8,3693.227500000001,1,High-Value Customers,United Kingdom,2381,166,8,461.6534375000001
12950.0,2,3,1843.0,0,Regular Customers,United Kingdom,1380,13,3,614.3333333333334
12951.0,9,6,1064.07,0,Regular Customers,United Kingdom,503,53,6,177.345
12952.0,6,4,1387.79,0,Regular Customers,United Kingdom,653,64,4,346.9475
12953.0,10,1,329.85,0,Regular Customers,United Kingdom,84,17,1,329.85
12955.0,1,11,3693.227500000001,1,High-Value Customers,United Kingdom,3664,81,11,335.7479545454546
12956.0,306,1,108.07,2,At-Risk Customers,United Kingdom,34,19,1,108.07
12957.0,10,8,3693.227500000001,1,High-Value Customers,United Kingdom,2549,208,8,461.6534375000001
12962.0,7,2,266.39,0,Regular Customers,United Kingdom,129,15,2,133.195
12963.0,8,8,1856.63,1,High-Value Customers,United Kingdom,881,75,8,232.07875
12965.0,89,1,771.91,0,Regular Customers,United Kingdom,283,108,1,771.91
12966.0,10,1,160.18,0,Regular Customers,United Kingdom,75,10,1,160.18
12967.0,328,2,1660.9,2,At-Risk Customers,United Kingdom,438,19,2,830.45
12968.0,112,1,135.95,0,Regular Customers,United Kingdom,73,5,1,135.95
12970.0,7,4,452.24,0,Regular Customers,United Kingdom,310,116,4,113.06
12971.0,4,11,3693.227500000001,1,High-Value Customers,United Kingdom,9289,94,86,42.9445058139535
12974.0,198,1,144.8,2,At-Risk Customers,United Kingdom,24,8,1,144.8
12976.0,212,1,738.6,2,At-Risk Customers,United Kingdom,561,22,1,738.6
12977.0,156,1,39.239999999999995,2,At-Risk Customers,United Kingdom,12,9,1,39.239999999999995
12980.0,158,9,3693.227500000001,1,High-Value Customers,United Kingdom,886,6,9,410.3586111111112
12981.0,30,2,372.21999999999997,0,Regular Customers,United Kingdom,242,12,2,186.10999999999999
12982.0,243,1,390.54,2,At-Risk Customers,United Kingdom,288,28,1,390.54
12984.0,19,1,97.5,0,Regular Customers,United Kingdom,26,4,1,97.5
12985.0,1,2,1239.38,0,Regular Customers,United Kingdom,1533,73,2,619.69
12987.0,74,2,558.7,0,Regular Customers,United Kingdom,219,27,2,279.35
12988.0,292,1,535.32,2,At-Risk Customers,United Kingdom,136,75,1,535.32
12989.0,3,11,3693.227500000001,1,High-Value Customers,United Kingdom,2943,41,15,246.21516666666673
12990.0,31,3,409.5,0,Regular Customers,United Kingdom,200,8,3,136.5
12991.0,23,2,503.76,0,Regular Customers,United Kingdom,405,31,2,251.88
12993.0,23,4,414.76,0,Regular Customers,United Kingdom,240,26,4,103.69
12994.0,4,3,974.4200000000001,0,Regular Customers,United Kingdom,459,52,3,324.8066666666667
12995.0,85,1,211.32,0,Regular Customers,United Kingdom,108,3,1,211.32
12997.0,22,4,1226.89,0,Regular Customers,United Kingdom,664,45,4,306.7225
12999.0,196,3,455.88,2,At-Risk Customers,United Kingdom,342,25,3,151.96
13000.0,107,3,534.85,0,Regular Customers,United Kingdom,379,30,3,178.28333333333333
13001.0,4,11,3693.227500000001,1,High-Value Customers,United Kingdom,5505,166,13,284.09442307692314
13002.0,318,1,120.94999999999999,2,At-Risk Customers,United Kingdom,73,7,1,120.94999999999999
13003.0,106,3,149.05,0,Regular Customers,United Kingdom,103,4,3,49.68333333333334
13004.0,12,11,3693.227500000001,1,High-Value Customers,United Kingdom,4822,277,18,205.1793055555556
13005.0,174,2,513.7,2,At-Risk Customers,United Kingdom,172,21,2,256.85
13006.0,56,1,81.57,0,Regular Customers,United Kingdom,55,4,1,81.57
13008.0,323,1,229.46999999999997,2,At-Risk Customers,United Kingdom,175,14,1,229.46999999999997
13011.0,328,1,50.550000000000004,2,At-Risk Customers,United Kingdom,13,3,1,50.550000000000004
13012.0,9,8,1661.8400000000001,1,High-Value Customers,United Kingdom,824,67,8,207.73000000000002
13013.0,1,11,3693.227500000001,1,High-Value Customers,United Kingdom,2224,155,13,284.09442307692314
13014.0,11,10,3466.2799999999997,1,High-Value Customers,United Kingdom,905,67,10,346.628
13015.0,53,5,3346.28,1,High-Value Customers,United Kingdom,1617,156,5,669.2560000000001
13016.0,73,3,789.89,0,Regular Customers,United Kingdom,527,39,3,263.2966666666667
13017.0,7,1,204.0,0,Regular Customers,United Kingdom,48,1,1,204.0
13018.0,16,11,3693.227500000001,1,High-Value Customers,United Kingdom,5435,313,28,131.90098214285717
13021.0,4,9,2616.38,1,High-Value Customers,United Kingdom,1352,101,9,290.7088888888889
13023.0,64,2,689.9,0,Regular Customers,United Kingdom,286,36,2,344.95
13026.0,1,5,975.36,0,Regular Customers,United Kingdom,1620,32,5,195.072
13027.0,114,6,3693.227500000001,1,High-Value Customers,United Kingdom,17280,6,6,615.5379166666668
13028.0,23,2,661.3199999999999,0,Regular Customers,United Kingdom,798,40,2,330.65999999999997
13029.0,31,3,1247.5,0,Regular Customers,United Kingdom,134,8,3,415.8333333333333
13030.0,11,2,799.48,0,Regular Customers,United Kingdom,394,76,2,399.74
13032.0,52,2,1010.18,0,Regular Customers,United Kingdom,375,55,2,505.09
13033.0,328,1,190.55,2,At-Risk Customers,United Kingdom,83,11,1,190.55
13034.0,55,2,642.77,0,Regular Customers,United Kingdom,369,37,2,321.385
13035.0,74,2,921.88,0,Regular Customers,United Kingdom,644,23,2,460.94
13037.0,138,3,881.07,0,Regular Customers,United Kingdom,431,44,3,293.69
13038.0,80,3,908.46,0,Regular Customers,United Kingdom,360,24,3,302.82
13040.0,9,2,676.99,0,Regular Customers,United Kingdom,355,38,2,338.495
13043.0,273,1,516.42,2,At-Risk Customers,United Kingdom,254,13,1,516.42
13044.0,291,1,560.47,2,At-Risk Customers,United Kingdom,429,33,1,560.47
13045.0,99,1,305.28000000000003,0,Regular Customers,United Kingdom,221,18,1,305.28000000000003
13046.0,31,2,629.31,0,Regular Customers,United Kingdom,264,33,2,314.655
13047.0,32,10,3237.54,1,High-Value Customers,United Kingdom,1391,106,10,323.754
13048.0,14,4,1835.91,0,Regular Customers,United Kingdom,1238,77,4,458.9775
13049.0,64,2,656.6800000000001,0,Regular Customers,United Kingdom,268,14,2,328.34000000000003
13050.0,15,11,3693.227500000001,1,High-Value Customers,United Kingdom,3748,246,17,217.2486764705883
13052.0,212,1,348.15000000000003,2,At-Risk Customers,United Kingdom,222,18,1,348.15000000000003
13055.0,78,3,1214.41,0,Regular Customers,United Kingdom,894,74,3,404.80333333333334
13058.0,25,3,271.40000000000003,0,Regular Customers,United Kingdom,52,5,3,90.46666666666668
13059.0,250,1,183.4,2,At-Risk Customers,United Kingdom,35,8,1,183.4
13060.0,254,1,307.53,2,At-Risk Customers,United Kingdom,123,15,1,307.53
13061.0,72,1,248.61,0,Regular Customers,United Kingdom,107,10,1,248.61
13062.0,191,1,346.98,2,At-Risk Customers,United Kingdom,343,11,1,346.98
13064.0,13,4,1119.49,0,Regular Customers,United Kingdom,516,51,4,279.8725
13065.0,328,1,205.86,2,At-Risk Customers,United Kingdom,74,14,1,205.86
13066.0,24,2,470.8,0,Regular Customers,United Kingdom,322,48,2,235.4
13067.0,82,1,115.46000000000001,0,Regular Customers,United Kingdom,32,14,1,115.46000000000001
13068.0,10,2,344.0,0,Regular Customers,United Kingdom,200,1,2,172.0
13069.0,1,11,3693.227500000001,1,High-Value Customers,United Kingdom,5885,281,24,153.8844791666667
13070.0,192,1,228.8,2,At-Risk Customers,United Kingdom,110,9,1,228.8
13072.0,267,1,177.15,2,At-Risk Customers,United Kingdom,69,7,1,177.15
13075.0,130,1,919.61,0,Regular Customers,United Kingdom,485,22,1,919.61
13077.0,1,4,729.27,0,Regular Customers,United Kingdom,863,99,4,182.3175
13078.0,3,11,3693.227500000001,1,High-Value Customers,United Kingdom,5630,95,26,142.04721153846157
13079.0,4,5,220.10000000000002,0,Regular Customers,United Kingdom,62,2,5,44.02
13080.0,179,1,58.08,2,At-Risk Customers,United Kingdom,120,6,1,58.08
13081.0,12,11,3693.227500000001,1,High-Value Customers,United Kingdom,19068,503,11,335.7479545454546
13082.0,126,9,3613.63,1,High-Value Customers,United Kingdom,4324,63,9,401.51444444444445
13083.0,4,2,303.75,0,Regular Customers,United Kingdom,187,15,2,151.875
13085.0,158,2,416.08000000000004,2,At-Risk Customers,United Kingdom,216,17,2,208.04000000000002
13089.0,3,11,3693.227500000001,1,High-Value Customers,United Kingdom,31070,636,97,38.07451030927836
13090.0,9,11,3693.227500000001,1,High-Value Customers,United Kingdom,2263,98,14,263.80196428571435
13091.0,28,1,345.82,0,Regular Customers,United Kingdom,466,21,1,345.82
13092.0,71,5,477.83,0,Regular Customers,United Kingdom,279,19,5,95.566
13093.0,276,8,3693.227500000001,1,High-Value Customers,United Kingdom,3961,97,8,461.6534375000001
13094.0,21,11,1927.3200000000002,1,High-Value Customers,United Kingdom,1716,4,12,160.61
13095.0,71,1,74.39999999999999,0,Regular Customers,United Kingdom,144,6,1,74.39999999999999
13097.0,33,10,3693.227500000001,1,High-Value Customers,United Kingdom,2363,214,10,369.3227500000001
13098.0,1,11,3693.227500000001,1,High-Value Customers,United Kingdom,15968,156,28,131.90098214285717
13099.0,99,1,207.35999999999999,0,Regular Customers,United Kingdom,288,1,1,207.35999999999999
13101.0,234,1,101.19,2,At-Risk Customers,United Kingdom,113,8,1,101.19
13102.0,1,11,3693.227500000001,1,High-Value Customers,United Kingdom,4204,140,24,153.8844791666667
13103.0,40,1,243.94,0,Regular Customers,United Kingdom,82,8,1,243.94
13104.0,3,6,1098.48,0,Regular Customers,United Kingdom,504,14,6,183.08
13106.0,133,1,76.5,0,Regular Customers,United Kingdom,18,1,1,76.5
13107.0,44,4,1531.6200000000001,0,Regular Customers,United Kingdom,1293,54,4,382.90500000000003
13108.0,328,1,350.06,2,At-Risk Customers,United Kingdom,298,10,1,350.06
13109.0,60,2,786.54,0,Regular Customers,United Kingdom,520,41,2,393.27
13110.0,31,7,1488.67,1,High-Value Customers,United Kingdom,388,109,7,212.66714285714286
13113.0,1,11,3693.227500000001,1,High-Value Customers,United Kingdom,3045,95,24,153.8844791666667
13115.0,12,4,2294.78,0,Regular Customers,United Kingdom,1567,88,4,573.695
13116.0,138,1,501.14,0,Regular Customers,United Kingdom,291,30,1,501.14
13117.0,22,8,984.91,1,High-Value Customers,United Kingdom,945,66,8,123.11375
13118.0,20,5,1197.81,0,Regular Customers,United Kingdom,410,68,5,239.56199999999998
13120.0,239,1,30.599999999999998,2,At-Risk Customers,United Kingdom,12,1,1,30.599999999999998
13121.0,269,1,283.73,2,At-Risk Customers,United Kingdom,252,50,1,283.73
13122.0,94,2,922.39,0,Regular Customers,United Kingdom,585,54,2,461.195
13124.0,90,3,3693.227500000001,1,High-Value Customers,United Kingdom,2147,185,3,1231.0758333333335
13126.0,5,8,2099.64,1,High-Value Customers,United Kingdom,2143,124,8,262.455
13127.0,78,1,259.17,0,Regular Customers,United Kingdom,127,15,1,259.17
13130.0,94,1,64.0,0,Regular Customers,United Kingdom,32,2,1,64.0
13131.0,23,3,1073.3,0,Regular Customers,United Kingdom,447,30,3,357.76666666666665
13132.0,262,1,77.3,2,At-Risk Customers,United Kingdom,20,3,1,77.3
13133.0,274,2,109.8,2,At-Risk Customers,United Kingdom,32,7,2,54.9
13134.0,86,4,1793.58,0,Regular Customers,United Kingdom,1059,94,4,448.395
13135.0,197,1,3096.0,2,At-Risk Customers,United Kingdom,4300,1,1,3096.0
13136.0,56,5,2607.61,1,High-Value Customers,United Kingdom,1328,94,5,521.522
13137.0,11,8,3650.41,1,High-Value Customers,United Kingdom,2226,345,8,456.30125
13138.0,22,6,962.39,0,Regular Customers,United Kingdom,473,31,6,160.39833333333334
13139.0,16,7,3693.227500000001,1,High-Value Customers,United Kingdom,2425,132,7,527.6039285714287
13140.0,108,3,423.72,0,Regular Customers,United Kingdom,186,40,3,141.24
13141.0,85,5,2388.75,1,High-Value Customers,United Kingdom,1548,113,5,477.75
13142.0,19,1,307.09,0,Regular Customers,United Kingdom,258,23,1,307.09
13144.0,328,1,110.95,2,At-Risk Customers,United Kingdom,21,3,1,110.95
13145.0,40,4,618.52,0,Regular Customers,United Kingdom,145,5,4,154.63
13146.0,26,1,228.91,0,Regular Customers,United Kingdom,154,16,1,228.91
13147.0,10,4,712.8000000000001,0,Regular Customers,United Kingdom,144,1,4,178.20000000000002
13148.0,29,11,3693.227500000001,1,High-Value Customers,United Kingdom,1975,231,12,307.7689583333334
13149.0,14,4,1676.06,0,Regular Customers,United Kingdom,1280,76,4,419.015
13151.0,296,1,1257.8700000000001,2,At-Risk Customers,United Kingdom,363,73,1,1257.8700000000001
13153.0,6,1,486.22,0,Regular Customers,United Kingdom,418,15,1,486.22
13155.0,33,4,971.76,0,Regular Customers,United Kingdom,497,67,4,242.94
13157.0,49,4,1741.22,0,Regular Customers,United Kingdom,1439,69,4,435.305
13158.0,95,4,1201.06,0,Regular Customers,United Kingdom,784,59,4,300.265
13159.0,9,4,1437.85,0,Regular Customers,United Kingdom,1059,114,4,359.4625
13160.0,22,1,91.8,0,Regular Customers,United Kingdom,56,4,1,91.8
13161.0,313,1,112.75,2,At-Risk Customers,United Kingdom,29,8,1,112.75
13162.0,122,4,1688.29,0,Regular Customers,United Kingdom,1713,74,4,422.0725
13165.0,46,2,1021.48,0,Regular Customers,United Kingdom,1376,40,2,510.74
13166.0,283,1,417.2,2,At-Risk Customers,United Kingdom,216,39,1,417.2
13167.0,19,4,791.33,0,Regular Customers,United Kingdom,785,51,4,197.8325
13168.0,36,4,1319.19,0,Regular Customers,United Kingdom,682,102,4,329.7975
13169.0,64,2,712.88,0,Regular Customers,United Kingdom,272,11,2,356.44
13170.0,27,1,116.00999999999999,0,Regular Customers,United Kingdom,147,29,1,116.00999999999999
13171.0,22,3,468.41,0,Regular Customers,United Kingdom,229,37,3,156.13666666666668
13173.0,4,2,353.65,0,Regular Customers,United Kingdom,277,41,2,176.825
13174.0,16,3,2817.03,1,High-Value Customers,United Kingdom,1395,228,3,939.0100000000001
13176.0,46,1,492.84,0,Regular Customers,United Kingdom,453,66,1,492.84
13177.0,65,1,282.45,0,Regular Customers,United Kingdom,91,17,1,282.45
13178.0,26,11,3693.227500000001,1,High-Value Customers,United Kingdom,3570,95,11,335.7479545454546
13182.0,45,1,121.18,0,Regular Customers,United Kingdom,201,11,1,121.18
13183.0,8,9,3693.227500000001,1,High-Value Customers,United Kingdom,2208,51,9,410.3586111111112
13184.0,15,10,1701.29,1,High-Value Customers,United Kingdom,1692,138,10,170.129
13185.0,268,1,71.4,2,At-Risk Customers,United Kingdom,12,1,1,71.4
13186.0,40,3,1575.89,0,Regular Customers,United Kingdom,820,69,3,525.2966666666667
13187.0,328,1,236.02,2,At-Risk Customers,United Kingdom,95,37,1,236.02
13188.0,11,1,114.60000000000001,0,Regular Customers,United Kingdom,25,2,1,114.60000000000001
13189.0,19,2,260.68,0,Regular Customers,United Kingdom,842,29,2,130.34
13192.0,95,2,911.94,0,Regular Customers,United Kingdom,595,57,2,455.97
13193.0,61,1,117.88,0,Regular Customers,United Kingdom,50,22,1,117.88
13194.0,136,1,60.7,0,Regular Customers,United Kingdom,26,3,1,60.7
13196.0,11,4,1797.78,0,Regular Customers,United Kingdom,1224,97,4,449.445
13198.0,10,6,3401.2400000000002,1,High-Value Customers,United Kingdom,2648,199,6,566.8733333333333
13199.0,4,11,3693.227500000001,1,High-Value Customers,United Kingdom,6176,48,38,97.19019736842108
13200.0,19,4,870.09,0,Regular Customers,United Kingdom,516,42,4,217.5225
13203.0,10,4,869.46,0,Regular Customers,United Kingdom,800,56,4,217.365
13207.0,15,2,250.26000000000002,0,Regular Customers,United Kingdom,130,7,2,125.13000000000001
13208.0,59,6,1223.9,0,Regular Customers,United Kingdom,804,124,6,203.98333333333335
13209.0,30,8,3693.227500000001,1,High-Value Customers,United Kingdom,4253,255,8,461.6534375000001
13210.0,94,1,353.48,0,Regular Customers,United Kingdom,316,22,1,353.48
13211.0,10,3,1197.42,0,Regular Customers,United Kingdom,874,45,3,399.14000000000004
13212.0,20,3,788.08,0,Regular Customers,United Kingdom,310,128,3,262.6933333333333
13213.0,57,5,1520.58,0,Regular Customers,United Kingdom,1360,82,5,304.116
13216.0,268,1,333.74,2,At-Risk Customers,United Kingdom,297,5,1,333.74
13217.0,122,3,533.98,0,Regular Customers,United Kingdom,262,3,3,177.99333333333334
13218.0,127,1,62.63999999999999,0,Regular Customers,United Kingdom,88,5,1,62.63999999999999
13220.0,78,4,819.2900000000001,0,Regular Customers,United Kingdom,196,18,4,204.82250000000002
13221.0,240,2,847.41,2,At-Risk Customers,United Kingdom,244,62,2,423.705
13223.0,200,2,163.20000000000002,2,At-Risk Customers,United Kingdom,88,5,2,81.60000000000001
13224.0,60,2,2155.95,0,Regular Customers,United Kingdom,1518,101,2,1077.975
13225.0,3,7,3693.227500000001,1,High-Value Customers,United Kingdom,3416,23,7,527.6039285714287
13226.0,273,1,108.21000000000001,2,At-Risk Customers,United Kingdom,80,16,1,108.21000000000001
13227.0,202,1,257.7,2,At-Risk Customers,United Kingdom,99,9,1,257.7
13228.0,81,1,358.0,0,Regular Customers,United Kingdom,200,2,1,358.0
13229.0,226,1,160.95,2,At-Risk Customers,United Kingdom,63,10,1,160.95
13230.0,4,11,2806.97,1,High-Value Customers,United Kingdom,1665,393,14,200.49785714285713
13232.0,13,7,1357.6,1,High-Value Customers,United Kingdom,778,147,7,193.94285714285712
13233.0,74,2,605.12,0,Regular Customers,United Kingdom,1004,43,2,302.56
13235.0,212,1,1031.07,2,At-Risk Customers,United Kingdom,441,53,1,1031.07
13236.0,25,2,744.85,0,Regular Customers,United Kingdom,416,34,2,372.425
13238.0,17,4,700.73,0,Regular Customers,United Kingdom,298,20,4,175.1825
13239.0,262,1,329.56,2,At-Risk Customers,United Kingdom,327,21,1,329.56
13240.0,96,4,663.65,0,Regular Customers,United Kingdom,298,59,4,165.9125
13242.0,112,3,270.40000000000003,0,Regular Customers,United Kingdom,130,12,3,90.13333333333334
13243.0,203,1,600.07,2,At-Risk Customers,United Kingdom,233,56,1,600.07
13244.0,93,1,121.74000000000001,0,Regular Customers,United Kingdom,38,27,1,121.74000000000001
13245.0,51,1,430.5,0,Regular Customers,United Kingdom,125,16,1,430.5
13246.0,18,6,1987.3,1,High-Value Customers,United Kingdom,1602,110,6,331.21666666666664
13247.0,18,4,501.12,0,Regular Customers,United Kingdom,328,18,4,125.28
13248.0,125,2,465.68,0,Regular Customers,United Kingdom,305,25,2,232.84
13249.0,92,3,711.41,0,Regular Customers,United Kingdom,546,21,3,237.13666666666666
13253.0,157,2,1030.4,2,At-Risk Customers,United Kingdom,1572,35,2,515.2
13255.0,9,2,399.51,0,Regular Customers,United Kingdom,177,13,2,199.755
13258.0,12,3,698.58,0,Regular Customers,United Kingdom,287,28,3,232.86
13259.0,62,1,292.32,0,Regular Customers,United Kingdom,132,77,1,292.32
13260.0,61,1,557.62,0,Regular Customers,United Kingdom,142,8,1,557.62
13261.0,269,2,944.1,2,At-Risk Customers,United Kingdom,210,8,2,472.05
13262.0,263,1,200.29,2,At-Risk Customers,United Kingdom,125,11,1,200.29
13263.0,1,11,3693.227500000001,1,High-Value Customers,United Kingdom,4780,450,35,105.52078571428574
13265.0,53,5,2107.66,1,High-Value Customers,United Kingdom,1752,66,5,421.532
13266.0,11,11,3693.227500000001,1,High-Value Customers,United Kingdom,4428,82,12,307.7689583333334
13267.0,3,11,3693.227500000001,1,High-Value Customers,United Kingdom,1969,88,19,194.38039473684216
13268.0,18,11,3214.69,1,High-Value Customers,United Kingdom,3658,257,11,292.24454545454546
13269.0,1,11,3693.227500000001,1,High-Value Customers,United Kingdom,3514,177,15,246.21516666666673
13270.0,328,1,590.0,2,At-Risk Customers,United Kingdom,200,1,1,590.0
13271.0,37,1,217.38,0,Regular Customers,United Kingdom,253,79,1,217.38
13272.0,31,2,276.56,0,Regular Customers,United Kingdom,96,15,2,138.28
13273.0,113,1,138.98,0,Regular Customers,United Kingdom,153,16,1,138.98
13276.0,64,2,590.9300000000001,0,Regular Customers,United Kingdom,161,30,2,295.46500000000003
13277.0,16,4,258.4,0,Regular Customers,United Kingdom,176,5,4,64.6
13278.0,41,1,542.73,0,Regular Customers,United Kingdom,537,46,1,542.73
13279.0,78,1,137.75,0,Regular Customers,United Kingdom,73,9,1,137.75
13280.0,122,3,814.86,0,Regular Customers,United Kingdom,522,67,3,271.62
13282.0,18,3,1132.14,0,Regular Customers,United Kingdom,307,29,3,377.38000000000005
13283.0,60,2,93.66,0,Regular Customers,United Kingdom,90,7,2,46.83
13284.0,328,1,201.19,2,At-Risk Customers,United Kingdom,91,13,1,201.19
13285.0,23,4,2709.12,1,High-Value Customers,United Kingdom,2051,157,4,677.28
13291.0,156,1,361.11,2,At-Risk Customers,United Kingdom,233,41,1,361.11
13292.0,39,2,578.9399999999999,0,Regular Customers,United Kingdom,347,29,2,289.46999999999997
13294.0,190,2,873.74,2,At-Risk Customers,United Kingdom,453,48,2,436.87
13295.0,328,1,201.20000000000002,2,At-Risk Customers,United Kingdom,82,10,1,201.20000000000002
13296.0,137,1,87.4,2,At-Risk Customers,United Kingdom,78,5,1,87.4
13297.0,8,4,2089.85,0,Regular Customers,United Kingdom,963,52,4,522.4625
13298.0,1,1,360.0,0,Regular Customers,United Kingdom,96,2,1,360.0
13299.0,268,1,142.5,2,At-Risk Customers,United Kingdom,30,5,1,142.5
13300.0,169,1,371.89,2,At-Risk Customers,United Kingdom,203,20,1,371.89
13301.0,104,4,618.09,0,Regular Customers,United Kingdom,345,75,4,154.5225
13302.0,155,1,63.75,2,At-Risk Customers,United Kingdom,5,1,1,63.75
13304.0,328,1,300.42,2,At-Risk Customers,United Kingdom,238,21,1,300.42
13305.0,4,10,2000.86,1,High-Value Customers,United Kingdom,1232,50,10,200.08599999999998
13307.0,120,1,15.0,0,Regular Customers,United Kingdom,4,1,1,15.0
13308.0,23,3,1385.51,0,Regular Customers,United Kingdom,843,49,3,461.83666666666664
13309.0,7,5,1456.79,0,Regular Customers,United Kingdom,1544,82,5,291.358
13310.0,28,3,1132.03,0,Regular Customers,United Kingdom,587,65,3,377.3433333333333
13311.0,4,2,598.57,0,Regular Customers,United Kingdom,305,25,2,299.285
13313.0,22,5,1555.32,0,Regular Customers,United Kingdom,851,47,5,311.06399999999996
13314.0,2,3,775.94,0,Regular Customers,United Kingdom,560,55,3,258.6466666666667
13316.0,37,4,3693.227500000001,1,High-Value Customers,United Kingdom,6948,66,4,923.3068750000002
13317.0,66,6,2273.68,1,High-Value Customers,United Kingdom,1035,100,6,378.94666666666666
13318.0,1,3,640.76,0,Regular Customers,United Kingdom,304,14,3,213.58666666666667
13319.0,5,11,3693.227500000001,1,High-Value Customers,United Kingdom,4724,209,26,142.04721153846157
13320.0,78,4,1548.7,0,Regular Customers,United Kingdom,1096,77,4,387.175
13321.0,72,2,567.36,0,Regular Customers,United Kingdom,372,10,2,283.68
13322.0,17,1,199.48000000000002,0,Regular Customers,United Kingdom,117,25,1,199.48000000000002
13323.0,3,5,787.85,0,Regular Customers,United Kingdom,175,6,5,157.57
13324.0,36,10,3693.227500000001,1,High-Value Customers,United Kingdom,5205,25,10,369.3227500000001
13325.0,82,1,675.3,0,Regular Customers,United Kingdom,240,12,1,675.3
13327.0,39,8,3627.77,1,High-Value Customers,United Kingdom,1600,74,8,453.47125
13328.0,316,1,1308.48,2,At-Risk Customers,United Kingdom,680,17,1,1308.48
13329.0,32,2,789.0,0,Regular Customers,United Kingdom,463,16,2,394.5
13330.0,93,3,1140.93,0,Regular Customers,United Kingdom,751,37,3,380.31
13332.0,14,1,350.9,0,Regular Customers,United Kingdom,179,21,1,350.9
13334.0,82,3,3536.82,1,High-Value Customers,United Kingdom,1774,207,3,1178.94
13336.0,77,1,795.12,0,Regular Customers,United Kingdom,559,51,1,795.12
13338.0,158,1,487.02,2,At-Risk Customers,United Kingdom,256,19,1,487.02
13339.0,201,1,860.12,2,At-Risk Customers,United Kingdom,326,54,1,860.12
13340.0,45,7,3693.227500000001,1,High-Value Customers,United Kingdom,5770,128,7,527.6039285714287
13341.0,261,1,775.85,2,At-Risk Customers,United Kingdom,301,42,1,775.85
13343.0,178,1,353.43,2,At-Risk Customers,United Kingdom,135,19,1,353.43
13344.0,68,3,2543.72,0,Regular Customers,United Kingdom,971,115,3,847.9066666666666
13345.0,288,1,389.5,2,At-Risk Customers,United Kingdom,141,20,1,389.5
13347.0,70,1,341.36,0,Regular Customers,United Kingdom,205,8,1,341.36
13348.0,64,1,233.76,0,Regular Customers,United Kingdom,136,14,1,233.76
13349.0,11,1,247.32,0,Regular Customers,United Kingdom,225,16,1,247.32
13350.0,16,2,979.12,0,Regular Customers,United Kingdom,287,36,2,489.56
13351.0,66,1,373.94,0,Regular Customers,United Kingdom,117,16,1,373.94
13352.0,60,1,397.97999999999996,0,Regular Customers,United Kingdom,321,24,1,397.97999999999996
13354.0,71,1,743.53,0,Regular Customers,United Kingdom,604,51,1,743.53
13355.0,122,1,674.7,0,Regular Customers,United Kingdom,314,32,1,674.7
13356.0,80,1,768.24,0,Regular Customers,United Kingdom,325,42,1,768.24
13357.0,257,1,609.95,2,At-Risk Customers,United Kingdom,322,85,1,609.95
13358.0,269,1,439.03,2,At-Risk Customers,United Kingdom,285,29,1,439.03
13359.0,64,1,439.56,0,Regular Customers,United Kingdom,161,23,1,439.56
13362.0,9,4,3090.7400000000002,1,High-Value Customers,United Kingdom,1382,128,4,772.6850000000001
13363.0,18,2,992.5,0,Regular Customers,United Kingdom,710,47,2,496.25
13364.0,71,1,134.95999999999998,0,Regular Customers,United Kingdom,71,10,1,134.95999999999998
13365.0,34,2,2225.37,0,Regular Customers,United Kingdom,1247,122,2,1112.685
13366.0,50,1,56.160000000000004,0,Regular Customers,United Kingdom,144,1,1,56.160000000000004
13368.0,257,2,623.4,2,At-Risk Customers,United Kingdom,327,29,2,311.7
13369.0,328,1,308.28000000000003,2,At-Risk Customers,United Kingdom,149,14,1,308.28000000000003
13370.0,328,1,754.87,2,At-Risk Customers,United Kingdom,343,39,1,754.87
13372.0,90,1,378.64,0,Regular Customers,United Kingdom,159,23,1,378.64
13373.0,61,3,3312.25,1,High-Value Customers,United Kingdom,1651,135,3,1104.0833333333333
13375.0,89,1,778.65,0,Regular Customers,United Kingdom,442,37,1,778.65
13376.0,99,3,1019.76,0,Regular Customers,United Kingdom,493,45,3,339.92
13379.0,26,3,572.56,0,Regular Customers,United Kingdom,601,85,3,190.85333333333332
13381.0,32,6,3639.31,1,High-Value Customers,United Kingdom,2029,77,6,606.5516666666666
13382.0,281,1,222.99,2,At-Risk Customers,United Kingdom,131,15,1,222.99
13384.0,31,7,3693.227500000001,1,High-Value Customers,United Kingdom,2422,123,7,527.6039285714287
13385.0,328,1,534.57,2,At-Risk Customers,United Kingdom,281,35,1,534.57
13388.0,131,2,677.1,0,Regular Customers,United Kingdom,282,35,2,338.55
13389.0,11,3,797.96,0,Regular Customers,United Kingdom,429,50,3,265.9866666666667
13390.0,75,1,544.08,0,Regular Customers,United Kingdom,224,13,1,544.08
13391.0,204,1,59.8,2,At-Risk Customers,United Kingdom,4,1,1,59.8
13394.0,2,8,2520.02,1,High-Value Customers,United Kingdom,2392,124,8,315.0025
13395.0,185,1,307.72,2,At-Risk Customers,United Kingdom,336,21,1,307.72
13396.0,29,2,1360.99,0,Regular Customers,United Kingdom,600,42,2,680.495
13397.0,73,5,1544.13,0,Regular Customers,United Kingdom,430,28,5,308.826
13398.0,192,1,457.34,2,At-Risk Customers,United Kingdom,281,26,1,457.34
13402.0,127,2,621.23,0,Regular Customers,United Kingdom,479,32,2,310.615
13403.0,18,1,75.0,0,Regular Customers,United Kingdom,44,3,1,75.0
13404.0,1,2,252.49,0,Regular Customers,United Kingdom,111,11,2,126.245
13405.0,74,3,572.451,0,Regular Customers,United Kingdom,165,25,3,190.817
13408.0,2,11,3693.227500000001,1,High-Value Customers,United Kingdom,16232,234,62,59.568185483870984
13410.0,24,5,1003.06,0,Regular Customers,United Kingdom,518,15,5,200.612
13411.0,107,1,213.55,0,Regular Customers,United Kingdom,72,17,1,213.55
13414.0,134,3,1390.5,0,Regular Customers,United Kingdom,1574,23,3,463.5
13416.0,44,2,712.5,0,Regular Customers,United Kingdom,142,11,2,356.25
13417.0,5,2,640.83,0,Regular Customers,United Kingdom,162,26,2,320.415
13418.0,12,11,3693.227500000001,1,High-Value Customers,United Kingdom,3918,223,18,205.1793055555556
13419.0,64,1,221.06,0,Regular Customers,United Kingdom,275,16,1,221.06
13420.0,150,2,159.85,2,At-Risk Customers,United Kingdom,101,8,2,79.925
13421.0,40,2,1851.08,0,Regular Customers,United Kingdom,1181,88,2,925.54
13422.0,64,1,2626.3,0,Regular Customers,United Kingdom,1326,127,1,2626.3
13425.0,108,3,1624.21,0,Regular Customers,United Kingdom,1123,66,3,541.4033333333333
13426.0,1,10,3641.32,1,High-Value Customers,United Kingdom,2245,103,10,364.132
13427.0,19,3,582.6,0,Regular Customers,United Kingdom,545,25,3,194.20000000000002
13428.0,10,1,218.47,0,Regular Customers,United Kingdom,156,70,1,218.47
13429.0,11,4,1006.8,0,Regular Customers,United Kingdom,1390,55,4,251.7
13430.0,19,2,679.45,0,Regular Customers,United Kingdom,751,48,2,339.725
13431.0,67,2,1269.1,0,Regular Customers,United Kingdom,672,44,2,634.55
13434.0,74,2,534.24,0,Regular Customers,United Kingdom,300,9,2,267.12
13435.0,5,7,3693.227500000001,1,High-Value Customers,United Kingdom,2129,68,7,527.6039285714287
13436.0,2,1,196.89,0,Regular Customers,United Kingdom,76,12,1,196.89
13437.0,14,7,3408.06,1,High-Value Customers,United Kingdom,1283,143,7,486.86571428571426
13439.0,255,1,283.71,2,At-Risk Customers,United Kingdom,242,54,1,283.71
13441.0,92,1,296.64,0,Regular Customers,United Kingdom,204,13,1,296.64
13447.0,23,3,1129.14,0,Regular Customers,United Kingdom,584,55,3,376.38000000000005
13448.0,17,6,3539.37,1,High-Value Customers,United Kingdom,1660,137,6,589.895
13449.0,24,1,291.88,0,Regular Customers,United Kingdom,222,19,1,291.88
13450.0,27,6,2043.7199999999998,1,High-Value Customers,United Kingdom,1982,32,6,340.61999999999995
13451.0,26,5,2976.15,1,High-Value Customers,United Kingdom,2149,315,5,595.23
13452.0,259,2,590.0,2,At-Risk Customers,United Kingdom,2,1,2,295.0
13453.0,166,2,356.97999999999996,2,At-Risk Customers,United Kingdom,134,16,2,178.48999999999998
13455.0,25,2,1058.34,0,Regular Customers,United Kingdom,354,42,2,529.17
13456.0,18,6,1766.72,1,High-Value Customers,United Kingdom,765,43,6,294.4533333333333
13458.0,7,11,3693.227500000001,1,High-Value Customers,United Kingdom,5508,242,14,263.80196428571435
13460.0,29,2,183.44,0,Regular Customers,United Kingdom,286,16,2,91.72
13461.0,39,3,1445.0,0,Regular Customers,United Kingdom,1170,14,3,481.6666666666667
13462.0,253,1,151.5,2,At-Risk Customers,United Kingdom,62,9,1,151.5
13464.0,58,1,674.68,0,Regular Customers,United Kingdom,403,41,1,674.68
13466.0,184,1,307.9,2,At-Risk Customers,United Kingdom,259,17,1,307.9
13467.0,11,2,1083.71,0,Regular Customers,United Kingdom,584,89,2,541.855
13468.0,2,11,3693.227500000001,1,High-Value Customers,United Kingdom,2589,184,37,99.81695945945948
13470.0,99,2,165.0,0,Regular Customers,United Kingdom,100,7,2,82.5
13471.0,1,4,2531.58,1,High-Value Customers,United Kingdom,1590,214,4,632.895
13473.0,61,2,422.64,0,Regular Customers,United Kingdom,266,21,2,211.32
13474.0,236,1,229.59,2,At-Risk Customers,United Kingdom,132,59,1,229.59
13475.0,191,4,1431.78,2,At-Risk Customers,United Kingdom,1012,64,4,357.945
13476.0,179,2,1238.47,2,At-Risk Customers,United Kingdom,417,56,2,619.235
13477.0,38,6,1454.58,0,Regular Customers,United Kingdom,1021,57,6,242.42999999999998
13479.0,201,2,300.95,2,At-Risk Customers,United Kingdom,134,14,2,150.475
13481.0,46,5,1804.56,0,Regular Customers,United Kingdom,1142,98,5,360.912
13482.0,232,1,184.64,2,At-Risk Customers,United Kingdom,116,11,1,184.64
13483.0,66,1,140.34,0,Regular Customers,United Kingdom,160,10,1,140.34
13484.0,241,1,313.8,2,At-Risk Customers,United Kingdom,44,8,1,313.8
13485.0,233,1,454.24,2,At-Risk Customers,United Kingdom,277,23,1,454.24
13486.0,78,3,1122.41,0,Regular Customers,United Kingdom,669,69,3,374.1366666666667
13487.0,58,3,575.4,0,Regular Customers,United Kingdom,265,26,3,191.79999999999998
13488.0,17,11,3693.227500000001,1,High-Value Customers,United Kingdom,4518,271,13,284.09442307692314
13489.0,105,4,449.52,0,Regular Customers,United Kingdom,560,11,4,112.38
13491.0,52,10,1215.82,1,High-Value Customers,United Kingdom,903,73,10,121.582
13492.0,136,3,1269.84,0,Regular Customers,Switzerland,408,38,3,423.28
13493.0,275,2,618.63,2,At-Risk Customers,Switzerland,380,6,2,309.315
13494.0,312,1,316.26000000000005,2,At-Risk Customers,United Kingdom,162,18,1,316.26000000000005
13495.0,8,5,2044.8700000000001,1,High-Value Customers,United Kingdom,829,34,5,408.97400000000005
13496.0,11,2,653.33,0,Regular Customers,United Kingdom,341,28,2,326.665
13497.0,283,2,348.05,2,At-Risk Customers,United Kingdom,163,19,2,174.025
13499.0,18,5,1159.11,0,Regular Customers,United Kingdom,1365,31,5,231.82199999999997
13500.0,23,3,1166.77,0,Regular Customers,United Kingdom,609,60,3,388.92333333333335
13501.0,288,1,1340.32,2,At-Risk Customers,Switzerland,560,52,1,1340.32
13502.0,17,3,292.0,0,Regular Customers,United Kingdom,264,17,3,97.33333333333333
13503.0,71,1,216.85,0,Regular Customers,United Kingdom,248,17,1,216.85
13504.0,64,1,295.93,0,Regular Customers,United Kingdom,178,22,1,295.93
13505.0,73,4,3693.227500000001,1,High-Value Customers,Switzerland,2486,182,4,923.3068750000002
13506.0,316,2,458.52,2,At-Risk Customers,United Kingdom,324,26,2,229.26
13507.0,3,4,2479.16,1,High-Value Customers,United Kingdom,1597,146,4,619.79
13508.0,244,1,110.97,2,At-Risk Customers,United Kingdom,24,12,1,110.97
13509.0,9,7,979.72,0,Regular Customers,United Kingdom,1106,27,7,139.96
13510.0,1,4,1791.56,0,Regular Customers,United Kingdom,1386,86,4,447.89
13512.0,261,1,251.21,2,At-Risk Customers,United Kingdom,143,15,1,251.21
13513.0,127,1,205.1,0,Regular Customers,United Kingdom,109,10,1,205.1
13514.0,74,1,152.20000000000002,0,Regular Customers,United Kingdom,40,4,1,152.20000000000002
13515.0,73,4,891.12,0,Regular Customers,United Kingdom,681,50,4,222.78
13516.0,21,3,1389.41,0,Regular Customers,United Kingdom,985,43,3,463.1366666666667
13517.0,60,3,2128.42,0,Regular Customers,United Kingdom,1369,125,3,709.4733333333334
13518.0,86,1,659.4399999999999,0,Regular Customers,United Kingdom,392,36,1,659.4399999999999
13519.0,78,1,122.75,0,Regular Customers,United Kingdom,23,8,1,122.75
13520.0,59,6,3624.35,1,High-Value Customers,Switzerland,1649,49,6,604.0583333333333
13521.0,1,3,1093.65,0,Regular Customers,United Kingdom,736,313,3,364.55
13522.0,30,1,125.80000000000001,0,Regular Customers,United Kingdom,44,5,1,125.80000000000001
13523.0,33,5,3693.227500000001,1,High-Value Customers,United Kingdom,1752,157,5,738.6455000000002
13524.0,41,5,680.1800000000001,0,Regular Customers,United Kingdom,324,17,5,136.036
13525.0,15,2,628.78,0,Regular Customers,United Kingdom,394,5,2,314.39
13527.0,34,7,2287.51,1,High-Value Customers,United Kingdom,1692,153,7,326.7871428571429
13529.0,79,2,307.76,0,Regular Customers,United Kingdom,74,15,2,153.88
13531.0,205,2,483.8,2,At-Risk Customers,United Kingdom,174,17,2,241.9
13532.0,34,1,210.31,0,Regular Customers,United Kingdom,129,66,1,210.31
13533.0,183,3,270.79,2,At-Risk Customers,United Kingdom,204,61,3,90.26333333333334
13534.0,2,11,3693.227500000001,1,High-Value Customers,United Kingdom,2961,119,25,147.72910000000005
13536.0,1,7,3448.29,1,High-Value Customers,United Kingdom,2136,91,7,492.61285714285714
13538.0,43,7,1280.85,1,High-Value Customers,United Kingdom,175,10,7,182.97857142857143
13539.0,86,3,631.34,0,Regular Customers,United Kingdom,320,35,3,210.4466666666667
13544.0,40,2,291.41,0,Regular Customers,United Kingdom,127,76,2,145.705
13546.0,12,3,626.99,0,Regular Customers,United Kingdom,359,72,3,208.99666666666667
13548.0,96,2,682.41,0,Regular Customers,United Kingdom,441,114,2,341.205
13549.0,26,7,918.2,0,Regular Customers,United Kingdom,458,37,7,131.17142857142858
13551.0,319,1,91.80000000000001,2,At-Risk Customers,United Kingdom,12,4,1,91.80000000000001
13552.0,66,11,3693.227500000001,1,High-Value Customers,United Kingdom,1417,82,12,307.7689583333334
13555.0,74,4,3693.227500000001,1,High-Value Customers,United Kingdom,2660,128,4,923.3068750000002
13557.0,28,2,584.06,0,Regular Customers,United Kingdom,546,31,2,292.03
13558.0,6,4,605.06,0,Regular Customers,United Kingdom,344,123,4,151.265
13560.0,7,1,174.37,0,Regular Customers,United Kingdom,64,32,1,174.37
13561.0,216,1,141.85999999999999,2,At-Risk Customers,United Kingdom,83,14,1,141.85999999999999
13562.0,82,3,1799.33,0,Regular Customers,United Kingdom,757,50,3,599.7766666666666
13563.0,84,2,777.53,0,Regular Customers,United Kingdom,209,49,2,388.765
13564.0,144,3,1749.02,0,Regular Customers,United Kingdom,661,68,3,583.0066666666667
13565.0,19,2,240.22,0,Regular Customers,United Kingdom,172,35,2,120.11
13566.0,41,2,874.71,0,Regular Customers,United Kingdom,575,134,2,437.355
13568.0,173,1,192.85,2,At-Risk Customers,United Kingdom,70,41,1,192.85
13569.0,17,2,373.75,0,Regular Customers,United Kingdom,164,73,2,186.875
13570.0,243,1,239.49,2,At-Risk Customers,United Kingdom,161,27,1,239.49
13571.0,13,11,2092.32,1,High-Value Customers,United Kingdom,1759,157,12,174.36
13572.0,206,1,1384.25,2,At-Risk Customers,United Kingdom,534,32,1,1384.25
13573.0,50,2,294.4,0,Regular Customers,United Kingdom,303,24,2,147.2
13575.0,23,5,732.0699999999999,0,Regular Customers,United Kingdom,449,41,5,146.414
13576.0,10,11,3693.227500000001,1,High-Value Customers,United Kingdom,2646,78,18,205.1793055555556
13577.0,25,4,1687.6000000000001,0,Regular Customers,United Kingdom,791,61,4,421.90000000000003
13579.0,15,2,467.04,0,Regular Customers,United Kingdom,176,19,2,233.52
13581.0,309,1,118.0,2,At-Risk Customers,United Kingdom,30,10,1,118.0
13583.0,156,1,781.03,2,At-Risk Customers,United Kingdom,725,53,1,781.03
13584.0,307,1,142.4,2,At-Risk Customers,United Kingdom,37,24,1,142.4
13587.0,64,1,712.4,0,Regular Customers,United Kingdom,180,8,1,712.4
13588.0,16,9,2478.95,1,High-Value Customers,United Kingdom,2606,131,9,275.43888888888887
13589.0,15,2,379.65,0,Regular Customers,United Kingdom,114,21,2,189.825
13590.0,11,6,1981.92,1,High-Value Customers,United Kingdom,1848,70,6,330.32
13591.0,65,3,1117.13,0,Regular Customers,United Kingdom,485,56,3,372.3766666666667
13592.0,36,4,247.95999999999998,0,Regular Customers,United Kingdom,84,15,4,61.989999999999995
13593.0,108,5,2037.0800000000002,0,Regular Customers,United Kingdom,731,77,5,407.41600000000005
13594.0,53,1,396.97,0,Regular Customers,United Kingdom,359,26,1,396.97
13596.0,6,2,697.04,0,Regular Customers,United Kingdom,406,133,2,348.52
13598.0,47,1,180.17000000000002,0,Regular Customers,United Kingdom,58,33,1,180.17000000000002
13599.0,1,11,3693.227500000001,1,High-Value Customers,United Kingdom,3294,171,21,175.86797619047624
13600.0,312,1,219.52,2,At-Risk Customers,United Kingdom,324,19,1,219.52
13601.0,45,2,693.32,0,Regular Customers,United Kingdom,548,90,2,346.66
13602.0,65,1,428.89,0,Regular Customers,United Kingdom,267,23,1,428.89
13603.0,26,1,164.34,0,Regular Customers,United Kingdom,164,27,1,164.34
13606.0,29,3,280.53999999999996,0,Regular Customers,United Kingdom,279,40,3,93.51333333333332
13607.0,40,1,678.01,0,Regular Customers,United Kingdom,290,93,1,678.01
13610.0,12,7,1131.88,0,Regular Customers,United Kingdom,516,165,7,161.69714285714286
13611.0,89,3,1171.8,0,Regular Customers,United Kingdom,766,67,3,390.59999999999997
13614.0,24,4,1610.46,0,Regular Customers,United Kingdom,570,171,4,402.615
13615.0,319,1,417.69,2,At-Risk Customers,United Kingdom,189,23,1,417.69
13617.0,40,3,544.18,0,Regular Customers,United Kingdom,300,31,3,181.39333333333332
13618.0,174,1,177.34,2,At-Risk Customers,United Kingdom,246,13,1,177.34
13621.0,117,1,213.85,0,Regular Customers,United Kingdom,343,19,1,213.85
13623.0,31,5,747.78,0,Regular Customers,United Kingdom,294,75,5,149.55599999999998
13626.0,253,1,257.23,2,At-Risk Customers,United Kingdom,209,19,1,257.23
13627.0,59,5,1638.47,0,Regular Customers,United Kingdom,1269,84,5,327.694
13629.0,23,11,3693.227500000001,1,High-Value Customers,United Kingdom,4372,28,11,335.7479545454546
13630.0,5,7,2031.78,1,High-Value Customers,United Kingdom,1391,51,7,290.2542857142857
13631.0,100,11,3070.42,1,High-Value Customers,United Kingdom,467,6,11,279.1290909090909
13632.0,25,5,2121.27,1,High-Value Customers,United Kingdom,1037,121,5,424.254
13634.0,33,5,1575.16,0,Regular Customers,United Kingdom,704,156,5,315.03200000000004
13635.0,68,1,1071.03,0,Regular Customers,United Kingdom,677,62,1,1071.03
13636.0,37,5,949.12,0,Regular Customers,United Kingdom,592,57,5,189.824
13637.0,52,3,810.5,0,Regular Customers,United Kingdom,409,79,3,270.1666666666667
13638.0,16,1,122.64,0,Regular Customers,United Kingdom,93,8,1,122.64
13639.0,74,1,1033.34,0,Regular Customers,United Kingdom,800,39,1,1033.34
13642.0,216,1,354.8,2,At-Risk Customers,United Kingdom,173,57,1,354.8
13643.0,31,3,519.44,0,Regular Customers,United Kingdom,273,24,3,173.14666666666668
13644.0,16,4,2624.26,1,High-Value Customers,United Kingdom,2067,144,4,656.065
13645.0,120,1,252.1,0,Regular Customers,United Kingdom,158,5,1,252.1
13647.0,10,4,1678.1200000000001,0,Regular Customers,United Kingdom,895,65,4,419.53000000000003
13649.0,257,2,346.6,2,At-Risk Customers,United Kingdom,139,23,2,173.3
13650.0,17,6,1836.34,1,High-Value Customers,United Kingdom,922,79,6,306.0566666666667
13651.0,35,2,94.2,0,Regular Customers,United Kingdom,33,6,2,47.1
13652.0,46,3,1095.08,0,Regular Customers,United Kingdom,578,48,3,365.02666666666664
13654.0,43,6,2707.33,1,High-Value Customers,United Kingdom,2182,157,6,451.22166666666664
13655.0,114,2,932.97,0,Regular Customers,United Kingdom,605,52,2,466.485
13656.0,165,2,379.65,2,At-Risk Customers,United Kingdom,490,49,2,189.825
13657.0,11,2,382.14,0,Regular Customers,United Kingdom,209,16,2,191.07
13658.0,10,5,2639.17,1,High-Value Customers,United Kingdom,1019,91,5,527.8340000000001
13659.0,206,2,1573.2,2,At-Risk Customers,United Kingdom,894,92,2,786.6
13662.0,86,3,897.76,0,Regular Customers,United Kingdom,543,50,3,299.25333333333333
13663.0,179,1,189.47,2,At-Risk Customers,United Kingdom,91,13,1,189.47
13666.0,60,3,84.65,0,Regular Customers,United Kingdom,41,12,3,28.21666666666667
13667.0,149,1,305.02,2,At-Risk Customers,United Kingdom,154,82,1,305.02
13668.0,3,11,3693.227500000001,1,High-Value Customers,United Kingdom,3742,284,21,175.86797619047624
13669.0,51,2,218.55,0,Regular Customers,United Kingdom,237,9,2,109.275
13670.0,75,1,349.7,0,Regular Customers,United Kingdom,282,25,1,349.7
13672.0,301,2,186.39000000000001,2,At-Risk Customers,United Kingdom,57,4,2,93.19500000000001
13673.0,19,2,396.92,0,Regular Customers,United Kingdom,119,47,2,198.46
13675.0,151,2,486.82000000000005,2,At-Risk Customers,United Kingdom,330,25,2,243.41000000000003
13678.0,152,1,232.6,2,At-Risk Customers,United Kingdom,924,16,1,232.6
13680.0,1,4,3693.227500000001,1,High-Value Customers,United Kingdom,1936,164,4,923.3068750000002
13681.0,18,4,827.83,0,Regular Customers,United Kingdom,360,37,4,206.9575
13682.0,187,1,59.5,2,At-Risk Customers,United Kingdom,10,3,1,59.5
13684.0,286,1,67.23,2,At-Risk Customers,United Kingdom,39,29,1,67.23
13685.0,3,7,3119.44,1,High-Value Customers,United Kingdom,5056,29,7,445.63428571428574
13686.0,183,1,72.0,2,At-Risk Customers,United Kingdom,70,8,1,72.0
13689.0,63,1,910.0,0,Regular Customers,United Kingdom,512,6,1,910.0
13690.0,59,1,172.25,0,Regular Customers,United Kingdom,67,9,1,172.25
13692.0,25,3,1488.32,0,Regular Customers,United Kingdom,1226,48,3,496.1066666666666
13694.0,4,11,3693.227500000001,1,High-Value Customers,United Kingdom,63312,366,50,73.86455000000002
13695.0,31,11,2504.13,1,High-Value Customers,United Kingdom,1603,46,15,166.942
13697.0,39,1,151.29999999999998,0,Regular Customers,United Kingdom,177,12,1,151.29999999999998
13699.0,155,1,308.58000000000004,2,At-Risk Customers,United Kingdom,66,14,1,308.58000000000004
13700.0,26,10,2265.12,1,High-Value Customers,United Kingdom,2304,139,10,226.512
13703.0,318,1,99.5,2,At-Risk Customers,United Kingdom,10,1,1,99.5
13704.0,5,9,2308.06,1,High-Value Customers,United Kingdom,1531,111,9,256.4511111111111
13705.0,8,3,711.86,0,Regular Customers,United Kingdom,363,25,3,237.28666666666666
13706.0,303,1,330.79,2,At-Risk Customers,United Kingdom,189,20,1,330.79
13707.0,267,2,806.41,2,At-Risk Customers,United Kingdom,351,48,2,403.205
13708.0,271,1,296.88,2,At-Risk Customers,United Kingdom,306,49,1,296.88
13709.0,4,11,3693.227500000001,1,High-Value Customers,United Kingdom,3516,244,13,284.09442307692314
13710.0,32,1,180.48,0,Regular Customers,United Kingdom,176,8,1,180.48
13711.0,219,2,252.06,2,At-Risk Customers,United Kingdom,140,11,2,126.03
13712.0,247,1,228.84,2,At-Risk Customers,United Kingdom,352,10,1,228.84
13715.0,281,5,1079.34,2,At-Risk Customers,United Kingdom,563,89,5,215.868
13716.0,269,1,138.28,2,At-Risk Customers,United Kingdom,138,21,1,138.28
13717.0,32,6,1445.01,0,Regular Customers,United Kingdom,1959,92,6,240.835
13718.0,246,2,306.55,2,At-Risk Customers,United Kingdom,173,9,2,153.275
13719.0,15,5,1041.68,0,Regular Customers,United Kingdom,609,56,5,208.336
13720.0,117,4,799.9,0,Regular Customers,United Kingdom,501,42,4,199.975
13721.0,36,1,524.14,0,Regular Customers,United Kingdom,316,28,1,524.14
13722.0,132,3,2375.41,0,Regular Customers,United Kingdom,1401,75,3,791.8033333333333
13723.0,217,1,199.85000000000002,2,At-Risk Customers,United Kingdom,43,6,1,199.85000000000002
13725.0,50,8,1980.56,1,High-Value Customers,United Kingdom,806,95,8,247.57
13726.0,39,2,1079.6599999999999,0,Regular Customers,United Kingdom,1054,39,2,539.8299999999999
13727.0,29,2,333.48,0,Regular Customers,United Kingdom,162,19,2,166.74
13728.0,37,6,1016.14,0,Regular Customers,United Kingdom,458,38,6,169.35666666666665
13730.0,136,2,752.6,0,Regular Customers,United Kingdom,488,38,2,376.3
13731.0,219,2,610.59,2,At-Risk Customers,United Kingdom,278,36,2,305.295
13732.0,28,1,491.86,0,Regular Customers,United Kingdom,498,33,1,491.86
13735.0,25,4,2885.2400000000002,1,High-Value Customers,United Kingdom,1130,158,4,721.3100000000001
13736.0,5,2,731.9,0,Regular Customers,United Kingdom,497,166,2,365.95
13737.0,200,1,339.59999999999997,2,At-Risk Customers,United Kingdom,125,29,1,339.59999999999997
13739.0,18,1,216.9,0,Regular Customers,United Kingdom,54,3,1,216.9
13740.0,241,1,350.75,2,At-Risk Customers,United Kingdom,425,23,1,350.75
13741.0,72,3,668.4300000000001,0,Regular Customers,United Kingdom,218,34,3,222.81000000000003
13742.0,17,11,3131.02,1,High-Value Customers,United Kingdom,1124,200,12,260.91833333333335
13743.0,3,7,1341.6,1,High-Value Customers,United Kingdom,1776,8,7,191.65714285714284
13744.0,95,2,1156.36,0,Regular Customers,United Kingdom,1249,54,2,578.18
13745.0,162,1,300.04,2,At-Risk Customers,United Kingdom,496,25,1,300.04
13747.0,328,1,79.6,2,At-Risk Customers,United Kingdom,8,1,1,79.6
13748.0,96,5,948.25,0,Regular Customers,United Kingdom,439,24,5,189.65
13750.0,54,5,1647.26,0,Regular Customers,United Kingdom,516,20,5,329.452
13751.0,288,1,296.25,2,At-Risk Customers,United Kingdom,152,9,1,296.25
13752.0,124,6,1186.28,0,Regular Customers,United Kingdom,876,64,6,197.71333333333334
13753.0,288,1,741.26,2,At-Risk Customers,United Kingdom,512,35,1,741.26
13754.0,152,2,282.59999999999997,2,At-Risk Customers,United Kingdom,214,11,2,141.29999999999998
13755.0,4,9,2161.35,1,High-Value Customers,United Kingdom,1264,232,9,240.14999999999998
13756.0,2,11,3693.227500000001,1,High-Value Customers,United Kingdom,3188,66,14,263.80196428571435
13758.0,12,7,3190.55,1,High-Value Customers,United Kingdom,1844,104,7,455.79285714285714
13759.0,33,2,659.4100000000001,0,Regular Customers,United Kingdom,287,24,2,329.70500000000004
13760.0,54,2,286.79,0,Regular Customers,United Kingdom,197,50,2,143.395
13761.0,50,2,1070.65,0,Regular Customers,United Kingdom,642,68,2,535.325
13762.0,219,1,306.72,2,At-Risk Customers,United Kingdom,272,7,1,306.72
13763.0,63,1,1714.96,0,Regular Customers,United Kingdom,728,15,1,1714.96
13764.0,71,3,1521.76,0,Regular Customers,United Kingdom,932,183,3,507.25333333333333
13767.0,2,11,3693.227500000001,1,High-Value Customers,United Kingdom,7322,55,37,99.81695945945948
13769.0,2,10,2796.51,1,High-Value Customers,United Kingdom,1163,73,10,279.651
13771.0,64,4,2634.45,1,High-Value Customers,United Kingdom,1477,114,4,658.6125
13772.0,34,3,1132.13,0,Regular Customers,United Kingdom,546,141,3,377.3766666666667
13774.0,82,1,345.0,0,Regular Customers,United Kingdom,192,22,1,345.0
13777.0,1,11,3693.227500000001,1,High-Value Customers,United Kingdom,12897,36,33,111.91598484848487
13778.0,103,1,178.7,0,Regular Customers,United Kingdom,70,9,1,178.7
13780.0,7,2,360.01,0,Regular Customers,United Kingdom,318,56,2,180.005
13781.0,251,1,127.84,2,At-Risk Customers,United Kingdom,30,17,1,127.84
13782.0,13,6,912.0,0,Regular Customers,United Kingdom,371,96,6,152.0
13784.0,10,11,2462.79,1,High-Value Customers,United Kingdom,2493,9,11,223.89
13786.0,328,1,230.39999999999998,2,At-Risk Customers,United Kingdom,136,7,1,230.39999999999998
13787.0,76,2,309.04,0,Regular Customers,United Kingdom,337,24,2,154.52
13790.0,4,1,348.8,0,Regular Customers,United Kingdom,748,45,1,348.8
13791.0,128,2,1516.0,0,Regular Customers,United Kingdom,1200,7,2,758.0
13792.0,66,2,195.55,0,Regular Customers,United Kingdom,92,13,2,97.775
13798.0,1,11,3693.227500000001,1,High-Value Customers,United Kingdom,23948,113,57,64.79346491228071
13799.0,117,2,688.86,0,Regular Customers,United Kingdom,402,32,2,344.43
13800.0,310,1,558.32,2,At-Risk Customers,United Kingdom,331,33,1,558.32
13801.0,67,1,324.8,0,Regular Customers,United Kingdom,168,23,1,324.8
13802.0,139,3,3693.227500000001,1,High-Value Customers,United Kingdom,2572,55,3,1231.0758333333335
13803.0,255,1,277.07,2,At-Risk Customers,United Kingdom,121,17,1,277.07
13804.0,31,7,2635.79,1,High-Value Customers,United Kingdom,1498,124,7,376.5414285714286
13805.0,52,2,924.6,0,Regular Customers,United Kingdom,1900,10,2,462.3
13806.0,64,1,256.38,0,Regular Customers,United Kingdom,56,10,1,256.38
13807.0,328,1,112.6,2,At-Risk Customers,United Kingdom,36,7,1,112.6
13808.0,6,5,1747.66,0,Regular Customers,United Kingdom,782,70,5,349.53200000000004
13809.0,305,1,155.05,2,At-Risk Customers,Cyprus,29,11,1,155.05
13810.0,29,3,1499.01,0,Regular Customers,Germany,312,32,3,499.67
13811.0,184,3,814.5,2,At-Risk Customers,Germany,68,7,3,271.5
13812.0,42,3,539.0,0,Regular Customers,Germany,333,33,3,179.66666666666666
13813.0,40,4,1366.8600000000001,0,Regular Customers,Germany,552,54,4,341.71500000000003
13814.0,92,2,1579.12,0,Regular Customers,Germany,864,37,2,789.56
13815.0,22,4,3693.227500000001,1,High-Value Customers,Germany,2560,132,4,923.3068750000002
13816.0,24,2,571.6700000000001,0,Regular Customers,Germany,269,25,2,285.83500000000004
13817.0,29,2,382.98,0,Regular Customers,Germany,211,20,2,191.49
13819.0,302,3,1140.35,2,At-Risk Customers,United Kingdom,1109,26,3,380.1166666666666
13821.0,145,2,385.64,2,At-Risk Customers,United Kingdom,153,51,2,192.82
13822.0,6,2,632.0,0,Regular Customers,United Kingdom,611,90,2,316.0
13823.0,19,2,957.66,0,Regular Customers,United Kingdom,439,39,2,478.83
13824.0,33,5,1698.94,0,Regular Customers,United Kingdom,768,34,5,339.788
13826.0,176,1,189.5,2,At-Risk Customers,United Kingdom,82,10,1,189.5
13827.0,58,3,412.05,0,Regular Customers,United Kingdom,141,83,3,137.35
13828.0,22,1,209.49,0,Regular Customers,United Kingdom,311,15,1,209.49
13831.0,16,6,2202.99,1,High-Value Customers,United Kingdom,745,58,6,367.16499999999996
13832.0,19,1,52.199999999999996,0,Regular Customers,United Kingdom,28,3,1,52.199999999999996
13833.0,159,1,384.8,2,At-Risk Customers,United Kingdom,118,28,1,384.8
13835.0,25,4,834.57,0,Regular Customers,United Kingdom,442,48,4,208.6425
13837.0,212,2,271.24,2,At-Risk Customers,United Kingdom,183,17,2,135.62
13838.0,6,4,691.73,0,Regular Customers,United Kingdom,263,144,4,172.9325
13841.0,253,1,85.0,2,At-Risk Customers,United Kingdom,100,1,1,85.0
13842.0,59,9,3385.62,1,High-Value Customers,United Kingdom,1768,155,9,376.18
13844.0,11,1,361.62,0,Regular Customers,United Kingdom,196,20,1,361.62
13845.0,65,1,312.98,0,Regular Customers,United Kingdom,182,9,1,312.98
13846.0,25,3,865.0600000000001,0,Regular Customers,United Kingdom,388,55,3,288.35333333333335
13848.0,92,3,1255.0,0,Regular Customers,United Kingdom,3700,3,3,418.3333333333333
13849.0,52,2,1537.95,0,Regular Customers,United Kingdom,1016,97,2,768.975
13850.0,129,1,1595.48,0,Regular Customers,United Kingdom,944,93,1,1595.48
13851.0,96,3,2651.46,0,Regular Customers,United Kingdom,1705,77,3,883.82
13853.0,57,1,1090.14,0,Regular Customers,United Kingdom,312,23,1,1090.14
13854.0,9,11,3693.227500000001,1,High-Value Customers,United Kingdom,2296,39,25,147.72910000000005
13856.0,169,3,388.5,2,At-Risk Customers,United Kingdom,494,10,3,129.5
13858.0,57,1,216.17,0,Regular Customers,United Kingdom,75,11,1,216.17
13859.0,326,1,201.16,2,At-Risk Customers,United Kingdom,129,27,1,201.16
13860.0,1,5,1245.9,0,Regular Customers,United Kingdom,591,58,5,249.18
13862.0,18,8,2209.36,1,High-Value Customers,United Kingdom,1688,97,8,276.17
13863.0,248,1,305.78,2,At-Risk Customers,United Kingdom,224,20,1,305.78
13865.0,58,4,501.56,0,Regular Customers,United Kingdom,204,26,4,125.39
13866.0,74,1,145.67000000000002,0,Regular Customers,United Kingdom,57,7,1,145.67000000000002
13867.0,31,3,1015.29,0,Regular Customers,United Kingdom,513,51,3,338.43
13868.0,7,2,3192.54,1,High-Value Customers,United Kingdom,1964,32,2,1596.27
13869.0,123,4,3104.95,1,High-Value Customers,United Kingdom,1721,234,4,776.2375
13870.0,2,8,2770.94,1,High-Value Customers,United Kingdom,1325,91,8,346.3675
13871.0,23,11,3693.227500000001,1,High-Value Customers,United Kingdom,2806,155,13,284.09442307692314
13873.0,120,3,389.6,0,Regular Customers,United Kingdom,140,21,3,129.86666666666667
13874.0,328,1,540.45,2,At-Risk Customers,United Kingdom,180,18,1,540.45
13875.0,54,5,1786.79,0,Regular Customers,United Kingdom,1316,79,5,357.358
13876.0,64,1,122.7,0,Regular Customers,United Kingdom,36,7,1,122.7
13877.0,86,1,117.24,0,Regular Customers,United Kingdom,108,3,1,117.24
13878.0,55,1,1281.53,0,Regular Customers,United Kingdom,475,35,1,1281.53
13880.0,21,11,3219.77,1,High-Value Customers,United Kingdom,1842,125,13,247.67461538461538
13881.0,4,11,3693.227500000001,1,High-Value Customers,United Kingdom,10118,72,20,184.66137500000005
13882.0,3,5,1191.13,0,Regular Customers,United Kingdom,953,54,5,238.22600000000003
13883.0,11,5,2674.48,1,High-Value Customers,United Kingdom,1436,108,5,534.896
13884.0,7,5,787.6,0,Regular Customers,United Kingdom,300,45,5,157.52
13885.0,189,2,506.8,2,At-Risk Customers,United Kingdom,182,28,2,253.4
13886.0,71,1,243.56,0,Regular Customers,United Kingdom,126,16,1,243.56
13887.0,204,1,349.55,2,At-Risk Customers,United Kingdom,147,19,1,349.55
13888.0,120,2,605.63,0,Regular Customers,United Kingdom,258,38,2,302.815
13889.0,93,1,416.90000000000003,0,Regular Customers,United Kingdom,146,15,1,416.90000000000003
13890.0,1,10,1883.8100000000002,1,High-Value Customers,United Kingdom,831,74,10,188.38100000000003
13892.0,27,4,632.97,0,Regular Customers,United Kingdom,983,26,4,158.2425
13893.0,298,1,821.1,2,At-Risk Customers,United Kingdom,190,21,1,821.1
13894.0,24,3,564.62,0,Regular Customers,United Kingdom,354,25,3,188.20666666666668
13895.0,28,4,2593.07,1,High-Value Customers,United Kingdom,1365,97,4,648.2675
13897.0,50,1,311.16,0,Regular Customers,United Kingdom,200,17,1,311.16
13898.0,326,1,155.93,2,At-Risk Customers,United Kingdom,133,12,1,155.93
13899.0,16,2,388.52,0,Regular Customers,United Kingdom,156,19,2,194.26
13900.0,183,3,740.95,2,At-Risk Customers,United Kingdom,430,42,3,246.98333333333335
13901.0,72,5,2867.2,1,High-Value Customers,United Kingdom,1739,144,5,573.4399999999999
13904.0,37,2,332.64,0,Regular Customers,United Kingdom,332,24,2,166.32
13908.0,80,4,2369.55,0,Regular Customers,United Kingdom,1478,104,4,592.3875
13911.0,57,9,2580.91,1,High-Value Customers,United Kingdom,2731,120,9,286.7677777777778
13914.0,12,2,626.45,0,Regular Customers,United Kingdom,380,28,2,313.225
13917.0,50,2,272.04,0,Regular Customers,United Kingdom,228,16,2,136.02
13918.0,50,2,1212.8400000000001,0,Regular Customers,United Kingdom,1140,30,2,606.4200000000001
13919.0,59,2,384.81,0,Regular Customers,Denmark,474,24,2,192.405
13922.0,328,1,172.25,2,At-Risk Customers,United Kingdom,93,7,1,172.25
13923.0,54,1,351.13,0,Regular Customers,United Kingdom,185,20,1,351.13
13924.0,2,6,1838.8500000000001,1,High-Value Customers,United Kingdom,1575,90,6,306.475
13925.0,93,4,678.25,0,Regular Customers,United Kingdom,331,28,4,169.5625
13926.0,23,1,223.85000000000002,0,Regular Customers,United Kingdom,104,11,1,223.85000000000002
13927.0,75,1,348.99,0,Regular Customers,United Kingdom,214,21,1,348.99
13928.0,11,4,464.57,0,Regular Customers,United Kingdom,129,23,4,116.1425
13929.0,169,2,842.65,2,At-Risk Customers,United Kingdom,143,8,2,421.325
13930.0,58,2,337.34,0,Regular Customers,United Kingdom,274,15,2,168.67
13931.0,96,2,1237.53,0,Regular Customers,United Kingdom,725,56,2,618.765
13932.0,295,1,307.4,2,At-Risk Customers,United Kingdom,72,16,1,307.4
13933.0,109,2,608.7900000000001,0,Regular Customers,United Kingdom,205,23,2,304.39500000000004
13934.0,264,1,922.1,2,At-Risk Customers,United Kingdom,390,31,1,922.1
13936.0,180,1,376.58,2,At-Risk Customers,United Kingdom,330,26,1,376.58
13937.0,169,1,158.85,2,At-Risk Customers,United Kingdom,123,9,1,158.85
13938.0,35,1,71.66,0,Regular Customers,United Kingdom,70,7,1,71.66
13939.0,23,3,568.55,0,Regular Customers,United Kingdom,847,43,3,189.51666666666665
13940.0,17,4,839.14,0,Regular Customers,United Kingdom,516,39,4,209.785
13941.0,22,5,3693.227500000001,1,High-Value Customers,United Kingdom,2364,24,5,738.6455000000002
13946.0,79,3,561.5699999999999,0,Regular Customers,United Kingdom,443,11,3,187.18999999999997
13947.0,65,1,90.6,0,Regular Customers,United Kingdom,44,5,1,90.6
13948.0,328,1,102.0,2,At-Risk Customers,United Kingdom,40,3,1,102.0
13949.0,3,6,2427.32,1,High-Value Customers,United Kingdom,2474,124,6,404.55333333333334
13950.0,11,4,745.06,0,Regular Customers,United Kingdom,323,33,4,186.265
13951.0,176,3,674.45,2,At-Risk Customers,United Kingdom,459,38,3,224.8166666666667
13952.0,218,2,3251.071,2,At-Risk Customers,United Kingdom,1431,120,2,1625.5355
13953.0,7,7,3515.68,1,High-Value Customers,United Kingdom,2724,8,7,502.23999999999995
13954.0,2,2,439.92,0,Regular Customers,United Kingdom,150,24,2,219.96
13955.0,154,2,322.96,2,At-Risk Customers,United Kingdom,154,33,2,161.48
13956.0,5,5,1026.42,0,Regular Customers,United Kingdom,491,123,5,205.28400000000002
13959.0,79,3,598.2,0,Regular Customers,United Kingdom,357,79,3,199.4
13960.0,21,2,230.22,0,Regular Customers,United Kingdom,142,11,2,115.11
13962.0,22,2,169.55,0,Regular Customers,United Kingdom,87,11,2,84.775
13963.0,308,4,664.54,2,At-Risk Customers,United Kingdom,460,35,4,166.135
13967.0,146,1,80.7,2,At-Risk Customers,United Kingdom,42,2,1,80.7
13969.0,7,11,3693.227500000001,1,High-Value Customers,United Kingdom,4542,334,18,205.1793055555556
13971.0,19,8,2758.26,1,High-Value Customers,United Kingdom,1844,118,8,344.7825
13972.0,71,2,190.25,0,Regular Customers,United Kingdom,187,15,2,95.125
13973.0,287,1,264.7,2,At-Risk Customers,United Kingdom,109,11,1,264.7
13974.0,49,1,413.59000000000003,0,Regular Customers,United Kingdom,249,28,1,413.59000000000003
13975.0,31,6,2526.28,1,High-Value Customers,United Kingdom,1732,240,6,421.0466666666667
13976.0,207,1,357.98,2,At-Risk Customers,United Kingdom,154,10,1,357.98
13978.0,15,2,196.79000000000002,0,Regular Customers,United Kingdom,315,14,2,98.39500000000001
13979.0,73,1,869.87,0,Regular Customers,United Kingdom,639,54,1,869.87
13980.0,60,1,200.14,0,Regular Customers,United Kingdom,172,11,1,200.14
13982.0,39,4,1871.81,0,Regular Customers,United Kingdom,1136,72,4,467.9525
13983.0,30,11,2603.43,1,High-Value Customers,United Kingdom,1183,91,12,216.9525
13984.0,27,5,920.51,0,Regular Customers,United Kingdom,679,14,5,184.102
13985.0,4,11,3693.227500000001,1,High-Value Customers,United Kingdom,3445,108,15,246.21516666666673
13986.0,17,1,320.46,0,Regular Customers,United Kingdom,430,12,1,320.46
13988.0,20,6,3693.227500000001,1,High-Value Customers,United Kingdom,3044,188,6,615.5379166666668
13989.0,66,2,1266.08,0,Regular Customers,United Kingdom,1313,33,2,633.04
13990.0,213,1,311.3,2,At-Risk Customers,United Kingdom,190,16,1,311.3
13991.0,12,6,855.97,0,Regular Customers,United Kingdom,998,58,6,142.66166666666666
13992.0,30,1,76.8,0,Regular Customers,United Kingdom,64,5,1,76.8
13993.0,43,9,3466.36,1,High-Value Customers,United Kingdom,900,66,9,385.1511111111111
13994.0,4,6,2313.14,1,High-Value Customers,United Kingdom,940,122,6,385.5233333333333
13995.0,15,5,1393.69,0,Regular Customers,United Kingdom,879,55,5,278.738
13999.0,10,11,3693.227500000001,1,High-Value Customers,United Kingdom,2243,102,12,307.7689583333334
14000.0,211,1,635.66,2,At-Risk Customers,United Kingdom,710,15,1,635.66
14001.0,46,3,2043.0800000000002,0,Regular Customers,United Kingdom,962,34,3,681.0266666666668
14002.0,134,2,529.73,0,Regular Customers,United Kingdom,877,47,2,264.865
14004.0,43,7,3693.227500000001,1,High-Value Customers,United Kingdom,2668,102,7,527.6039285714287
14005.0,10,5,2874.72,1,High-Value Customers,United Kingdom,2478,53,5,574.944
14006.0,116,3,962.19,0,Regular Customers,United Kingdom,641,22,3,320.73
14009.0,198,2,695.61,2,At-Risk Customers,United Kingdom,365,42,2,347.805
14012.0,278,1,328.8,2,At-Risk Customers,United Kingdom,160,11,1,328.8
14013.0,110,3,473.02,0,Regular Customers,United Kingdom,462,30,3,157.67333333333332
14014.0,77,1,505.18,0,Regular Customers,United Kingdom,1076,39,1,505.18
14015.0,53,1,917.34,0,Regular Customers,United Kingdom,378,20,1,917.34
14016.0,162,4,3693.227500000001,1,High-Value Customers,EIRE,2125,154,4,923.3068750000002
14019.0,47,3,1421.61,0,Regular Customers,United Kingdom,1037,37,3,473.86999999999995
14020.0,17,2,642.8,0,Regular Customers,United Kingdom,441,37,2,321.4
14021.0,155,3,631.9,2,At-Risk Customers,United Kingdom,192,22,3,210.63333333333333
14022.0,225,1,440.0,2,At-Risk Customers,United Kingdom,487,28,1,440.0
14023.0,7,2,584.07,0,Regular Customers,United Kingdom,345,30,2,292.035
14024.0,122,2,327.7,0,Regular Customers,United Kingdom,150,16,2,163.85
14027.0,61,1,104.82,0,Regular Customers,United Kingdom,62,6,1,104.82
14029.0,63,2,467.66,0,Regular Customers,United Kingdom,198,15,2,233.83
14030.0,18,8,2360.09,1,High-Value Customers,United Kingdom,1479,210,8,295.01125
14031.0,7,11,3693.227500000001,1,High-Value Customers,United Kingdom,5788,119,19,194.38039473684216
14032.0,2,11,2975.59,1,High-Value Customers,United Kingdom,2032,53,11,270.5081818181818
14034.0,22,3,651.8199999999999,0,Regular Customers,United Kingdom,423,82,3,217.2733333333333
14035.0,29,5,1428.02,0,Regular Customers,United Kingdom,739,41,5,285.604
14036.0,285,1,626.65,2,At-Risk Customers,United Kingdom,268,38,1,626.65
14037.0,176,2,147.20000000000002,2,At-Risk Customers,United Kingdom,46,27,2,73.60000000000001
14038.0,78,3,1560.38,0,Regular Customers,United Kingdom,965,64,3,520.1266666666667
14039.0,33,1,152.2,0,Regular Customers,United Kingdom,92,6,1,152.2
14040.0,41,11,3614.92,1,High-Value Customers,United Kingdom,1554,146,12,301.24333333333334
14041.0,266,1,141.41,2,At-Risk Customers,United Kingdom,94,21,1,141.41
14044.0,27,4,652.82,0,Regular Customers,United Kingdom,308,165,4,163.205
14045.0,109,4,1659.75,0,Regular Customers,United Kingdom,535,4,4,414.9375
14046.0,284,1,154.99,2,At-Risk Customers,United Kingdom,460,14,1,154.99
14047.0,9,5,1308.6100000000001,0,Regular Customers,United Kingdom,381,22,5,261.72200000000004
14048.0,305,1,409.93,2,At-Risk Customers,United Kingdom,288,83,1,409.93
14049.0,17,4,3693.227500000001,1,High-Value Customers,United Kingdom,3870,348,4,923.3068750000002
14050.0,32,2,746.36,0,Regular Customers,United Kingdom,689,49,2,373.18
14051.0,1,11,3693.227500000001,1,High-Value Customers,United Kingdom,3756,52,23,160.5751086956522
14052.0,20,1,225.36,0,Regular Customers,United Kingdom,89,56,1,225.36
14053.0,124,2,260.25,0,Regular Customers,United Kingdom,215,2,2,130.125
14054.0,65,1,92.46,0,Regular Customers,United Kingdom,62,6,1,92.46
14055.0,106,1,725.6400000000001,0,Regular Customers,United Kingdom,216,10,1,725.6400000000001
14056.0,1,11,3693.227500000001,1,High-Value Customers,United Kingdom,4273,320,23,160.5751086956522
14057.0,24,11,3693.227500000001,1,High-Value Customers,United Kingdom,4876,179,17,217.2486764705883
14059.0,267,1,183.6,2,At-Risk Customers,United Kingdom,128,8,1,183.6
14060.0,5,11,3693.227500000001,1,High-Value Customers,United Kingdom,5386,86,19,194.38039473684216
14062.0,10,11,3693.227500000001,1,High-Value Customers,United Kingdom,5593,60,12,307.7689583333334
14064.0,29,5,1353.74,0,Regular Customers,United Kingdom,1788,59,5,270.748
14066.0,267,1,152.55,2,At-Risk Customers,United Kingdom,45,7,1,152.55
14067.0,64,2,374.7,0,Regular Customers,United Kingdom,361,51,2,187.35
14068.0,320,1,265.85,2,At-Risk Customers,United Kingdom,73,22,1,265.85
14071.0,4,8,1438.82,1,High-Value Customers,United Kingdom,995,271,8,179.8525
14073.0,32,1,151.04,0,Regular Customers,United Kingdom,130,13,1,151.04
14075.0,5,3,942.26,0,Regular Customers,United Kingdom,754,33,3,314.08666666666664
14076.0,129,1,122.47,0,Regular Customers,United Kingdom,81,43,1,122.47
14077.0,41,5,499.41999999999996,0,Regular Customers,United Kingdom,268,33,5,99.88399999999999
14078.0,102,6,1049.37,0,Regular Customers,United Kingdom,310,46,6,174.89499999999998
14079.0,125,1,375.1,0,Regular Customers,United Kingdom,301,12,1,375.1
14080.0,33,1,45.599999999999994,0,Regular Customers,United Kingdom,48,4,1,45.599999999999994
14081.0,302,2,934.52,2,At-Risk Customers,United Kingdom,596,126,2,467.26
14082.0,328,1,182.25,2,At-Risk Customers,United Kingdom,110,28,1,182.25
14083.0,4,9,1018.43,1,High-Value Customers,United Kingdom,732,162,9,113.15888888888888
14085.0,2,11,3693.227500000001,1,High-Value Customers,United Kingdom,3184,272,18,205.1793055555556
14087.0,3,1,194.42,0,Regular Customers,United Kingdom,251,61,1,194.42
14088.0,10,11,3693.227500000001,1,High-Value Customers,United Kingdom,12665,379,13,284.09442307692314
14089.0,57,1,161.0,0,Regular Customers,United Kingdom,134,13,1,161.0
14090.0,325,1,76.32000000000001,2,At-Risk Customers,United Kingdom,72,1,1,76.32000000000001
14092.0,8,11,3693.227500000001,1,High-Value Customers,United Kingdom,2066,117,14,263.80196428571435
14093.0,12,1,442.85,0,Regular Customers,United Kingdom,406,95,1,442.85
14096.0,4,11,3693.227500000001,1,High-Value Customers,United Kingdom,16352,1119,17,217.2486764705883
14098.0,37,1,147.35,0,Regular Customers,United Kingdom,104,21,1,147.35
14099.0,16,11,3104.17,1,High-Value Customers,United Kingdom,2179,167,11,282.1972727272727
14100.0,138,1,194.9,2,At-Risk Customers,United Kingdom,64,24,1,194.9
14101.0,74,6,3693.227500000001,1,High-Value Customers,United Kingdom,6942,15,6,615.5379166666668
14102.0,5,5,1360.28,0,Regular Customers,United Kingdom,961,35,5,272.056
14104.0,155,2,216.20999999999998,2,At-Risk Customers,United Kingdom,72,21,2,108.10499999999999
14105.0,239,1,1266.23,2,At-Risk Customers,United Kingdom,800,74,1,1266.23
14107.0,52,7,2703.23,1,High-Value Customers,United Kingdom,1793,61,7,386.17571428571426
14108.0,31,2,597.91,0,Regular Customers,United Kingdom,381,33,2,298.955
14109.0,73,1,144.2,0,Regular Customers,United Kingdom,88,9,1,144.2
14110.0,4,11,3693.227500000001,1,High-Value Customers,United Kingdom,2445,94,12,307.7689583333334
14111.0,14,4,692.85,0,Regular Customers,United Kingdom,458,10,4,173.2125
14112.0,23,7,2915.15,1,High-Value Customers,United Kingdom,1651,117,7,416.45
14113.0,4,4,1840.42,0,Regular Customers,United Kingdom,745,26,4,460.105
14114.0,274,2,386.53,2,At-Risk Customers,United Kingdom,101,15,2,193.265
14116.0,20,5,1382.74,0,Regular Customers,United Kingdom,707,61,5,276.548
14117.0,144,1,90.0,2,At-Risk Customers,United Kingdom,72,3,1,90.0
14121.0,4,4,2780.15,1,High-Value Customers,United Kingdom,2082,148,4,695.0375
14124.0,84,1,419.58000000000004,0,Regular Customers,United Kingdom,1618,4,1,419.58000000000004
14125.0,11,3,2740.43,1,High-Value Customers,United Kingdom,1640,159,3,913.4766666666666
14126.0,8,3,706.1300000000001,0,Regular Customers,United Kingdom,508,14,3,235.3766666666667
14127.0,123,3,709.71,0,Regular Customers,United Kingdom,321,39,3,236.57000000000002
14128.0,61,2,637.5,0,Regular Customers,United Kingdom,564,40,2,318.75
14129.0,2,5,1123.8600000000001,0,Regular Customers,United Kingdom,592,31,5,224.77200000000002
14130.0,319,1,483.86,2,At-Risk Customers,United Kingdom,258,66,1,483.86
14132.0,2,11,3586.0299999999997,1,High-Value Customers,United Kingdom,3368,100,11,326.00272727272727
14133.0,130,3,605.64,0,Regular Customers,United Kingdom,348,25,3,201.88
14135.0,2,11,3693.227500000001,1,High-Value Customers,United Kingdom,3850,95,15,246.21516666666673
14138.0,2,2,982.3800000000001,0,Regular Customers,United Kingdom,610,40,2,491.19000000000005
14139.0,46,1,415.82,0,Regular Customers,United Kingdom,510,26,1,415.82
14140.0,4,2,935.05,0,Regular Customers,United Kingdom,811,60,2,467.525
14141.0,3,4,915.13,0,Regular Customers,United Kingdom,355,27,4,228.7825
14142.0,328,1,311.81,2,At-Risk Customers,United Kingdom,313,22,1,311.81
14143.0,134,1,115.8,0,Regular Customers,United Kingdom,30,7,1,115.8
14145.0,47,4,3693.227500000001,1,High-Value Customers,United Kingdom,756,6,4,923.3068750000002
14146.0,9,5,3693.227500000001,1,High-Value Customers,United Kingdom,2437,183,5,738.6455000000002
14147.0,78,2,483.4,0,Regular Customers,United Kingdom,108,4,2,241.7
14148.0,234,1,157.2,2,At-Risk Customers,United Kingdom,16,3,1,157.2
14149.0,221,1,446.62,2,At-Risk Customers,United Kingdom,218,28,1,446.62
14150.0,36,2,658.64,0,Regular Customers,United Kingdom,496,23,2,329.32
14152.0,75,2,621.29,0,Regular Customers,United Kingdom,711,47,2,310.645
14154.0,239,2,1345.62,2,At-Risk Customers,United Kingdom,465,52,2,672.81
14155.0,266,1,118.75,2,At-Risk Customers,United Kingdom,25,6,1,118.75
14156.0,10,11,3693.227500000001,1,High-Value Customers,EIRE,57885,714,55,67.14959090909092
14157.0,20,2,432.88,0,Regular Customers,United Kingdom,284,45,2,216.44
14158.0,40,1,507.66,0,Regular Customers,United Kingdom,781,41,1,507.66
14159.0,20,11,3693.227500000001,1,High-Value Customers,United Kingdom,4408,501,11,335.7479545454546
14161.0,216,3,1110.52,2,At-Risk Customers,United Kingdom,455,87,3,370.17333333333335
14162.0,174,2,289.36,2,At-Risk Customers,United Kingdom,142,25,2,144.68
14163.0,87,4,2445.91,1,High-Value Customers,United Kingdom,893,36,4,611.4775
14164.0,71,2,1631.77,0,Regular Customers,United Kingdom,1033,28,2,815.885
14165.0,276,1,122.53999999999999,2,At-Risk Customers,United Kingdom,54,23,1,122.53999999999999
14167.0,39,4,574.84,0,Regular Customers,United Kingdom,150,27,4,143.71
14171.0,98,1,363.79,0,Regular Customers,United Kingdom,167,57,1,363.79
14173.0,11,4,450.84,0,Regular Customers,United Kingdom,150,28,4,112.71
14174.0,33,1,134.46,0,Regular Customers,United Kingdom,94,26,1,134.46
14175.0,60,3,3222.3,1,High-Value Customers,United Kingdom,1515,139,3,1074.1000000000001
14176.0,297,4,576.9000000000001,2,At-Risk Customers,United Kingdom,209,28,4,144.22500000000002
14177.0,86,4,559.41,0,Regular Customers,United Kingdom,205,37,4,139.8525
14178.0,9,7,1620.93,1,High-Value Customers,United Kingdom,1505,191,7,231.5614285714286
14179.0,41,2,719.78,0,Regular Customers,United Kingdom,330,135,2,359.89
14180.0,11,11,3693.227500000001,1,High-Value Customers,United Kingdom,719,112,25,147.72910000000005
14184.0,67,1,452.89,0,Regular Customers,United Kingdom,127,24,1,452.89
14185.0,328,1,197.65,2,At-Risk Customers,United Kingdom,6,3,1,197.65
14188.0,31,6,2054.36,1,High-Value Customers,United Kingdom,1162,34,6,342.3933333333334
14189.0,2,11,3693.227500000001,1,High-Value Customers,United Kingdom,3937,176,15,246.21516666666673
14191.0,2,11,3693.227500000001,1,High-Value Customers,United Kingdom,3662,145,13,284.09442307692314
14193.0,68,2,853.39,0,Regular Customers,United Kingdom,445,35,2,426.695
14194.0,5,11,3693.227500000001,1,High-Value Customers,United Kingdom,5840,269,21,175.86797619047624
14195.0,202,2,1012.0,2,At-Risk Customers,United Kingdom,760,7,2,506.0
14196.0,107,1,335.52,0,Regular Customers,United Kingdom,142,6,1,335.52
14198.0,18,4,701.4,0,Regular Customers,United Kingdom,290,35,4,175.35
14199.0,218,1,185.39999999999998,2,At-Risk Customers,United Kingdom,28,2,1,185.39999999999998
14201.0,60,7,747.44,0,Regular Customers,United Kingdom,590,32,7,106.77714285714286
14204.0,2,1,161.03,0,Regular Customers,United Kingdom,82,36,1,161.03
14205.0,17,2,466.7,0,Regular Customers,United Kingdom,204,23,2,233.35
14206.0,239,1,328.15999999999997,2,At-Risk Customers,United Kingdom,276,20,1,328.15999999999997
14208.0,95,1,151.74,0,Regular Customers,United Kingdom,114,10,1,151.74
14209.0,11,6,2073.43,1,High-Value Customers,United Kingdom,691,55,6,345.57166666666666
14210.0,106,6,1905.8400000000001,1,High-Value Customers,United Kingdom,760,66,6,317.64000000000004
14211.0,53,9,2241.1,1,High-Value Customers,United Kingdom,1242,87,9,249.0111111111111
14212.0,90,1,1070.48,0,Regular Customers,United Kingdom,1152,9,1,1070.48
14214.0,31,5,1004.38,0,Regular Customers,United Kingdom,751,64,5,200.876
14215.0,12,6,1789.72,1,High-Value Customers,United Kingdom,1358,98,6,298.2866666666667
14216.0,3,4,1839.3,0,Regular Customers,United Kingdom,594,47,4,459.825
14217.0,2,11,2004.98,1,High-Value Customers,United Kingdom,689,78,17,117.94
14218.0,43,1,169.48000000000002,0,Regular Customers,United Kingdom,160,12,1,169.48000000000002
14219.0,4,1,89.94,0,Regular Customers,United Kingdom,78,7,1,89.94
14220.0,247,2,632.4,2,At-Risk Customers,United Kingdom,272,21,2,316.2
14221.0,42,9,3432.8,1,High-Value Customers,United Kingdom,2191,123,9,381.4222222222222
14222.0,177,1,683.17,2,At-Risk Customers,United Kingdom,607,41,1,683.17
14223.0,92,3,991.13,0,Regular Customers,United Kingdom,585,50,3,330.37666666666667
14224.0,110,4,1050.12,0,Regular Customers,United Kingdom,514,105,4,262.53
14226.0,29,5,2232.19,1,High-Value Customers,United Kingdom,1308,64,5,446.438
14227.0,26,10,3350.96,1,High-Value Customers,United Kingdom,1820,117,10,335.096
14229.0,52,3,1547.2,0,Regular Customers,United Kingdom,610,29,3,515.7333333333333
14231.0,184,3,925.71,2,At-Risk Customers,United Kingdom,409,47,3,308.57
14232.0,43,5,2048.07,1,High-Value Customers,United Kingdom,1941,81,5,409.61400000000003
14233.0,49,4,1462.72,0,Regular Customers,United Kingdom,680,30,4,365.68
14234.0,22,4,775.46,0,Regular Customers,United Kingdom,963,122,4,193.865
14235.0,75,5,3144.86,1,High-Value Customers,United Kingdom,1959,65,5,628.972
14236.0,81,2,490.86,0,Regular Customers,United Kingdom,310,15,2,245.43
14237.0,328,1,161.0,2,At-Risk Customers,United Kingdom,38,9,1,161.0
14238.0,326,1,146.85,2,At-Risk Customers,United Kingdom,111,8,1,146.85
14239.0,43,11,2380.85,1,High-Value Customers,United Kingdom,993,83,11,216.4409090909091
14240.0,30,2,890.34,0,Regular Customers,United Kingdom,418,37,2,445.17
14241.0,184,1,213.70000000000002,2,At-Risk Customers,United Kingdom,146,10,1,213.70000000000002
14242.0,235,2,280.55,2,At-Risk Customers,United Kingdom,123,13,2,140.275
14243.0,9,10,2588.77,1,High-Value Customers,United Kingdom,1221,99,10,258.877
14245.0,220,2,1693.45,2,At-Risk Customers,United Kingdom,976,107,2,846.725
14246.0,111,3,1474.06,0,Regular Customers,United Kingdom,804,57,3,491.3533333333333
14247.0,278,1,136.76999999999998,2,At-Risk Customers,United Kingdom,47,19,1,136.76999999999998
14248.0,318,1,302.58,2,At-Risk Customers,United Kingdom,102,8,1,302.58
14250.0,7,3,1904.05,0,Regular Customers,United Kingdom,1200,94,3,634.6833333333333
14251.0,2,5,2879.7000000000003,1,High-Value Customers,United Kingdom,1674,37,5,575.94
14256.0,260,2,969.0600000000001,2,At-Risk Customers,United Kingdom,414,51,2,484.53000000000003
14257.0,64,5,3099.7200000000003,1,High-Value Customers,United Kingdom,1682,88,5,619.9440000000001
14258.0,9,9,3693.227500000001,1,High-Value Customers,United Kingdom,7100,58,9,410.3586111111112
14259.0,142,1,120.0,2,At-Risk Customers,United Kingdom,68,5,1,120.0
14261.0,51,2,1163.45,0,Regular Customers,United Kingdom,406,52,2,581.725
14262.0,8,8,2618.23,1,High-Value Customers,United Kingdom,1645,87,8,327.27875
14264.0,155,2,333.97,2,At-Risk Customers,United Kingdom,70,15,2,166.985
14265.0,109,2,530.18,0,Regular Customers,Unspecified,330,31,2,265.09
14267.0,163,3,1516.24,2,At-Risk Customers,United Kingdom,530,25,3,505.41333333333336
14270.0,328,1,492.65000000000003,2,At-Risk Customers,United Kingdom,197,29,1,492.65000000000003
14271.0,226,1,112.32,2,At-Risk Customers,United Kingdom,88,10,1,112.32
14272.0,74,2,437.96,0,Regular Customers,United Kingdom,599,33,2,218.98
14273.0,51,4,559.97,0,Regular Customers,United Kingdom,264,22,4,139.9925
14276.0,99,3,1119.74,0,Regular Customers,United Kingdom,744,52,3,373.24666666666667
14277.0,15,3,3693.227500000001,1,High-Value Customers,France,1984,195,3,1231.0758333333335
14280.0,197,1,134.04,2,At-Risk Customers,United Kingdom,52,8,1,134.04
14282.0,3,11,3693.227500000001,1,High-Value Customers,United Kingdom,2668,70,15,246.21516666666673
14284.0,31,2,595.25,0,Regular Customers,United Kingdom,161,24,2,297.625
14285.0,21,4,1910.01,0,Regular Customers,United Kingdom,541,18,4,477.5025
14286.0,24,3,3693.227500000001,1,High-Value Customers,United Kingdom,4338,220,3,1231.0758333333335
14287.0,8,3,176.63,0,Regular Customers,United Kingdom,261,9,3,58.876666666666665
14288.0,213,1,426.6,2,At-Risk Customers,United Kingdom,188,16,1,426.6
14289.0,9,6,911.26,0,Regular Customers,United Kingdom,292,33,6,151.87666666666667
14290.0,11,5,2314.65,1,High-Value Customers,United Kingdom,915,89,5,462.93
14291.0,2,11,3693.227500000001,1,High-Value Customers,United Kingdom,2749,145,11,335.7479545454546
14292.0,8,9,3693.227500000001,1,High-Value Customers,United Kingdom,1663,64,9,410.3586111111112
14293.0,3,4,1046.56,0,Regular Customers,United Kingdom,709,51,4,261.64
14295.0,40,1,166.20000000000002,0,Regular Customers,United Kingdom,84,5,1,166.20000000000002
14297.0,18,4,1305.33,0,Regular Customers,United Kingdom,865,48,4,326.3325
14298.0,8,11,3693.227500000001,1,High-Value Customers,United Kingdom,58343,884,44,83.93698863636365
14299.0,8,9,3693.227500000001,1,High-Value Customers,United Kingdom,2149,94,9,410.3586111111112
14300.0,19,1,43.2,0,Regular Customers,United Kingdom,32,3,1,43.2
14301.0,117,1,640.14,0,Regular Customers,United Kingdom,606,13,1,640.14
14304.0,223,1,383.45,2,At-Risk Customers,United Kingdom,139,17,1,383.45
14305.0,71,3,1858.96,0,Regular Customers,United Kingdom,1089,96,3,619.6533333333333
14306.0,51,2,2093.32,0,Regular Customers,United Kingdom,1075,33,2,1046.66
14307.0,89,6,2995.72,1,High-Value Customers,United Kingdom,2058,150,6,499.28666666666663
14309.0,8,9,2352.53,1,High-Value Customers,United Kingdom,1633,74,9,261.39222222222224
14311.0,243,1,310.26,2,At-Risk Customers,United Kingdom,146,20,1,310.26
14312.0,47,6,1611.59,0,Regular Customers,United Kingdom,1012,74,6,268.5983333333333
14314.0,107,1,120.0,0,Regular Customers,United Kingdom,296,8,1,120.0
14315.0,45,6,2481.13,1,High-Value Customers,United Kingdom,1021,64,6,413.5216666666667
14317.0,65,1,508.58000000000004,0,Regular Customers,United Kingdom,255,24,1,508.58000000000004
14320.0,207,2,477.79,2,At-Risk Customers,United Kingdom,325,29,2,238.895
14321.0,11,5,1530.75,0,Regular Customers,United Kingdom,2406,111,5,306.15
14323.0,115,2,605.0600000000001,0,Regular Customers,United Kingdom,350,32,2,302.53000000000003
14326.0,242,1,183.85,2,At-Risk Customers,United Kingdom,103,8,1,183.85
14327.0,163,1,311.65,2,At-Risk Customers,United Kingdom,139,12,1,311.65
14329.0,17,7,3693.227500000001,1,High-Value Customers,United Kingdom,3095,218,7,527.6039285714287
14331.0,124,2,462.65999999999997,0,Regular Customers,United Kingdom,252,27,2,231.32999999999998
14332.0,23,3,866.31,0,Regular Customers,United Kingdom,481,22,3,288.77
14333.0,68,1,415.2,0,Regular Customers,United Kingdom,58,15,1,415.2
14334.0,17,8,2552.21,1,High-Value Customers,United Kingdom,1731,98,8,319.02625
14335.0,16,2,468.26,0,Regular Customers,Germany,379,55,2,234.13
14336.0,17,4,1614.91,0,Regular Customers,United Kingdom,1759,77,4,403.7275
14338.0,161,2,588.22,2,At-Risk Customers,United Kingdom,335,30,2,294.11
14339.0,243,1,309.52,2,At-Risk Customers,United Kingdom,168,14,1,309.52
14340.0,219,1,134.7,2,At-Risk Customers,United Kingdom,58,6,1,134.7
14341.0,45,8,2182.28,1,High-Value Customers,United Kingdom,1403,109,8,272.785
14342.0,21,4,668.5600000000001,0,Regular Customers,United Kingdom,347,18,4,167.14000000000001
14344.0,127,8,889.9300000000001,0,Regular Customers,United Kingdom,477,56,8,111.24125000000001
14345.0,39,1,108.97999999999999,0,Regular Customers,United Kingdom,50,6,1,108.97999999999999
14346.0,121,2,1021.58,0,Regular Customers,United Kingdom,605,55,2,510.79
14348.0,260,1,409.57,2,At-Risk Customers,United Kingdom,183,18,1,409.57
14349.0,10,1,133.5,0,Regular Customers,United Kingdom,86,31,1,133.5
14350.0,274,1,282.93,2,At-Risk Customers,United Kingdom,183,18,1,282.93
14351.0,165,1,51.0,2,At-Risk Customers,United Kingdom,12,1,1,51.0
14352.0,157,4,1078.96,0,Regular Customers,United Kingdom,538,44,4,269.74
14353.0,215,1,90.6,2,At-Risk Customers,United Kingdom,64,6,1,90.6
14354.0,6,2,163.62,0,Regular Customers,United Kingdom,210,9,2,81.81
14355.0,328,1,174.4,2,At-Risk Customers,United Kingdom,92,11,1,174.4
14356.0,80,2,701.23,0,Regular Customers,United Kingdom,277,33,2,350.615
14357.0,43,1,225.77,0,Regular Customers,United Kingdom,148,39,1,225.77
14359.0,19,3,912.18,0,Regular Customers,United Kingdom,371,44,3,304.06
14360.0,32,4,2128.23,0,Regular Customers,United Kingdom,1151,104,4,532.0575
14362.0,22,1,161.2,0,Regular Customers,United Kingdom,100,37,1,161.2
14364.0,109,8,3693.227500000001,1,High-Value Customers,United Kingdom,1967,61,8,461.6534375000001
14367.0,8,11,3693.227500000001,1,High-Value Customers,United Kingdom,4438,270,16,230.82671875000005
14368.0,320,1,155.0,2,At-Risk Customers,United Kingdom,36,8,1,155.0
14371.0,295,1,100.5,2,At-Risk Customers,United Kingdom,34,4,1,100.5
14373.0,328,1,76.55,2,At-Risk Customers,United Kingdom,17,4,1,76.55
14375.0,185,1,257.68,2,At-Risk Customers,United Kingdom,194,57,1,257.68
14377.0,191,2,617.05,2,At-Risk Customers,United Kingdom,219,11,2,308.525
14379.0,44,2,348.1,0,Regular Customers,United Kingdom,292,39,2,174.05
14381.0,52,1,202.68,0,Regular Customers,United Kingdom,146,56,1,202.68
14382.0,26,1,626.0699999999999,0,Regular Customers,United Kingdom,1237,121,1,626.0699999999999
14383.0,38,3,1247.69,0,Regular Customers,United Kingdom,817,49,3,415.8966666666667
14385.0,9,3,202.11,0,Regular Customers,United Kingdom,159,13,3,67.37
14386.0,297,1,142.4,2,At-Risk Customers,United Kingdom,54,7,1,142.4
14387.0,33,3,1770.56,0,Regular Customers,United Kingdom,819,125,3,590.1866666666666
14388.0,10,8,3212.84,1,High-Value Customers,United Kingdom,1941,124,8,401.605
14389.0,65,2,1043.46,0,Regular Customers,United Kingdom,729,33,2,521.73
14390.0,10,9,3693.227500000001,1,High-Value Customers,United Kingdom,2136,135,9,410.3586111111112
14393.0,218,1,67.95,2,At-Risk Customers,United Kingdom,13,5,1,67.95
14395.0,2,9,3507.71,1,High-Value Customers,United Kingdom,1693,181,9,389.74555555555554
14396.0,65,2,487.99,0,Regular Customers,United Kingdom,225,71,2,243.995
14397.0,3,11,2612.96,1,High-Value Customers,United Kingdom,1890,18,19,137.52421052631578
14400.0,149,1,574.7,2,At-Risk Customers,United Kingdom,454,25,1,574.7
14401.0,4,11,3693.227500000001,1,High-Value Customers,United Kingdom,4507,113,13,284.09442307692314
14403.0,130,4,1475.81,0,Regular Customers,United Kingdom,519,17,4,368.9525
14404.0,34,6,1474.32,0,Regular Customers,United Kingdom,839,70,6,245.72
14406.0,119,1,156.75,0,Regular Customers,United Kingdom,77,8,1,156.75
14407.0,107,6,2157.73,1,High-Value Customers,United Kingdom,1415,67,6,359.62166666666667
14408.0,11,7,2606.53,1,High-Value Customers,United Kingdom,1616,60,7,372.3614285714286
14409.0,71,6,2059.4500000000003,1,High-Value Customers,United Kingdom,1230,40,6,343.24166666666673
14410.0,92,9,1105.07,1,High-Value Customers,United Kingdom,571,153,9,122.78555555555555
14411.0,311,1,1063.0,2,At-Risk Customers,United Kingdom,196,14,1,1063.0
14412.0,43,2,770.03,0,Regular Customers,United Kingdom,786,43,2,385.015
14413.0,328,1,122.7,2,At-Risk Customers,United Kingdom,68,22,1,122.7
14414.0,92,7,1496.98,1,High-Value Customers,United Kingdom,2512,79,7,213.8542857142857
14415.0,1,11,3693.227500000001,1,High-Value Customers,United Kingdom,3011,283,13,284.09442307692314
14416.0,22,2,490.22,0,Regular Customers,United Kingdom,326,13,2,245.11
14418.0,4,3,1937.25,0,Regular Customers,United Kingdom,1711,114,3,645.75
14419.0,11,6,1058.06,0,Regular Customers,United Kingdom,487,112,6,176.34333333333333
14420.0,99,1,387.52,0,Regular Customers,United Kingdom,334,29,1,387.52
14421.0,57,2,813.11,0,Regular Customers,United Kingdom,365,25,2,406.555
14422.0,1,6,3693.227500000001,1,High-Value Customers,United Kingdom,2906,189,6,615.5379166666668
14423.0,218,1,265.2,2,At-Risk Customers,United Kingdom,120,3,1,265.2
14424.0,18,1,322.08,0,Regular Customers,United Kingdom,48,1,1,322.08
14426.0,24,10,3693.227500000001,1,High-Value Customers,United Kingdom,2699,183,10,369.3227500000001
14427.0,50,2,363.34000000000003,0,Regular Customers,United Kingdom,228,16,2,181.67000000000002
14428.0,7,5,1244.83,0,Regular Customers,United Kingdom,436,108,5,248.96599999999998
14431.0,303,1,470.36,2,At-Risk Customers,United Kingdom,130,17,1,470.36
14432.0,10,6,2255.51,1,High-Value Customers,United Kingdom,2070,256,6,375.91833333333335
14434.0,22,6,1372.8,0,Regular Customers,United Kingdom,368,3,6,228.79999999999998
14436.0,99,1,89.06,0,Regular Customers,United Kingdom,129,9,1,89.06
14437.0,328,1,63.0,2,At-Risk Customers,United Kingdom,60,5,1,63.0
14438.0,306,1,131.9,2,At-Risk Customers,United Kingdom,82,9,1,131.9
14439.0,320,1,2661.24,2,At-Risk Customers,Greece,526,32,1,2661.24
14440.0,8,5,2357.6800000000003,1,High-Value Customers,United Kingdom,588,33,5,471.53600000000006
14441.0,1,4,1712.89,0,Regular Customers,United Kingdom,446,43,4,428.2225
14442.0,205,2,1589.82,2,At-Risk Customers,Channel Islands,482,58,2,794.91
14443.0,54,4,1420.2,0,Regular Customers,United Kingdom,938,84,4,355.05
14446.0,1,4,1039.58,0,Regular Customers,United Kingdom,933,233,4,259.895
14447.0,19,5,1163.23,0,Regular Customers,United Kingdom,571,54,5,232.64600000000002
14448.0,9,2,375.35,0,Regular Customers,United Kingdom,104,20,2,187.675
14449.0,19,4,907.1,0,Regular Customers,United Kingdom,757,201,4,226.775
14450.0,181,3,483.25,2,At-Risk Customers,United Kingdom,241,32,3,161.08333333333334
14451.0,60,2,662.59,0,Regular Customers,United Kingdom,389,86,2,331.295
14452.0,11,2,264.44,0,Regular Customers,United Kingdom,119,55,2,132.22
14453.0,190,1,119.93,2,At-Risk Customers,United Kingdom,49,22,1,119.93
14456.0,5,9,3062.4,1,High-Value Customers,United Kingdom,2908,580,9,340.26666666666665
14457.0,311,1,113.64,2,At-Risk Customers,United Kingdom,88,4,1,113.64
14459.0,155,1,1837.92,0,Regular Customers,United Kingdom,760,37,1,1837.92
14460.0,110,3,434.34,0,Regular Customers,United Kingdom,881,14,3,144.78
14461.0,148,3,2103.06,0,Regular Customers,United Kingdom,766,173,3,701.02
14462.0,66,11,2004.02,1,High-Value Customers,United Kingdom,964,150,11,182.18363636363637
14463.0,98,3,529.62,0,Regular Customers,United Kingdom,179,6,3,176.54
14465.0,247,3,1058.6200000000001,2,At-Risk Customers,United Kingdom,405,107,3,352.8733333333334
14466.0,29,7,2272.4,1,High-Value Customers,United Kingdom,1006,35,7,324.62857142857143
14467.0,18,4,598.76,0,Regular Customers,United Kingdom,278,67,4,149.69
14470.0,12,2,461.19,0,Regular Customers,United Kingdom,193,43,2,230.595
14472.0,104,8,1936.84,1,High-Value Customers,United Kingdom,1160,153,8,242.105
14473.0,74,2,234.34000000000003,0,Regular Customers,United Kingdom,88,7,2,117.17000000000002
14474.0,46,1,547.66,0,Regular Customers,United Kingdom,140,29,1,547.66
14475.0,72,3,925.85,0,Regular Customers,United Kingdom,447,35,3,308.6166666666667
14476.0,257,1,215.7,2,At-Risk Customers,United Kingdom,132,17,1,215.7
14477.0,20,4,1309.6,0,Regular Customers,United Kingdom,720,7,4,327.4
14479.0,254,2,316.25,2,At-Risk Customers,United Kingdom,117,18,2,158.125
14480.0,11,1,279.05,0,Regular Customers,United Kingdom,143,13,1,279.05
14481.0,165,2,636.51,2,At-Risk Customers,United Kingdom,489,25,2,318.255
14482.0,18,6,2068.15,1,High-Value Customers,United Kingdom,1646,110,6,344.69166666666666
14483.0,282,1,137.1,2,At-Risk Customers,United Kingdom,97,9,1,137.1
14484.0,50,1,321.92,0,Regular Customers,United Kingdom,210,14,1,321.92
14485.0,39,1,165.75,0,Regular Customers,United Kingdom,71,44,1,165.75
14487.0,27,6,1196.33,0,Regular Customers,United Kingdom,735,112,6,199.38833333333332
14488.0,68,1,1064.28,0,Regular Customers,United Kingdom,799,46,1,1064.28
14489.0,207,1,463.38,2,At-Risk Customers,United Kingdom,299,30,1,463.38
14491.0,175,2,340.93,2,At-Risk Customers,United Kingdom,139,17,2,170.465
14493.0,7,5,2383.2400000000002,1,High-Value Customers,United Kingdom,1285,95,5,476.648
14494.0,26,1,139.56,0,Regular Customers,United Kingdom,92,7,1,139.56
14495.0,51,2,123.8,0,Regular Customers,United Kingdom,62,6,2,61.9
14496.0,312,2,538.8100000000001,2,At-Risk Customers,United Kingdom,159,16,2,269.40500000000003
14497.0,309,1,475.37,2,At-Risk Customers,United Kingdom,235,29,1,475.37
14498.0,43,5,1957.32,0,Regular Customers,United Kingdom,1098,162,5,391.464
14499.0,26,3,815.32,0,Regular Customers,United Kingdom,501,146,3,271.77333333333337
14500.0,88,3,356.85,0,Regular Customers,United Kingdom,117,6,3,118.95
14501.0,184,2,251.21,2,At-Risk Customers,United Kingdom,161,9,2,125.605
14502.0,20,11,2470.67,1,High-Value Customers,United Kingdom,1498,368,11,224.60636363636365
14503.0,3,6,3543.26,1,High-Value Customers,United Kingdom,2004,113,6,590.5433333333334
14504.0,47,4,673.26,0,Regular Customers,United Kingdom,308,85,4,168.315
14505.0,17,8,3693.227500000001,1,High-Value Customers,United Kingdom,2759,540,8,461.6534375000001
14506.0,17,5,2012.17,1,High-Value Customers,United Kingdom,730,204,5,402.434
14507.0,24,6,1383.18,0,Regular Customers,United Kingdom,600,79,6,230.53
14508.0,22,2,276.42,0,Regular Customers,United Kingdom,131,52,2,138.21
14511.0,11,5,1314.81,0,Regular Customers,United Kingdom,784,53,5,262.962
14512.0,188,2,275.28,2,At-Risk Customers,United Kingdom,122,19,2,137.64
14513.0,101,3,455.59000000000003,0,Regular Customers,United Kingdom,361,11,3,151.86333333333334
14514.0,61,3,1055.35,0,Regular Customers,United Kingdom,589,65,3,351.7833333333333
14515.0,18,6,2102.09,1,High-Value Customers,United Kingdom,1134,68,6,350.34833333333336
14517.0,33,2,330.45,0,Regular Customers,United Kingdom,91,17,2,165.225
14518.0,64,1,174.37,0,Regular Customers,United Kingdom,278,16,1,174.37
14520.0,2,2,270.6,0,Regular Customers,United Kingdom,146,3,2,135.3
14522.0,24,4,974.54,0,Regular Customers,United Kingdom,525,15,4,243.635
14523.0,108,1,241.09,0,Regular Customers,United Kingdom,251,12,1,241.09
14524.0,32,9,1867.68,1,High-Value Customers,United Kingdom,676,161,9,207.52
14525.0,20,9,3693.227500000001,1,High-Value Customers,United Kingdom,2696,217,9,410.3586111111112
14527.0,3,11,3693.227500000001,1,High-Value Customers,United Kingdom,2089,330,55,67.14959090909092
14528.0,37,1,364.21999999999997,0,Regular Customers,United Kingdom,278,18,1,364.21999999999997
14529.0,60,3,620.04,0,Regular Customers,United Kingdom,348,177,3,206.67999999999998
14530.0,26,6,2925.91,1,High-Value Customers,United Kingdom,1410,140,6,487.65166666666664
14532.0,236,4,932.85,2,At-Risk Customers,United Kingdom,284,45,4,233.2125
14533.0,25,7,1949.72,1,High-Value Customers,United Kingdom,4019,53,7,278.5314285714286
14534.0,3,11,3693.227500000001,1,High-Value Customers,United Kingdom,2047,331,18,205.1793055555556
14535.0,60,3,2864.19,1,High-Value Customers,United Kingdom,1831,280,3,954.73
14536.0,260,1,171.8,2,At-Risk Customers,United Kingdom,40,18,1,171.8
14537.0,58,1,355.56,0,Regular Customers,United Kingdom,120,10,1,355.56
14538.0,65,2,388.25,0,Regular Customers,United Kingdom,155,19,2,194.125
14539.0,16,2,537.48,0,Regular Customers,United Kingdom,428,31,2,268.74
14540.0,10,3,996.26,0,Regular Customers,United Kingdom,421,64,3,332.08666666666664
14541.0,59,8,1461.65,1,High-Value Customers,United Kingdom,647,71,8,182.70625
14542.0,186,1,103.25,2,At-Risk Customers,United Kingdom,19,5,1,103.25
14543.0,29,11,3630.33,1,High-Value Customers,United Kingdom,679,43,16,226.895625
14544.0,24,2,2024.45,0,Regular Customers,United Kingdom,1543,97,2,1012.225
14546.0,5,5,2578.09,1,High-Value Customers,United Kingdom,1317,250,5,515.618
14547.0,4,8,3693.227500000001,1,High-Value Customers,United Kingdom,2668,198,8,461.6534375000001
14548.0,151,2,652.8,2,At-Risk Customers,United Kingdom,256,2,2,326.4
14549.0,311,1,289.24,2,At-Risk Customers,United Kingdom,136,56,1,289.24
14550.0,11,2,765.62,0,Regular Customers,United Kingdom,394,38,2,382.81
14551.0,18,2,186.23,0,Regular Customers,United Kingdom,106,9,2,93.115
14552.0,152,1,165.07,2,At-Risk Customers,United Kingdom,91,57,1,165.07
14553.0,19,5,859.27,0,Regular Customers,United Kingdom,493,103,5,171.85399999999998
14554.0,10,4,2381.04,1,High-Value Customers,United Kingdom,1478,147,4,595.26
14555.0,57,2,324.14,0,Regular Customers,United Kingdom,130,18,2,162.07
14557.0,85,1,788.38,0,Regular Customers,United Kingdom,510,16,1,788.38
14560.0,7,11,2237.77,1,High-Value Customers,United Kingdom,1260,39,22,101.71681818181818
14561.0,76,3,1080.76,0,Regular Customers,United Kingdom,1014,67,3,360.25333333333333
14562.0,4,11,3693.227500000001,1,High-Value Customers,United Kingdom,1834,187,18,205.1793055555556
14565.0,96,4,3099.12,1,High-Value Customers,United Kingdom,1540,111,4,774.78
14566.0,111,1,1432.0,0,Regular Customers,Channel Islands,800,4,1,1432.0
14567.0,57,2,1530.3600000000001,0,Regular Customers,United Kingdom,412,33,2,765.1800000000001
14569.0,1,1,227.39,0,Regular Customers,United Kingdom,79,10,1,227.39
14570.0,281,2,218.06,2,At-Risk Customers,United Kingdom,95,29,2,109.03
14572.0,3,7,2832.84,1,High-Value Customers,United Kingdom,1428,190,7,404.6914285714286
14573.0,180,9,1653.42,1,High-Value Customers,United Kingdom,544,127,9,183.71333333333334
14576.0,328,1,35.400000000000006,2,At-Risk Customers,United Kingdom,12,1,1,35.400000000000006
14577.0,13,4,859.71,0,Regular Customers,United Kingdom,353,86,4,214.9275
14578.0,3,1,168.63,0,Regular Customers,United Kingdom,240,24,1,168.63
14581.0,17,1,138.6,0,Regular Customers,United Kingdom,217,16,1,138.6
14582.0,41,1,114.11,0,Regular Customers,United Kingdom,73,6,1,114.11
14583.0,6,5,1052.55,0,Regular Customers,United Kingdom,792,243,5,210.51
14584.0,169,4,1042.26,2,At-Risk Customers,United Kingdom,383,68,4,260.565
14585.0,50,1,157.05,0,Regular Customers,United Kingdom,91,29,1,157.05
14586.0,277,1,237.36,2,At-Risk Customers,United Kingdom,444,19,1,237.36
14587.0,19,9,1601.14,1,High-Value Customers,United Kingdom,761,170,9,177.90444444444447
14589.0,328,1,39.75,2,At-Risk Customers,United Kingdom,5,3,1,39.75
14591.0,15,4,1447.14,0,Regular Customers,United Kingdom,1297,138,4,361.785
14592.0,35,3,570.46,0,Regular Customers,United Kingdom,415,132,3,190.15333333333334
14593.0,22,3,617.99,0,Regular Customers,United Kingdom,332,127,3,205.99666666666667
14594.0,7,2,379.83,0,Regular Customers,United Kingdom,185,48,2,189.915
14595.0,20,6,1740.6,1,High-Value Customers,United Kingdom,978,94,6,290.09999999999997
14597.0,11,2,883.15,0,Regular Customers,United Kingdom,577,45,2,441.575
14598.0,44,1,221.97,0,Regular Customers,United Kingdom,189,49,1,221.97
14600.0,306,1,393.33000000000004,2,At-Risk Customers,United Kingdom,125,25,1,393.33000000000004
14601.0,11,1,213.96,0,Regular Customers,United Kingdom,168,7,1,213.96
14603.0,275,1,660.0,2,At-Risk Customers,United Kingdom,400,2,1,660.0
14606.0,1,11,3693.227500000001,1,High-Value Customers,United Kingdom,6224,819,93,39.712123655913985
14607.0,16,11,3693.227500000001,1,High-Value Customers,United Kingdom,11766,38,14,263.80196428571435
14608.0,4,4,1785.15,0,Regular Customers,United Kingdom,437,8,4,446.2875
14609.0,72,4,601.56,0,Regular Customers,United Kingdom,7026,2,4,150.39
14616.0,243,3,406.08000000000004,2,At-Risk Customers,United Kingdom,104,2,3,135.36
14618.0,9,3,553.44,0,Regular Customers,United Kingdom,264,10,3,184.48000000000002
14619.0,246,1,394.44,2,At-Risk Customers,United Kingdom,152,20,1,394.44
14620.0,206,2,412.78000000000003,2,At-Risk Customers,United Kingdom,214,26,2,206.39000000000001
14621.0,1,5,1788.3600000000001,0,Regular Customers,United Kingdom,993,80,5,357.672
14622.0,185,1,320.58000000000004,2,At-Risk Customers,United Kingdom,146,21,1,320.58000000000004
14623.0,32,5,889.25,0,Regular Customers,United Kingdom,419,108,5,177.85
14624.0,57,2,225.85,0,Regular Customers,United Kingdom,162,13,2,112.925
14625.0,196,2,899.63,2,At-Risk Customers,United Kingdom,335,51,2,449.815
14626.0,24,4,2791.27,1,High-Value Customers,United Kingdom,1403,108,4,697.8175
14628.0,91,2,671.96,0,Regular Customers,United Kingdom,272,22,2,335.98
14629.0,4,2,959.01,0,Regular Customers,United Kingdom,380,133,2,479.505
14631.0,51,3,1006.98,0,Regular Customers,United Kingdom,622,38,3,335.66
14632.0,263,1,114.56,2,At-Risk Customers,United Kingdom,96,8,1,114.56
14633.0,266,1,344.90000000000003,2,At-Risk Customers,United Kingdom,96,20,1,344.90000000000003
14636.0,36,2,609.85,0,Regular Customers,United Kingdom,241,27,2,304.925
14638.0,51,1,443.6,0,Regular Customers,United Kingdom,166,16,1,443.6
14639.0,52,6,2984.49,1,High-Value Customers,United Kingdom,1431,138,6,497.41499999999996
14640.0,24,6,2125.08,1,High-Value Customers,United Kingdom,886,87,6,354.18
14641.0,22,1,110.46,0,Regular Customers,United Kingdom,90,7,1,110.46
14642.0,59,1,96.12,0,Regular Customers,United Kingdom,76,2,1,96.12
14643.0,170,2,693.8100000000001,2,At-Risk Customers,United Kingdom,815,30,2,346.90500000000003
14644.0,68,2,830.76,0,Regular Customers,United Kingdom,258,26,2,415.38
14645.0,157,2,597.09,2,At-Risk Customers,United Kingdom,381,28,2,298.545
14646.0,2,11,3693.227500000001,1,High-Value Customers,Netherlands,196915,700,73,50.59215753424659
14647.0,201,1,243.22,2,At-Risk Customers,United Kingdom,95,24,1,243.22
14649.0,5,4,1417.29,0,Regular Customers,United Kingdom,1018,148,4,354.3225
14651.0,67,2,654.6,0,Regular Customers,United Kingdom,344,95,2,327.3
14652.0,77,1,114.18,0,Regular Customers,United Kingdom,53,29,1,114.18
14653.0,1,7,1947.55,1,High-Value Customers,United Kingdom,950,154,7,278.2214285714286
14655.0,8,4,1932.23,0,Regular Customers,United Kingdom,1089,35,4,483.0575
14656.0,169,2,291.05,2,At-Risk Customers,United Kingdom,120,73,2,145.525
14657.0,18,4,848.22,0,Regular Customers,United Kingdom,466,103,4,212.055
14658.0,5,2,247.15,0,Regular Customers,United Kingdom,47,27,2,123.575
14659.0,9,9,2529.93,1,High-Value Customers,United Kingdom,1195,147,9,281.1033333333333
14660.0,87,2,285.74,0,Regular Customers,United Kingdom,228,24,2,142.87
14661.0,27,1,107.95,0,Regular Customers,United Kingdom,35,4,1,107.95
14662.0,29,4,771.17,0,Regular Customers,United Kingdom,602,143,4,192.7925
14664.0,20,2,637.89,0,Regular Customers,United Kingdom,466,78,2,318.945
14665.0,61,5,1835.7,0,Regular Customers,United Kingdom,740,63,5,367.14
14666.0,24,1,195.25,0,Regular Customers,United Kingdom,161,14,1,195.25
14667.0,11,11,3693.227500000001,1,High-Value Customers,United Kingdom,5385,354,25,147.72910000000005
14669.0,242,3,1269.99,2,At-Risk Customers,United Kingdom,775,158,3,423.33
14670.0,280,2,411.53,2,At-Risk Customers,United Kingdom,337,107,2,205.765
14672.0,235,2,765.55,2,At-Risk Customers,United Kingdom,454,58,2,382.775
14673.0,3,5,1736.4,0,Regular Customers,United Kingdom,1004,39,5,347.28000000000003
14675.0,16,1,604.75,0,Regular Customers,United Kingdom,341,93,1,604.75
14676.0,31,6,2548.2400000000002,1,High-Value Customers,United Kingdom,2500,29,6,424.7066666666667
14680.0,25,11,3693.227500000001,1,High-Value Customers,United Kingdom,13476,73,16,230.82671875000005
14681.0,71,3,498.95,0,Regular Customers,United Kingdom,76,6,3,166.31666666666666
14682.0,188,2,52.0,2,At-Risk Customers,United Kingdom,80,1,2,26.0
14684.0,26,5,1236.28,0,Regular Customers,United Kingdom,853,231,5,247.256
14687.0,107,1,628.38,0,Regular Customers,United Kingdom,470,15,1,628.38
14688.0,8,11,3693.227500000001,1,High-Value Customers,United Kingdom,3621,148,21,175.86797619047624
14689.0,209,1,112.8,2,At-Risk Customers,United Kingdom,76,13,1,112.8
14690.0,44,2,371.7,0,Regular Customers,United Kingdom,170,40,2,185.85
14691.0,31,5,2114.33,1,High-Value Customers,United Kingdom,707,50,5,422.866
14692.0,137,4,591.55,0,Regular Customers,United Kingdom,265,53,4,147.8875
14693.0,265,1,172.9,2,At-Risk Customers,United Kingdom,34,8,1,172.9
14696.0,4,7,2078.95,1,High-Value Customers,United Kingdom,1630,117,7,296.99285714285713
14697.0,218,2,188.60999999999999,2,At-Risk Customers,United Kingdom,181,22,2,94.30499999999999
14698.0,2,5,1250.76,0,Regular Customers,United Kingdom,615,148,5,250.152
14699.0,214,1,109.13000000000001,2,At-Risk Customers,United Kingdom,77,8,1,109.13000000000001
14700.0,32,3,2235.3,0,Regular Customers,United Kingdom,1342,80,3,745.1
14701.0,11,9,2549.37,1,High-Value Customers,United Kingdom,932,268,9,283.2633333333333
14702.0,1,11,3292.14,1,High-Value Customers,United Kingdom,1454,196,17,193.65529411764706
14703.0,15,1,318.17,0,Regular Customers,United Kingdom,183,22,1,318.17
14704.0,11,9,1546.91,1,High-Value Customers,United Kingdom,1082,288,9,171.8788888888889
14705.0,199,1,179.0,2,At-Risk Customers,United Kingdom,100,1,1,179.0
14708.0,3,3,1126.37,0,Regular Customers,United Kingdom,621,25,3,375.45666666666665
14709.0,15,11,3693.227500000001,1,High-Value Customers,United Kingdom,2484,71,13,284.09442307692314
14710.0,14,4,606.13,0,Regular Customers,United Kingdom,378,124,4,151.5325
14711.0,10,11,2868.8,1,High-Value Customers,United Kingdom,978,221,11,260.8
14712.0,29,3,917.07,0,Regular Customers,United Kingdom,315,21,3,305.69
14713.0,9,11,2666.36,1,High-Value Customers,United Kingdom,1615,146,11,242.39636363636365
14714.0,24,1,160.19,0,Regular Customers,United Kingdom,229,10,1,160.19
14715.0,25,4,867.38,0,Regular Customers,United Kingdom,521,60,4,216.845
14716.0,43,2,329.68,0,Regular Customers,United Kingdom,604,46,2,164.84
14719.0,2,5,1602.13,0,Regular Customers,United Kingdom,1032,177,5,320.42600000000004
14720.0,6,3,663.81,0,Regular Customers,United Kingdom,219,34,3,221.26999999999998
14722.0,147,1,187.92000000000002,2,At-Risk Customers,United Kingdom,120,28,1,187.92000000000002
14723.0,10,6,1158.3,0,Regular Customers,United Kingdom,695,193,6,193.04999999999998
14725.0,25,1,718.08,0,Regular Customers,United Kingdom,593,45,1,718.08
14727.0,274,1,268.58,2,At-Risk Customers,United Kingdom,62,10,1,268.58
14729.0,328,1,313.49,2,At-Risk Customers,United Kingdom,197,69,1,313.49
14730.0,1,8,2005.06,1,High-Value Customers,United Kingdom,1132,317,8,250.6325
14731.0,47,3,380.02,0,Regular Customers,United Kingdom,256,38,3,126.67333333333333
14732.0,8,8,2702.4900000000002,1,High-Value Customers,United Kingdom,1405,105,8,337.81125000000003
14733.0,16,11,3693.227500000001,1,High-Value Customers,United Kingdom,3764,102,12,307.7689583333334
14735.0,4,11,3693.227500000001,1,High-Value Customers,United Kingdom,2264,99,32,115.41335937500003
14737.0,4,3,1164.55,0,Regular Customers,United Kingdom,345,15,3,388.18333333333334
14738.0,43,7,1314.45,1,High-Value Customers,United Kingdom,601,39,7,187.77857142857144
14739.0,4,7,3693.227500000001,1,High-Value Customers,United Kingdom,3820,47,7,527.6039285714287
14740.0,197,3,1448.21,2,At-Risk Customers,United Kingdom,735,85,3,482.7366666666667
14741.0,12,6,1400.34,0,Regular Customers,United Kingdom,841,35,6,233.39
14744.0,16,7,1099.98,0,Regular Customers,United Kingdom,627,21,7,157.14000000000001
14745.0,113,5,1220.26,0,Regular Customers,United Kingdom,1038,46,5,244.052
14747.0,249,1,328.2,2,At-Risk Customers,United Kingdom,84,18,1,328.2
14748.0,29,5,1415.75,0,Regular Customers,United Kingdom,1223,87,5,283.15
14752.0,44,1,389.64,0,Regular Customers,United Kingdom,260,5,1,389.64
14753.0,87,1,563.15,0,Regular Customers,United Kingdom,211,30,1,563.15
14754.0,45,2,638.05,0,Regular Customers,United Kingdom,486,38,2,319.025
14755.0,10,11,3693.227500000001,1,High-Value Customers,United Kingdom,2219,128,11,335.7479545454546
14756.0,15,1,738.96,0,Regular Customers,United Kingdom,416,38,1,738.96
14757.0,75,1,420.5,0,Regular Customers,United Kingdom,160,19,1,420.5
14758.0,145,4,1484.06,0,Regular Customers,United Kingdom,419,54,4,371.015
14759.0,5,3,1625.97,0,Regular Customers,United Kingdom,569,92,3,541.99
14760.0,297,1,89.2,2,At-Risk Customers,United Kingdom,40,5,1,89.2
14761.0,59,2,255.9,0,Regular Customers,United Kingdom,118,11,2,127.95
14762.0,264,1,300.52,2,At-Risk Customers,United Kingdom,341,21,1,300.52
14764.0,47,1,278.3,0,Regular Customers,United Kingdom,190,6,1,278.3
14765.0,29,3,254.11,0,Regular Customers,United Kingdom,135,38,3,84.70333333333333
14766.0,8,6,2473.37,1,High-Value Customers,United Kingdom,1349,111,6,412.2283333333333
14768.0,17,2,192.60000000000002,0,Regular Customers,United Kingdom,52,4,2,96.30000000000001
14769.0,3,8,3693.227500000001,1,High-Value Customers,United Kingdom,7436,718,8,461.6534375000001
14770.0,232,2,876.42,2,At-Risk Customers,United Kingdom,490,49,2,438.21
14772.0,112,1,139.26,0,Regular Customers,United Kingdom,82,9,1,139.26
14775.0,58,3,1011.9,0,Regular Customers,United Kingdom,1174,57,3,337.3
14776.0,51,11,2538.3,1,High-Value Customers,United Kingdom,3134,44,11,230.75454545454548
14778.0,127,2,730.86,0,Regular Customers,United Kingdom,306,34,2,365.43
14779.0,281,3,386.15,2,At-Risk Customers,United Kingdom,84,40,3,128.71666666666667
14780.0,55,2,447.68,0,Regular Customers,United Kingdom,310,26,2,223.84
14782.0,320,1,200.10000000000002,2,At-Risk Customers,United Kingdom,114,6,1,200.10000000000002
14784.0,26,2,289.99,0,Regular Customers,United Kingdom,237,15,2,144.995
14785.0,10,2,77.4,0,Regular Customers,United Kingdom,84,2,2,38.7
14788.0,7,2,679.4399999999999,0,Regular Customers,United Kingdom,421,26,2,339.71999999999997
14789.0,29,1,197.64,0,Regular Customers,United Kingdom,116,6,1,197.64
14790.0,17,4,745.06,0,Regular Customers,United Kingdom,699,30,4,186.265
14792.0,64,1,6.2,0,Regular Customers,United Kingdom,2,2,1,6.2
14793.0,21,1,228.99,0,Regular Customers,United Kingdom,91,14,1,228.99
14794.0,3,7,1319.91,1,High-Value Customers,United Kingdom,673,68,7,188.55857142857144
14795.0,166,1,131.45000000000002,2,At-Risk Customers,United Kingdom,17,6,1,131.45000000000002
14796.0,1,11,3693.227500000001,1,High-Value Customers,United Kingdom,6025,403,17,217.2486764705883
14798.0,53,3,173.74,0,Regular Customers,United Kingdom,150,11,3,57.913333333333334
14799.0,51,1,157.7,0,Regular Customers,United Kingdom,146,13,1,157.7
14800.0,48,11,3693.227500000001,1,High-Value Customers,United Kingdom,3655,246,12,307.7689583333334
14801.0,61,1,193.14,0,Regular Customers,United Kingdom,175,56,1,193.14
14803.0,162,3,845.55,2,At-Risk Customers,United Kingdom,370,35,3,281.84999999999997
14804.0,9,1,353.27,0,Regular Customers,United Kingdom,121,12,1,353.27
14805.0,15,4,554.65,0,Regular Customers,United Kingdom,115,30,4,138.6625
14806.0,75,1,193.39000000000001,0,Regular Customers,United Kingdom,330,11,1,193.39000000000001
14808.0,40,8,2741.17,1,High-Value Customers,United Kingdom,2147,176,8,342.64625
14810.0,41,11,2087.88,1,High-Value Customers,United Kingdom,1016,106,11,189.80727272727273
14813.0,328,2,155.43,2,At-Risk Customers,United Kingdom,67,25,2,77.715
14815.0,37,2,778.5,0,Regular Customers,United Kingdom,744,53,2,389.25
14816.0,197,1,271.85,2,At-Risk Customers,United Kingdom,5,4,1,271.85
14817.0,200,2,1110.34,2,At-Risk Customers,United Kingdom,655,52,2,555.17
14818.0,74,3,657.8,0,Regular Customers,United Kingdom,324,41,3,219.26666666666665
14819.0,64,2,272.07,0,Regular Customers,United Kingdom,109,13,2,136.035
14820.0,21,4,507.29,0,Regular Customers,United Kingdom,253,24,4,126.8225
14821.0,328,1,48.800000000000004,2,At-Risk Customers,United Kingdom,20,2,1,48.800000000000004
14823.0,180,3,321.43,2,At-Risk Customers,United Kingdom,88,56,3,107.14333333333333
14824.0,10,4,1127.71,0,Regular Customers,United Kingdom,525,19,4,281.9275
14825.0,4,11,2226.91,1,High-Value Customers,United Kingdom,991,82,12,185.57583333333332
14828.0,197,3,2139.76,2,At-Risk Customers,United Kingdom,2172,17,3,713.2533333333334
14829.0,29,4,697.55,0,Regular Customers,United Kingdom,452,39,4,174.3875
14830.0,53,1,197.13,0,Regular Customers,United Kingdom,169,39,1,197.13
14834.0,18,6,1720.3,1,High-Value Customers,United Kingdom,734,43,6,286.71666666666664
14836.0,10,3,102.44999999999999,0,Regular Customers,United Kingdom,45,5,3,34.15
14837.0,90,4,1649.5,0,Regular Customers,United Kingdom,1436,96,4,412.375
14840.0,268,1,62.85,2,At-Risk Customers,United Kingdom,31,4,1,62.85
14841.0,53,6,3295.76,1,High-Value Customers,United Kingdom,1778,103,6,549.2933333333334
14842.0,44,4,2824.69,1,High-Value Customers,United Kingdom,1166,128,4,706.1725
14844.0,64,4,3189.81,1,High-Value Customers,United Kingdom,1833,87,4,797.4525
14847.0,149,1,309.4,2,At-Risk Customers,United Kingdom,120,13,1,309.4
14849.0,22,11,3693.227500000001,1,High-Value Customers,United Kingdom,5694,159,25,147.72910000000005
14850.0,312,1,325.75,2,At-Risk Customers,United Kingdom,293,21,1,325.75
14851.0,23,2,511.35,0,Regular Customers,United Kingdom,325,28,2,255.675
14852.0,58,6,2836.69,1,High-Value Customers,United Kingdom,1747,96,6,472.7816666666667
14853.0,24,2,475.8,0,Regular Customers,United Kingdom,82,8,2,237.9
14854.0,78,7,2759.83,1,High-Value Customers,United Kingdom,1832,110,7,394.26142857142855
14855.0,119,2,645.65,0,Regular Customers,United Kingdom,267,13,2,322.825
14856.0,36,3,1311.3799999999999,0,Regular Customers,United Kingdom,714,65,3,437.1266666666666
14857.0,60,2,1173.12,0,Regular Customers,United Kingdom,464,58,2,586.56
14859.0,13,4,1353.74,0,Regular Customers,United Kingdom,671,47,4,338.435
14860.0,19,1,170.32,0,Regular Customers,United Kingdom,232,11,1,170.32
14861.0,52,1,125.79,0,Regular Customers,United Kingdom,117,6,1,125.79
14862.0,26,2,841.1999999999999,0,Regular Customers,United Kingdom,772,47,2,420.59999999999997
14863.0,29,1,266.76,0,Regular Customers,United Kingdom,132,11,1,266.76
14865.0,7,2,52.2,0,Regular Customers,United Kingdom,108,4,2,26.1
14866.0,11,11,3693.227500000001,1,High-Value Customers,United Kingdom,6752,30,12,307.7689583333334
14867.0,186,3,710.28,2,At-Risk Customers,United Kingdom,328,31,3,236.76
14868.0,3,8,2953.59,1,High-Value Customers,United Kingdom,1405,96,8,369.19875
14869.0,9,2,725.7,0,Regular Customers,United Kingdom,550,66,2,362.85
14870.0,262,1,327.25,2,At-Risk Customers,United Kingdom,119,13,1,327.25
14871.0,3,4,522.38,0,Regular Customers,United Kingdom,185,68,4,130.595
14873.0,210,1,519.68,2,At-Risk Customers,United Kingdom,168,28,1,519.68
14875.0,108,2,1465.3200000000002,0,Regular Customers,United Kingdom,558,46,2,732.6600000000001
14878.0,13,9,1485.54,1,High-Value Customers,United Kingdom,802,62,9,165.06
14880.0,77,3,706.19,0,Regular Customers,United Kingdom,373,45,3,235.39666666666668
14881.0,20,1,255.4,0,Regular Customers,United Kingdom,316,17,1,255.4
14882.0,27,2,589.7,0,Regular Customers,United Kingdom,158,6,2,294.85
14883.0,19,6,761.59,0,Regular Customers,United Kingdom,790,39,6,126.93166666666667
14885.0,132,1,765.3199999999999,0,Regular Customers,United Kingdom,724,15,1,765.3199999999999
14886.0,253,1,364.8,2,At-Risk Customers,United Kingdom,160,18,1,364.8
14887.0,79,1,1862.0,0,Regular Customers,United Kingdom,1100,6,1,1862.0
14888.0,207,1,369.2,2,At-Risk Customers,United Kingdom,184,20,1,369.2
14889.0,328,1,135.9,2,At-Risk Customers,United Kingdom,90,10,1,135.9
14890.0,254,1,125.65,2,At-Risk Customers,United Kingdom,51,7,1,125.65
14891.0,148,2,554.38,2,At-Risk Customers,United Kingdom,505,30,2,277.19
14893.0,10,2,1237.8500000000001,0,Regular Customers,United Kingdom,799,72,2,618.9250000000001
14894.0,85,1,655.75,0,Regular Customers,United Kingdom,265,23,1,655.75
14895.0,8,11,3693.227500000001,1,High-Value Customers,United Kingdom,4851,273,20,184.66137500000005
14896.0,205,2,468.77000000000004,2,At-Risk Customers,United Kingdom,279,43,2,234.38500000000002
14897.0,8,4,1366.38,0,Regular Customers,United Kingdom,468,43,4,341.595
14898.0,23,6,1303.52,0,Regular Customers,United Kingdom,1020,86,6,217.25333333333333
14901.0,11,9,1421.29,1,High-Value Customers,United Kingdom,661,73,9,157.92111111111112
14902.0,26,1,332.66,0,Regular Customers,United Kingdom,218,20,1,332.66
14903.0,21,5,2810.63,1,High-Value Customers,United Kingdom,1536,227,5,562.126
14904.0,2,2,1025.44,0,Regular Customers,United Kingdom,1985,66,2,512.72
14905.0,158,2,616.15,2,At-Risk Customers,United Kingdom,287,14,2,308.075
14907.0,3,7,3501.1,1,High-Value Customers,United Kingdom,1691,125,7,500.15714285714284
14908.0,74,1,277.8,0,Regular Customers,United Kingdom,132,9,1,277.8
14910.0,3,4,434.35,0,Regular Customers,United Kingdom,238,25,4,108.5875
14911.0,1,11,3693.227500000001,1,High-Value Customers,EIRE,80265,1787,201,18.374266169154232
14912.0,17,2,867.85,0,Regular Customers,Italy,971,21,2,433.925
14913.0,36,4,1227.43,0,Regular Customers,United Kingdom,1743,76,4,306.8575
14915.0,91,2,307.48,0,Regular Customers,United Kingdom,112,12,2,153.74
14916.0,71,4,1268.98,0,Regular Customers,United Kingdom,1136,72,4,317.245
14918.0,116,2,1610.15,0,Regular Customers,United Kingdom,675,39,2,805.075
14920.0,213,2,977.77,2,At-Risk Customers,United Kingdom,509,57,2,488.885
14921.0,30,2,1316.07,0,Regular Customers,United Kingdom,953,78,2,658.035
14923.0,51,1,749.1,0,Regular Customers,United Kingdom,418,44,1,749.1
14924.0,246,1,310.05,2,At-Risk Customers,United Kingdom,64,10,1,310.05
14929.0,32,1,223.88,0,Regular Customers,United Kingdom,136,11,1,223.88
14930.0,109,3,2372.86,0,Regular Customers,Channel Islands,1166,116,3,790.9533333333334
14931.0,5,5,1257.68,0,Regular Customers,Channel Islands,417,30,5,251.536
14932.0,328,1,363.53,2,At-Risk Customers,Channel Islands,80,17,1,363.53
14934.0,82,2,1890.94,0,Regular Customers,Channel Islands,1042,68,2,945.47
14935.0,297,1,1784.71,2,At-Risk Customers,Channel Islands,935,10,1,1784.71
14936.0,34,8,3693.227500000001,1,High-Value Customers,Channel Islands,4085,210,8,461.6534375000001
14937.0,57,3,1621.88,0,Regular Customers,Channel Islands,484,33,3,540.6266666666667
14944.0,30,11,3693.227500000001,1,High-Value Customers,United Kingdom,2815,101,12,307.7689583333334
14946.0,14,1,100.9,0,Regular Customers,United Kingdom,22,3,1,100.9
14947.0,72,2,290.82,0,Regular Customers,United Kingdom,179,14,2,145.41
14948.0,23,6,1101.97,0,Regular Customers,United Kingdom,673,56,6,183.66166666666666
14950.0,19,1,371.2,0,Regular Customers,United Kingdom,136,19,1,371.2
14951.0,79,1,311.69,0,Regular Customers,United Kingdom,311,20,1,311.69
14952.0,60,11,3693.227500000001,1,High-Value Customers,United Kingdom,3355,117,11,335.7479545454546
14953.0,25,1,289.82,0,Regular Customers,United Kingdom,225,54,1,289.82
14954.0,12,1,336.17,0,Regular Customers,United Kingdom,127,75,1,336.17
14957.0,253,1,58.49,2,At-Risk Customers,United Kingdom,34,12,1,58.49
14958.0,147,3,499.68,0,Regular Customers,United Kingdom,129,33,3,166.56
14959.0,64,4,695.42,0,Regular Customers,United Kingdom,494,37,4,173.855
14960.0,8,2,221.27,0,Regular Customers,United Kingdom,221,23,2,110.635
14961.0,11,9,3693.227500000001,1,High-Value Customers,United Kingdom,3708,193,9,410.3586111111112
14962.0,271,1,126.7,2,At-Risk Customers,United Kingdom,44,5,1,126.7
14963.0,10,5,1487.8,0,Regular Customers,United Kingdom,1176,149,5,297.56
14964.0,247,1,206.21,2,At-Risk Customers,United Kingdom,143,13,1,206.21
14965.0,96,2,599.0,0,Regular Customers,United Kingdom,365,80,2,299.5
14966.0,15,1,191.32,0,Regular Customers,United Kingdom,187,35,1,191.32
14967.0,50,1,463.8,0,Regular Customers,United Kingdom,140,6,1,463.8
14968.0,30,1,147.59,0,Regular Customers,United Kingdom,127,37,1,147.59
14970.0,68,4,1592.06,0,Regular Customers,United Kingdom,250,24,4,398.015
14971.0,35,3,1116.57,0,Regular Customers,United Kingdom,644,144,3,372.19
14972.0,128,1,114.77,0,Regular Customers,United Kingdom,28,18,1,114.77
14973.0,107,3,1314.45,0,Regular Customers,United Kingdom,369,29,3,438.15000000000003
14974.0,37,1,114.39,0,Regular Customers,United Kingdom,44,17,1,114.39
14975.0,57,1,279.94,0,Regular Customers,United Kingdom,380,11,1,279.94
14976.0,57,7,790.86,0,Regular Customers,United Kingdom,234,47,7,112.98
14978.0,72,5,1931.42,0,Regular Customers,United Kingdom,525,136,5,386.284
14981.0,246,1,102.12,2,At-Risk Customers,United Kingdom,97,8,1,102.12
14984.0,19,2,213.27,0,Regular Customers,United Kingdom,60,37,2,106.635
14985.0,198,2,296.75,2,At-Risk Customers,United Kingdom,260,78,2,148.375
14987.0,16,2,326.4,0,Regular Customers,United Kingdom,128,2,2,163.2
14988.0,212,1,334.54,2,At-Risk Customers,United Kingdom,141,40,1,334.54
14995.0,39,2,233.23000000000002,0,Regular Customers,United Kingdom,103,53,2,116.61500000000001
14997.0,46,3,546.1999999999999,0,Regular Customers,United Kingdom,1120,25,3,182.06666666666663
14998.0,170,2,429.87,2,At-Risk Customers,United Kingdom,270,70,2,214.935
15000.0,48,1,490.52,0,Regular Customers,United Kingdom,218,76,1,490.52
15002.0,116,4,1641.76,0,Regular Customers,United Kingdom,862,93,4,410.44
15004.0,147,1,1246.32,0,Regular Customers,United Kingdom,630,154,1,1246.32
15005.0,16,11,3693.227500000001,1,High-Value Customers,United Kingdom,4247,360,28,131.90098214285717
15006.0,51,1,502.09,0,Regular Customers,United Kingdom,302,121,1,502.09
15007.0,159,1,156.91,2,At-Risk Customers,United Kingdom,69,12,1,156.91
15009.0,12,3,1261.78,0,Regular Customers,United Kingdom,642,148,3,420.5933333333333
15010.0,36,1,308.94,0,Regular Customers,United Kingdom,184,20,1,308.94
15012.0,54,2,423.04,0,Regular Customers,United Kingdom,231,110,2,211.52
15014.0,43,2,260.17,0,Regular Customers,United Kingdom,151,29,2,130.085
15016.0,173,1,170.04,2,At-Risk Customers,United Kingdom,76,20,1,170.04
15017.0,34,1,125.58,0,Regular Customers,United Kingdom,63,20,1,125.58
15018.0,39,3,496.21000000000004,0,Regular Customers,United Kingdom,189,30,3,165.40333333333334
15019.0,267,1,266.0,2,At-Risk Customers,United Kingdom,159,64,1,266.0
15021.0,9,9,1914.82,1,High-Value Customers,United Kingdom,847,287,9,212.75777777777776
15022.0,12,4,905.04,0,Regular Customers,United Kingdom,543,96,4,226.26
15023.0,3,11,3693.227500000001,1,High-Value Customers,United Kingdom,2871,347,11,335.7479545454546
15024.0,10,10,1661.33,1,High-Value Customers,United Kingdom,920,105,10,166.13299999999998
15025.0,33,1,377.01,0,Regular Customers,United Kingdom,189,66,1,377.01
15026.0,80,3,469.0,0,Regular Customers,United Kingdom,285,57,3,156.33333333333334
15027.0,31,4,1066.1499999999999,0,Regular Customers,United Kingdom,565,30,4,266.53749999999997
15028.0,8,4,627.13,0,Regular Customers,United Kingdom,459,35,4,156.7825
15030.0,72,2,518.28,0,Regular Customers,United Kingdom,372,7,2,259.14
15031.0,4,4,668.14,0,Regular Customers,United Kingdom,401,74,4,167.035
15032.0,256,3,3693.227500000001,2,At-Risk Customers,United Kingdom,2968,29,3,1231.0758333333335
15033.0,5,10,2586.67,1,High-Value Customers,United Kingdom,1695,315,10,258.66700000000003
15034.0,16,8,3693.227500000001,1,High-Value Customers,United Kingdom,2422,299,8,461.6534375000001
15035.0,90,1,252.73000000000002,0,Regular Customers,United Kingdom,245,26,1,252.73000000000002
15036.0,72,3,465.55,0,Regular Customers,United Kingdom,327,107,3,155.18333333333334
15038.0,59,6,705.49,0,Regular Customers,United Kingdom,217,105,6,117.58166666666666
15039.0,10,11,3693.227500000001,1,High-Value Customers,United Kingdom,9209,408,47,78.57930851063831
15041.0,170,1,180.35,2,At-Risk Customers,United Kingdom,104,66,1,180.35
15042.0,199,1,135.93,2,At-Risk Customers,United Kingdom,30,5,1,135.93
15043.0,31,1,537.0,0,Regular Customers,United Kingdom,300,3,1,537.0
15044.0,19,11,3693.227500000001,1,High-Value Customers,United Kingdom,2795,233,17,217.2486764705883
15045.0,152,2,735.66,2,At-Risk Customers,United Kingdom,114,11,2,367.83
15046.0,9,11,3693.227500000001,1,High-Value Customers,United Kingdom,3451,147,15,246.21516666666673
15047.0,270,1,343.62,2,At-Risk Customers,United Kingdom,222,22,1,343.62
15048.0,65,4,384.05,0,Regular Customers,United Kingdom,195,86,4,96.0125
15049.0,274,1,121.17000000000002,2,At-Risk Customers,United Kingdom,63,3,1,121.17000000000002
15050.0,25,3,1782.09,0,Regular Customers,United Kingdom,1224,68,3,594.03
15051.0,23,3,1391.61,0,Regular Customers,United Kingdom,1011,130,3,463.86999999999995
15052.0,319,1,215.78,2,At-Risk Customers,United Kingdom,82,27,1,215.78
15053.0,5,3,697.79,0,Regular Customers,United Kingdom,986,49,3,232.59666666666666
15054.0,12,2,302.1,0,Regular Customers,United Kingdom,198,105,2,151.05
15057.0,275,2,1489.5,2,At-Risk Customers,United Kingdom,668,25,2,744.75
15058.0,25,11,2124.9900000000002,1,High-Value Customers,United Kingdom,1069,199,11,193.18090909090913
15059.0,41,9,1337.72,1,High-Value Customers,United Kingdom,604,161,9,148.63555555555556
15060.0,8,4,303.09,0,Regular Customers,United Kingdom,263,81,4,75.7725
15061.0,4,11,3693.227500000001,1,High-Value Customers,United Kingdom,28920,70,48,76.94223958333335
15062.0,71,4,987.86,0,Regular Customers,United Kingdom,763,47,4,246.965
15063.0,213,1,370.79999999999995,2,At-Risk Customers,United Kingdom,56,5,1,370.79999999999995
15065.0,38,4,3158.13,1,High-Value Customers,United Kingdom,1383,148,4,789.5325
15066.0,53,1,893.59,0,Regular Customers,United Kingdom,317,42,1,893.59
15067.0,78,3,1744.76,0,Regular Customers,United Kingdom,954,82,3,581.5866666666667
15068.0,46,2,553.36,0,Regular Customers,United Kingdom,364,96,2,276.68
15069.0,179,1,1109.53,2,At-Risk Customers,United Kingdom,520,70,1,1109.53
15070.0,328,1,106.2,2,At-Risk Customers,United Kingdom,36,1,1,106.2
15071.0,94,2,982.07,0,Regular Customers,United Kingdom,269,25,2,491.035
15073.0,10,3,1043.41,0,Regular Customers,United Kingdom,491,31,3,347.80333333333334
15074.0,105,1,748.87,0,Regular Customers,United Kingdom,455,41,1,748.87
15075.0,78,1,773.03,0,Regular Customers,United Kingdom,447,27,1,773.03
15076.0,173,1,880.85,2,At-Risk Customers,United Kingdom,571,49,1,880.85
15078.0,7,11,3693.227500000001,1,High-Value Customers,United Kingdom,5105,97,32,115.41335937500003
15079.0,213,4,895.61,2,At-Risk Customers,United Kingdom,389,46,4,223.9025
15081.0,22,5,504.8,0,Regular Customers,United Kingdom,190,26,5,100.96000000000001
15083.0,257,1,88.2,2,At-Risk Customers,United Kingdom,38,5,1,88.2
15087.0,282,1,306.94,2,At-Risk Customers,United Kingdom,470,15,1,306.94
15088.0,21,2,1160.07,0,Regular Customers,United Kingdom,460,53,2,580.035
15089.0,10,6,2420.84,1,High-Value Customers,United Kingdom,1359,139,6,403.47333333333336
15090.0,308,1,381.32,2,At-Risk Customers,United Kingdom,208,23,1,381.32
15091.0,68,1,480.71,0,Regular Customers,United Kingdom,346,30,1,480.71
15092.0,215,2,457.81,2,At-Risk Customers,United Kingdom,135,23,2,228.905
15093.0,18,6,3693.227500000001,1,High-Value Customers,United Kingdom,3760,52,6,615.5379166666668
15095.0,104,4,1370.6,0,Regular Customers,United Kingdom,1079,30,4,342.65
15096.0,43,1,219.39000000000001,0,Regular Customers,United Kingdom,120,11,1,219.39000000000001
15097.0,4,1,248.08,0,Regular Customers,United Kingdom,170,25,1,248.08
15098.0,182,3,3693.227500000001,1,High-Value Customers,United Kingdom,121,1,3,1231.0758333333335
15099.0,84,1,410.48,0,Regular Customers,United Kingdom,343,23,1,410.48
15100.0,328,3,876.0,2,At-Risk Customers,United Kingdom,80,1,3,292.0
15101.0,9,2,317.53,0,Regular Customers,United Kingdom,241,8,2,158.765
15103.0,31,2,703.36,0,Regular Customers,United Kingdom,329,35,2,351.68
15104.0,197,2,1027.44,2,At-Risk Customers,United Kingdom,637,66,2,513.72
15105.0,18,7,2298.93,1,High-Value Customers,United Kingdom,1211,90,7,328.4185714285714
15106.0,18,5,1422.52,0,Regular Customers,United Kingdom,1181,90,5,284.504
15107.0,311,6,319.5,2,At-Risk Customers,United Kingdom,169,12,6,53.25
15108.0,142,4,1300.25,0,Regular Customers,European Community,499,50,4,325.0625
15109.0,246,1,484.95,2,At-Risk Customers,United Kingdom,131,28,1,484.95
15110.0,24,4,996.1,0,Regular Customers,United Kingdom,246,17,4,249.025
15111.0,29,3,1567.48,0,Regular Customers,United Kingdom,710,70,3,522.4933333333333
15113.0,10,3,3609.33,1,High-Value Customers,United Kingdom,2386,77,3,1203.11
15114.0,30,10,2760.56,1,High-Value Customers,United Kingdom,3096,136,10,276.056
15115.0,18,1,340.11,0,Regular Customers,United Kingdom,157,21,1,340.11
15116.0,18,4,1352.75,0,Regular Customers,United Kingdom,648,37,4,338.1875
15117.0,15,5,1551.78,0,Regular Customers,United Kingdom,1948,63,5,310.356
15118.0,134,1,244.8,0,Regular Customers,United Kingdom,1440,1,1,244.8
15119.0,246,1,266.4,2,At-Risk Customers,United Kingdom,88,14,1,266.4
15120.0,134,1,358.82,0,Regular Customers,United Kingdom,296,21,1,358.82
15121.0,50,2,457.72,0,Regular Customers,United Kingdom,199,28,2,228.86
15122.0,114,3,1633.78,0,Regular Customers,United Kingdom,800,65,3,544.5933333333334
15123.0,7,2,2199.31,0,Regular Customers,United Kingdom,1195,93,2,1099.655
15124.0,23,2,184.19,0,Regular Customers,United Kingdom,233,14,2,92.095
15125.0,25,11,3693.227500000001,1,High-Value Customers,United Kingdom,6193,102,15,246.21516666666673
15127.0,66,1,406.53,0,Regular Customers,United Kingdom,251,16,1,406.53
15128.0,60,4,1471.0,0,Regular Customers,United Kingdom,1343,74,4,367.75
15129.0,50,11,3447.4,1,High-Value Customers,United Kingdom,1794,54,11,313.40000000000003
15130.0,170,1,330.11,2,At-Risk Customers,United Kingdom,197,22,1,330.11
15132.0,18,5,977.9300000000001,0,Regular Customers,United Kingdom,679,49,5,195.586
15133.0,128,3,982.42,0,Regular Customers,United Kingdom,680,27,3,327.4733333333333
15134.0,15,8,1387.99,1,High-Value Customers,United Kingdom,887,44,8,173.49875
15135.0,239,1,139.05,2,At-Risk Customers,United Kingdom,43,9,1,139.05
15136.0,3,4,1286.7,0,Regular Customers,United Kingdom,776,61,4,321.675
15139.0,240,2,178.96,2,At-Risk Customers,United Kingdom,208,13,2,89.48
15140.0,52,7,2354.25,1,High-Value Customers,United Kingdom,1572,74,7,336.32142857142856
15142.0,46,1,498.74,0,Regular Customers,United Kingdom,365,26,1,498.74
15143.0,226,1,259.45,2,At-Risk Customers,United Kingdom,150,14,1,259.45
15144.0,8,11,3693.227500000001,1,High-Value Customers,United Kingdom,3050,132,17,217.2486764705883
15145.0,4,4,1194.73,0,Regular Customers,United Kingdom,756,54,4,298.6825
15146.0,165,2,1327.16,2,At-Risk Customers,United Kingdom,1473,90,2,663.58
15147.0,240,1,623.5,2,At-Risk Customers,United Kingdom,366,28,1,623.5
15148.0,11,1,301.29,0,Regular Customers,United Kingdom,187,20,1,301.29
15149.0,134,1,520.8000000000001,0,Regular Customers,United Kingdom,128,23,1,520.8000000000001
15150.0,17,10,3693.227500000001,1,High-Value Customers,United Kingdom,3658,282,10,369.3227500000001
15152.0,10,11,3693.227500000001,1,High-Value Customers,United Kingdom,2704,196,13,284.09442307692314
15153.0,31,1,329.25,0,Regular Customers,United Kingdom,198,22,1,329.25
15154.0,75,1,296.42,0,Regular Customers,United Kingdom,104,66,1,296.42
15156.0,1,3,961.49,0,Regular Customers,United Kingdom,597,51,3,320.49666666666667
15157.0,4,3,1936.07,0,Regular Customers,United Kingdom,2392,125,3,645.3566666666667
15158.0,45,1,401.40000000000003,0,Regular Customers,United Kingdom,198,7,1,401.40000000000003
15159.0,2,11,3693.227500000001,1,High-Value Customers,United Kingdom,11441,363,30,123.10758333333337
15160.0,328,1,158.16,2,At-Risk Customers,United Kingdom,84,4,1,158.16
15163.0,18,2,304.47,0,Regular Customers,United Kingdom,186,29,2,152.235
15164.0,69,3,843.05,0,Regular Customers,United Kingdom,360,79,3,281.01666666666665
15165.0,328,1,487.75,2,At-Risk Customers,United Kingdom,160,27,1,487.75
15167.0,321,1,163.0,2,At-Risk Customers,United Kingdom,67,39,1,163.0
15168.0,26,1,106.56,0,Regular Customers,United Kingdom,52,5,1,106.56
15171.0,328,1,1289.5,2,At-Risk Customers,United Kingdom,290,5,1,1289.5
15172.0,9,5,1624.05,0,Regular Customers,United Kingdom,1611,106,5,324.81
15174.0,323,1,135.75,2,At-Risk Customers,United Kingdom,145,11,1,135.75
15175.0,72,1,224.14,0,Regular Customers,United Kingdom,454,23,1,224.14
15178.0,260,1,40.5,2,At-Risk Customers,United Kingdom,30,3,1,40.5
15179.0,18,5,2206.95,1,High-Value Customers,United Kingdom,1938,91,5,441.39
15180.0,328,1,87.5,2,At-Risk Customers,United Kingdom,36,6,1,87.5
15181.0,66,3,689.4799999999999,0,Regular Customers,United Kingdom,544,11,3,229.82666666666663
15182.0,154,2,622.85,2,At-Risk Customers,United Kingdom,253,24,2,311.425
15184.0,29,2,406.76,0,Regular Customers,United Kingdom,223,59,2,203.38
15185.0,70,1,310.62,0,Regular Customers,United Kingdom,666,21,1,310.62
15186.0,14,2,411.41,0,Regular Customers,United Kingdom,215,17,2,205.705
15187.0,2,11,3693.227500000001,1,High-Value Customers,United Kingdom,1887,61,16,230.82671875000005
15189.0,1,11,3693.227500000001,1,High-Value Customers,United Kingdom,6149,80,41,90.07871951219515
15192.0,120,3,1044.32,0,Regular Customers,United Kingdom,918,36,3,348.1066666666666
15193.0,61,1,499.32,0,Regular Customers,United Kingdom,144,19,1,499.32
15194.0,3,11,3693.227500000001,1,High-Value Customers,United Kingdom,5703,209,15,246.21516666666673
15195.0,3,1,3693.227500000001,1,High-Value Customers,United Kingdom,1404,1,1,3693.227500000001
15197.0,11,3,1079.6100000000001,0,Regular Customers,United Kingdom,469,30,3,359.87000000000006
15198.0,92,2,193.64,0,Regular Customers,United Kingdom,120,10,2,96.82
15199.0,59,4,1268.7,0,Regular Customers,United Kingdom,396,5,4,317.175
15201.0,87,5,1236.54,0,Regular Customers,United Kingdom,1210,35,5,247.308
15203.0,26,6,1827.8,1,High-Value Customers,United Kingdom,1753,82,6,304.6333333333333
15204.0,328,1,316.58,2,At-Risk Customers,United Kingdom,258,9,1,316.58
15205.0,85,2,653.24,0,Regular Customers,United Kingdom,378,37,2,326.62
15206.0,10,4,420.29999999999995,0,Regular Customers,United Kingdom,162,3,4,105.07499999999999
15208.0,1,5,870.12,0,Regular Customers,United Kingdom,316,25,5,174.024
15210.0,225,1,331.18,2,At-Risk Customers,United Kingdom,228,20,1,331.18
15211.0,60,2,894.4100000000001,0,Regular Customers,United Kingdom,240,52,2,447.20500000000004
15212.0,241,1,101.8,2,At-Risk Customers,United Kingdom,36,5,1,101.8
15213.0,319,2,328.35,2,At-Risk Customers,United Kingdom,272,22,2,164.175
15214.0,2,8,1661.44,1,High-Value Customers,United Kingdom,1254,109,8,207.68
15215.0,47,3,734.94,0,Regular Customers,United Kingdom,225,33,3,244.98000000000002
15216.0,88,1,96.6,0,Regular Customers,United Kingdom,28,2,1,96.6
15218.0,11,11,3693.227500000001,1,High-Value Customers,United Kingdom,3329,77,11,335.7479545454546
15219.0,176,1,305.75,2,At-Risk Customers,United Kingdom,45,9,1,305.75
15220.0,52,6,1778.96,1,High-Value Customers,United Kingdom,1393,110,6,296.49333333333334
15221.0,328,1,403.25,2,At-Risk Customers,United Kingdom,43,5,1,403.25
15222.0,319,1,585.0,2,At-Risk Customers,United Kingdom,440,5,1,585.0
15223.0,226,2,755.75,2,At-Risk Customers,United Kingdom,213,14,2,377.875
15224.0,328,2,322.08,2,At-Risk Customers,United Kingdom,152,13,2,161.04
15225.0,234,1,409.40000000000003,2,At-Risk Customers,United Kingdom,226,23,1,409.40000000000003
15226.0,311,1,154.41,2,At-Risk Customers,United Kingdom,71,8,1,154.41
15227.0,37,5,1219.4,0,Regular Customers,United Kingdom,750,43,5,243.88000000000002
15228.0,66,4,3386.71,1,High-Value Customers,United Kingdom,2255,110,4,846.6775
15230.0,239,2,429.6,2,At-Risk Customers,United Kingdom,351,23,2,214.8
15232.0,113,2,612.06,0,Regular Customers,United Kingdom,686,26,2,306.03
15234.0,277,1,197.0,2,At-Risk Customers,United Kingdom,196,14,1,197.0
15235.0,218,11,2247.51,1,High-Value Customers,United Kingdom,1324,132,12,187.29250000000002
15236.0,299,1,321.05,2,At-Risk Customers,United Kingdom,269,15,1,321.05
15237.0,2,4,1412.32,0,Regular Customers,United Kingdom,1071,94,4,353.08
15238.0,29,3,1071.99,0,Regular Customers,United Kingdom,692,49,3,357.33
15239.0,10,2,780.59,0,Regular Customers,United Kingdom,594,48,2,390.295
15240.0,45,5,1706.57,0,Regular Customers,United Kingdom,1369,58,5,341.31399999999996
15241.0,67,8,1756.44,1,High-Value Customers,United Kingdom,1818,82,8,219.555
15243.0,74,1,316.68,0,Regular Customers,United Kingdom,185,22,1,316.68
15244.0,65,2,631.57,0,Regular Customers,United Kingdom,405,31,2,315.785
15245.0,134,3,2515.84,0,Regular Customers,United Kingdom,1784,55,3,838.6133333333333
15246.0,238,2,514.15,2,At-Risk Customers,United Kingdom,247,32,2,257.075
15247.0,122,1,356.0,0,Regular Customers,United Kingdom,160,6,1,356.0
15249.0,32,11,3693.227500000001,1,High-Value Customers,United Kingdom,3577,211,13,284.09442307692314
15251.0,9,11,3693.227500000001,1,High-Value Customers,United Kingdom,6171,97,11,335.7479545454546
15252.0,36,2,740.78,0,Regular Customers,United Kingdom,522,44,2,370.39
15253.0,16,5,918.1999999999999,0,Regular Customers,United Kingdom,866,52,5,183.64
15254.0,127,1,300.36,0,Regular Customers,United Kingdom,275,18,1,300.36
15255.0,67,1,890.85,0,Regular Customers,United Kingdom,489,47,1,890.85
15256.0,149,1,98.45,2,At-Risk Customers,United Kingdom,55,6,1,98.45
15257.0,283,1,317.15,2,At-Risk Customers,United Kingdom,46,7,1,317.15
15258.0,169,2,623.16,2,At-Risk Customers,United Kingdom,142,32,2,311.58
15260.0,100,7,1810.77,1,High-Value Customers,United Kingdom,885,62,7,258.68142857142857
15261.0,135,1,254.82,0,Regular Customers,United Kingdom,270,19,1,254.82
15262.0,324,1,178.95000000000002,2,At-Risk Customers,United Kingdom,73,10,1,178.95000000000002
15263.0,107,1,156.51,0,Regular Customers,United Kingdom,89,12,1,156.51
15264.0,64,1,393.74,0,Regular Customers,United Kingdom,265,23,1,393.74
15265.0,151,2,1506.1200000000001,0,Regular Customers,United Kingdom,612,76,2,753.0600000000001
15266.0,328,1,119.3,2,At-Risk Customers,United Kingdom,18,6,1,119.3
15267.0,22,5,1717.36,0,Regular Customers,United Kingdom,944,8,5,343.472
15269.0,24,1,408.8,0,Regular Customers,United Kingdom,26,2,1,408.8
15270.0,16,7,2379.49,1,High-Value Customers,United Kingdom,1521,22,7,339.9271428571428
15271.0,7,11,2507.07,1,High-Value Customers,United Kingdom,1262,184,15,167.138
15272.0,57,2,721.94,0,Regular Customers,United Kingdom,310,63,2,360.97
15274.0,4,2,716.57,0,Regular Customers,United Kingdom,619,44,2,358.285
15275.0,38,1,615.14,0,Regular Customers,United Kingdom,498,41,1,615.14
15276.0,66,1,135.31,0,Regular Customers,United Kingdom,64,49,1,135.31
15277.0,47,1,255.89999999999998,0,Regular Customers,United Kingdom,205,12,1,255.89999999999998
15279.0,328,1,290.51,2,At-Risk Customers,United Kingdom,189,19,1,290.51
15280.0,172,1,113.12,2,At-Risk Customers,United Kingdom,154,16,1,113.12
15281.0,59,9,2332.15,1,High-Value Customers,United Kingdom,1211,121,9,259.1277777777778
15286.0,50,1,240.55,0,Regular Customers,United Kingdom,55,3,1,240.55
15287.0,22,2,486.69,0,Regular Customers,United Kingdom,433,17,2,243.345
15288.0,43,5,2306.52,1,High-Value Customers,United Kingdom,775,80,5,461.304
15289.0,29,3,939.78,0,Regular Customers,United Kingdom,1008,43,3,313.26
15290.0,5,11,3693.227500000001,1,High-Value Customers,United Kingdom,4501,93,18,205.1793055555556
15291.0,26,11,3693.227500000001,1,High-Value Customers,United Kingdom,2103,62,15,246.21516666666673
15292.0,201,1,180.94,2,At-Risk Customers,United Kingdom,56,24,1,180.94
15296.0,51,6,3672.86,1,High-Value Customers,United Kingdom,1766,137,6,612.1433333333333
15297.0,10,3,641.94,0,Regular Customers,United Kingdom,292,30,3,213.98000000000002
15298.0,2,11,3693.227500000001,1,High-Value Customers,United Kingdom,3116,115,12,307.7689583333334
15299.0,67,7,3693.227500000001,1,High-Value Customers,United Kingdom,2948,7,7,527.6039285714287
15300.0,64,1,496.44,0,Regular Customers,United Kingdom,292,28,1,496.44
15301.0,51,11,3693.227500000001,1,High-Value Customers,United Kingdom,2775,167,12,307.7689583333334
15303.0,290,1,574.02,2,At-Risk Customers,United Kingdom,248,31,1,574.02
15304.0,61,8,694.4000000000001,0,Regular Customers,United Kingdom,104,8,8,86.80000000000001
15306.0,64,3,1174.35,0,Regular Customers,United Kingdom,810,57,3,391.45
15307.0,96,1,205.3,0,Regular Customers,United Kingdom,37,12,1,205.3
15308.0,274,1,310.47,2,At-Risk Customers,United Kingdom,175,19,1,310.47
15311.0,1,11,3693.227500000001,1,High-Value Customers,United Kingdom,38194,567,91,40.58491758241759
15312.0,75,4,924.85,0,Regular Customers,United Kingdom,516,42,4,231.2125
15313.0,110,1,52.0,0,Regular Customers,United Kingdom,25,1,1,52.0
15314.0,199,1,327.97,2,At-Risk Customers,United Kingdom,313,24,1,327.97
15315.0,64,2,570.5,0,Regular Customers,United Kingdom,862,35,2,285.25
15316.0,327,1,165.0,2,At-Risk Customers,United Kingdom,100,1,1,165.0
15318.0,4,1,312.62,0,Regular Customers,United Kingdom,642,33,1,312.62
15319.0,284,1,204.5,2,At-Risk Customers,United Kingdom,175,16,1,204.5
15320.0,44,1,267.13,0,Regular Customers,United Kingdom,326,36,1,267.13
15321.0,71,3,2748.31,1,High-Value Customers,United Kingdom,1181,83,3,916.1033333333334
15322.0,86,1,679.68,0,Regular Customers,United Kingdom,416,42,1,679.68
15325.0,104,1,162.29,0,Regular Customers,United Kingdom,232,47,1,162.29
15326.0,328,1,311.71,2,At-Risk Customers,United Kingdom,386,29,1,311.71
15327.0,53,1,208.75,0,Regular Customers,United Kingdom,116,10,1,208.75
15329.0,39,3,1049.7,0,Regular Customers,United Kingdom,486,51,3,349.90000000000003
15330.0,32,2,714.96,0,Regular Customers,United Kingdom,1312,10,2,357.48
15332.0,328,4,1661.06,2,At-Risk Customers,Lithuania,652,29,4,415.265
15333.0,208,1,1028.56,2,At-Risk Customers,United Kingdom,344,16,1,1028.56
15334.0,157,3,351.67,2,At-Risk Customers,United Kingdom,274,67,3,117.22333333333334
15335.0,54,1,173.97,0,Regular Customers,United Kingdom,80,34,1,173.97
15339.0,66,2,574.07,0,Regular Customers,United Kingdom,416,77,2,287.035
15341.0,81,1,2020.52,0,Regular Customers,United Kingdom,812,17,1,2020.52
15342.0,130,1,406.09,0,Regular Customers,United Kingdom,283,24,1,406.09
15343.0,87,1,364.5,0,Regular Customers,United Kingdom,84,21,1,364.5
15344.0,1,3,563.94,0,Regular Customers,United Kingdom,116,21,3,187.98000000000002
15345.0,46,1,393.54,0,Regular Customers,United Kingdom,81,20,1,393.54
15346.0,328,1,252.42000000000002,2,At-Risk Customers,United Kingdom,144,17,1,252.42000000000002
15347.0,328,1,201.60000000000002,2,At-Risk Customers,United Kingdom,130,5,1,201.60000000000002
15348.0,72,1,158.04,0,Regular Customers,United Kingdom,84,9,1,158.04
15349.0,158,2,473.81,2,At-Risk Customers,United Kingdom,327,65,2,236.905
15350.0,328,1,115.65,2,At-Risk Customers,United Kingdom,51,5,1,115.65
15351.0,12,7,1960.1100000000001,1,High-Value Customers,United Kingdom,753,157,7,280.0157142857143
15353.0,255,2,777.02,2,At-Risk Customers,United Kingdom,343,59,2,388.51
15355.0,29,2,277.05,0,Regular Customers,United Kingdom,45,9,2,138.525
15356.0,31,10,2766.5,1,High-Value Customers,United Kingdom,1673,215,10,276.65
15358.0,5,11,3693.227500000001,1,High-Value Customers,United Kingdom,7050,292,22,167.8739772727273
15360.0,40,1,427.93,0,Regular Customers,United Kingdom,223,13,1,427.93
15361.0,328,1,418.92,2,At-Risk Customers,United Kingdom,336,7,1,418.92
15363.0,328,1,326.0,2,At-Risk Customers,United Kingdom,144,16,1,326.0
15364.0,96,2,913.19,0,Regular Customers,United Kingdom,493,29,2,456.595
15365.0,26,7,2314.32,1,High-Value Customers,United Kingdom,1084,65,7,330.6171428571429
15366.0,75,2,602.51,0,Regular Customers,United Kingdom,621,37,2,301.255
15367.0,57,4,1877.59,0,Regular Customers,United Kingdom,1057,91,4,469.3975
15368.0,21,1,446.94000000000005,0,Regular Customers,United Kingdom,230,4,1,446.94000000000005
15370.0,41,7,2386.05,1,High-Value Customers,United Kingdom,830,65,7,340.86428571428576
15372.0,137,1,2007.3999999999999,0,Regular Customers,United Kingdom,2924,27,1,2007.3999999999999
15373.0,8,11,2415.91,1,High-Value Customers,United Kingdom,500,74,12,201.32583333333332
15374.0,129,1,168.0,0,Regular Customers,United Kingdom,126,3,1,168.0
15376.0,40,3,1233.3600000000001,0,Regular Customers,United Kingdom,619,100,3,411.12000000000006
15379.0,169,7,3693.227500000001,1,High-Value Customers,United Kingdom,2305,145,7,527.6039285714287
15380.0,9,5,1690.2600000000002,0,Regular Customers,United Kingdom,376,22,5,338.052
15381.0,214,2,596.85,2,At-Risk Customers,United Kingdom,171,8,2,298.425
15382.0,15,6,3693.227500000001,1,High-Value Customers,United Kingdom,4012,193,6,615.5379166666668
15384.0,170,2,642.41,2,At-Risk Customers,United Kingdom,596,34,2,321.205
15385.0,40,1,316.88,0,Regular Customers,United Kingdom,161,12,1,316.88
15386.0,186,1,394.14,2,At-Risk Customers,United Kingdom,446,31,1,394.14
15388.0,270,1,140.54,2,At-Risk Customers,Canada,88,10,1,140.54
15389.0,172,1,500.0,2,At-Risk Customers,United Kingdom,400,1,1,500.0
15392.0,5,4,1535.53,0,Regular Customers,United Kingdom,1277,74,4,383.8825
15393.0,16,2,231.86,0,Regular Customers,United Kingdom,150,10,2,115.93
15394.0,10,4,2183.54,0,Regular Customers,United Kingdom,910,54,4,545.885
15395.0,326,1,107.45,2,At-Risk Customers,United Kingdom,17,7,1,107.45
15396.0,113,1,288.18,0,Regular Customers,United Kingdom,122,14,1,288.18
15397.0,290,1,94.0,2,At-Risk Customers,United Kingdom,20,6,1,94.0
15398.0,16,2,1345.53,0,Regular Customers,United Kingdom,769,60,2,672.765
15399.0,1,3,815.77,0,Regular Customers,United Kingdom,611,45,3,271.92333333333335
15400.0,92,5,716.2,0,Regular Customers,United Kingdom,390,10,5,143.24
15402.0,149,2,626.77,2,At-Risk Customers,United Kingdom,694,35,2,313.385
15405.0,189,1,349.1,2,At-Risk Customers,United Kingdom,193,8,1,349.1
15406.0,31,2,510.71000000000004,0,Regular Customers,United Kingdom,254,51,2,255.35500000000002
15407.0,34,4,1056.44,0,Regular Customers,United Kingdom,558,142,4,264.11
15408.0,264,1,267.18,2,At-Risk Customers,United Kingdom,106,34,1,267.18
15410.0,84,8,3450.84,1,High-Value Customers,United Kingdom,1200,48,8,431.355
15411.0,26,4,1358.88,0,Regular Customers,United Kingdom,530,86,4,339.72
15412.0,171,1,190.53,2,At-Risk Customers,United Kingdom,108,10,1,190.53
15414.0,10,3,774.9000000000001,0,Regular Customers,United Kingdom,443,37,3,258.3
15415.0,313,1,572.8100000000001,2,At-Risk Customers,United Kingdom,575,46,1,572.8100000000001
15416.0,65,4,3693.227500000001,1,High-Value Customers,United Kingdom,2090,165,4,923.3068750000002
15417.0,85,1,508.8,0,Regular Customers,United Kingdom,284,28,1,508.8
15419.0,25,1,135.86,0,Regular Customers,United Kingdom,230,8,1,135.86
15421.0,59,4,950.36,0,Regular Customers,United Kingdom,500,40,4,237.59
15422.0,323,2,97.7,2,At-Risk Customers,United Kingdom,38,6,2,48.85
15423.0,38,1,43.5,0,Regular Customers,United Kingdom,101,2,1,43.5
15424.0,254,2,383.34,2,At-Risk Customers,United Kingdom,554,17,2,191.67
15426.0,19,5,1447.39,0,Regular Customers,United Kingdom,674,217,5,289.478
15427.0,33,3,1483.14,0,Regular Customers,United Kingdom,1013,233,3,494.38000000000005
15428.0,15,1,93.78,0,Regular Customers,United Kingdom,102,6,1,93.78
15429.0,27,2,397.35,0,Regular Customers,United Kingdom,380,77,2,198.675
15432.0,23,1,171.19,0,Regular Customers,United Kingdom,65,10,1,171.19
15433.0,214,2,533.3,2,At-Risk Customers,United Kingdom,534,40,2,266.65
15434.0,8,5,1041.48,0,Regular Customers,United Kingdom,647,40,5,208.296
15435.0,22,1,149.29,0,Regular Customers,United Kingdom,54,29,1,149.29
15436.0,12,3,1122.53,0,Regular Customers,United Kingdom,613,243,3,374.1766666666667
15437.0,262,1,200.16,2,At-Risk Customers,United Kingdom,79,44,1,200.16
15438.0,131,1,156.57999999999998,0,Regular Customers,United Kingdom,59,25,1,156.57999999999998
15440.0,55,3,383.68,0,Regular Customers,United Kingdom,197,50,3,127.89333333333333
15442.0,249,1,594.0,2,At-Risk Customers,United Kingdom,120,2,1,594.0
15443.0,2,7,3236.91,1,High-Value Customers,United Kingdom,1663,237,7,462.4157142857143
15444.0,9,2,1418.26,0,Regular Customers,United Kingdom,764,191,2,709.13
15445.0,264,1,113.5,2,At-Risk Customers,United Kingdom,58,5,1,113.5
15447.0,328,1,155.17,2,At-Risk Customers,United Kingdom,85,9,1,155.17
15448.0,313,1,494.64,2,At-Risk Customers,United Kingdom,232,28,1,494.64
15449.0,26,3,974.52,0,Regular Customers,United Kingdom,812,47,3,324.84
15450.0,30,1,429.84,0,Regular Customers,United Kingdom,376,30,1,429.84
15452.0,30,3,538.73,0,Regular Customers,United Kingdom,283,47,3,179.57666666666668
15453.0,2,7,1388.37,1,High-Value Customers,United Kingdom,845,169,7,198.3385714285714
15454.0,328,1,179.1,2,At-Risk Customers,United Kingdom,86,23,1,179.1
15456.0,283,3,447.22,2,At-Risk Customers,United Kingdom,660,48,3,149.07333333333335
15457.0,262,1,237.07,2,At-Risk Customers,United Kingdom,132,56,1,237.07
15458.0,25,1,161.64,0,Regular Customers,United Kingdom,156,7,1,161.64
15460.0,328,1,216.76,2,At-Risk Customers,United Kingdom,109,53,1,216.76
15462.0,94,3,234.6,0,Regular Customers,United Kingdom,172,9,3,78.2
15463.0,29,1,126.14,0,Regular Customers,United Kingdom,106,7,1,126.14
15464.0,328,1,1048.85,2,At-Risk Customers,United Kingdom,350,155,1,1048.85
15465.0,20,11,3693.227500000001,1,High-Value Customers,United Kingdom,1257,43,18,205.1793055555556
15466.0,85,1,334.53,0,Regular Customers,United Kingdom,246,56,1,334.53
15467.0,9,3,524.88,0,Regular Customers,United Kingdom,310,41,3,174.96
15468.0,51,2,467.51,0,Regular Customers,United Kingdom,155,24,2,233.755
15469.0,50,2,538.55,0,Regular Customers,United Kingdom,153,24,2,269.275
15471.0,2,1,469.48,0,Regular Customers,United Kingdom,266,67,1,469.48
15472.0,113,1,371.56,0,Regular Customers,United Kingdom,251,76,1,371.56
15473.0,14,7,1771.2,1,High-Value Customers,United Kingdom,672,4,7,253.02857142857144
15475.0,77,1,454.10999999999996,0,Regular Customers,United Kingdom,319,29,1,454.10999999999996
15478.0,40,2,1441.42,0,Regular Customers,United Kingdom,585,34,2,720.71
15480.0,116,1,905.5,0,Regular Customers,Malta,303,45,1,905.5
15482.0,16,11,3693.227500000001,1,High-Value Customers,United Kingdom,5020,46,12,307.7689583333334
15483.0,161,4,233.81,2,At-Risk Customers,United Kingdom,295,74,4,58.4525
15484.0,1,4,3594.31,1,High-Value Customers,United Kingdom,3152,135,4,898.5775
15485.0,30,3,2575.0,0,Regular Customers,United Kingdom,1306,59,3,858.3333333333334
15488.0,93,1,91.32000000000001,0,Regular Customers,United Kingdom,73,2,1,91.32000000000001
15489.0,23,3,1134.28,0,Regular Customers,United Kingdom,608,47,3,378.0933333333333
15491.0,95,6,3100.09,1,High-Value Customers,United Kingdom,1646,108,6,516.6816666666667
15492.0,28,2,659.4599999999999,0,Regular Customers,United Kingdom,483,32,2,329.72999999999996
15493.0,33,5,2001.8,1,High-Value Customers,United Kingdom,560,177,5,400.36
15494.0,21,2,1299.23,0,Regular Customers,United Kingdom,1148,120,2,649.615
15497.0,18,2,1262.2,0,Regular Customers,United Kingdom,624,13,2,631.1
15498.0,3,11,3693.227500000001,1,High-Value Customers,United Kingdom,6105,360,27,136.78620370370373
15500.0,8,4,1131.56,0,Regular Customers,United Kingdom,572,64,4,282.89
15502.0,16,11,3693.227500000001,1,High-Value Customers,United Kingdom,4236,164,12,307.7689583333334
15503.0,328,1,147.09,2,At-Risk Customers,United Kingdom,74,66,1,147.09
15504.0,81,1,52.83,0,Regular Customers,United Kingdom,33,13,1,52.83
15505.0,53,5,3610.96,1,High-Value Customers,United Kingdom,2390,90,5,722.192
15506.0,23,3,979.26,0,Regular Customers,United Kingdom,848,121,3,326.42
15507.0,172,1,492.36,2,At-Risk Customers,United Kingdom,162,41,1,492.36
15508.0,189,6,1000.27,2,At-Risk Customers,United Kingdom,440,78,6,166.71166666666667
15510.0,328,1,250.0,2,At-Risk Customers,United Kingdom,2,1,1,250.0
15511.0,12,5,909.23,0,Regular Customers,United Kingdom,271,117,5,181.846
15512.0,156,2,121.0,2,At-Risk Customers,United Kingdom,68,7,2,60.5
15513.0,33,11,3693.227500000001,1,High-Value Customers,United Kingdom,5709,183,19,194.38039473684216
15514.0,12,11,3693.227500000001,1,High-Value Customers,United Kingdom,2160,96,11,335.7479545454546
15516.0,45,3,62.43,0,Regular Customers,United Kingdom,27,15,3,20.81
15517.0,233,1,267.03,2,At-Risk Customers,United Kingdom,293,27,1,267.03
15518.0,64,8,1942.45,1,High-Value Customers,United Kingdom,1273,135,8,242.80625
15520.0,2,1,343.5,0,Regular Customers,United Kingdom,314,18,1,343.5
15521.0,40,8,3000.2,1,High-Value Customers,United Kingdom,1836,116,8,375.025
15522.0,33,2,398.84,0,Regular Customers,United Kingdom,573,47,2,199.42
15523.0,84,1,412.01000000000005,0,Regular Customers,United Kingdom,132,10,1,412.01000000000005
15524.0,25,1,440.0,0,Regular Customers,United Kingdom,4,1,1,440.0
15525.0,2,3,825.92,0,Regular Customers,United Kingdom,416,133,3,275.3066666666667
15526.0,33,2,148.44,0,Regular Customers,United Kingdom,24,4,2,74.22
15527.0,19,8,2429.78,1,High-Value Customers,United Kingdom,992,127,8,303.7225
15528.0,254,1,229.33,2,At-Risk Customers,United Kingdom,123,26,1,229.33
15529.0,23,11,3693.227500000001,1,High-Value Customers,United Kingdom,3496,415,11,335.7479545454546
15530.0,22,4,1502.35,0,Regular Customers,United Kingdom,950,90,4,375.5875
15531.0,8,2,2007.44,0,Regular Customers,United Kingdom,1105,196,2,1003.72
15532.0,25,4,1580.93,0,Regular Customers,United Kingdom,521,205,4,395.2325
15533.0,19,3,807.57,0,Regular Customers,United Kingdom,289,73,3,269.19
15535.0,173,4,536.4,2,At-Risk Customers,United Kingdom,143,55,4,134.1
15537.0,163,1,110.92,2,At-Risk Customers,United Kingdom,29,24,1,110.92
15539.0,7,1,538.46,0,Regular Customers,United Kingdom,410,41,1,538.46
15540.0,11,1,213.3,0,Regular Customers,United Kingdom,200,15,1,213.3
15541.0,114,1,85.13000000000001,0,Regular Customers,United Kingdom,49,29,1,85.13000000000001
15543.0,288,1,127.86,2,At-Risk Customers,United Kingdom,86,26,1,127.86
15544.0,9,9,3546.71,1,High-Value Customers,United Kingdom,3109,122,9,394.0788888888889
15545.0,54,2,292.71999999999997,0,Regular Customers,United Kingdom,163,78,2,146.35999999999999
15547.0,7,11,3693.227500000001,1,High-Value Customers,United Kingdom,4032,441,14,263.80196428571435
15549.0,77,3,1693.26,0,Regular Customers,United Kingdom,698,104,3,564.42
15550.0,4,4,575.63,0,Regular Customers,United Kingdom,295,43,4,143.9075
15551.0,37,1,436.06,0,Regular Customers,United Kingdom,218,29,1,436.06
15552.0,217,1,90.12,2,At-Risk Customers,United Kingdom,60,17,1,90.12
15553.0,60,1,437.23,0,Regular Customers,United Kingdom,451,51,1,437.23
15554.0,278,1,217.2,2,At-Risk Customers,United Kingdom,74,14,1,217.2
15555.0,12,11,3693.227500000001,1,High-Value Customers,United Kingdom,4439,401,16,230.82671875000005
15556.0,24,1,279.77,0,Regular Customers,United Kingdom,236,31,1,279.77
15557.0,29,1,473.65000000000003,0,Regular Customers,United Kingdom,219,16,1,473.65000000000003
15561.0,12,4,800.59,0,Regular Customers,United Kingdom,267,27,4,200.1475
15562.0,328,1,134.55,2,At-Risk Customers,United Kingdom,39,1,1,134.55
15563.0,22,4,1400.44,0,Regular Customers,United Kingdom,1501,88,4,350.11
15565.0,50,2,173.16,0,Regular Customers,United Kingdom,60,8,2,86.58
15567.0,19,1,186.01,0,Regular Customers,United Kingdom,223,7,1,186.01
15568.0,3,3,758.29,0,Regular Customers,United Kingdom,461,27,3,252.76333333333332
15569.0,104,5,1375.71,0,Regular Customers,United Kingdom,666,27,5,275.142
15570.0,7,11,3693.227500000001,1,High-Value Customers,United Kingdom,2067,231,12,307.7689583333334
15571.0,12,4,650.4300000000001,0,Regular Customers,United Kingdom,264,47,4,162.60750000000002
15572.0,5,7,2552.86,1,High-Value Customers,United Kingdom,1229,166,7,364.69428571428574
15573.0,32,2,607.45,0,Regular Customers,United Kingdom,363,88,2,303.725
15574.0,178,4,702.25,2,At-Risk Customers,United Kingdom,349,131,4,175.5625
15576.0,38,1,940.6700000000001,0,Regular Customers,United Kingdom,404,43,1,940.6700000000001
15577.0,151,3,258.88,2,At-Risk Customers,United Kingdom,89,39,3,86.29333333333334
15578.0,162,1,127.1,2,At-Risk Customers,United Kingdom,52,13,1,127.1
15579.0,69,2,348.6,0,Regular Customers,United Kingdom,120,45,2,174.3
15581.0,121,11,3679.9700000000003,1,High-Value Customers,United Kingdom,286,134,13,283.0746153846154
15582.0,25,3,682.9100000000001,0,Regular Customers,United Kingdom,453,39,3,227.63666666666668
15584.0,24,4,725.11,0,Regular Customers,United Kingdom,314,89,4,181.2775
15585.0,177,1,455.3,2,At-Risk Customers,United Kingdom,320,31,1,455.3
15587.0,50,4,913.6800000000001,0,Regular Customers,United Kingdom,312,3,4,228.42000000000002
15589.0,256,3,478.53000000000003,2,At-Risk Customers,United Kingdom,243,28,3,159.51000000000002
15592.0,47,1,388.58,0,Regular Customers,United Kingdom,354,24,1,388.58
15593.0,71,1,199.8,0,Regular Customers,United Kingdom,60,5,1,199.8
15594.0,16,5,1771.78,0,Regular Customers,United Kingdom,983,85,5,354.356
15596.0,101,5,1406.59,0,Regular Customers,United Kingdom,561,51,5,281.318
15597.0,35,1,324.57,0,Regular Customers,United Kingdom,279,22,1,324.57
15598.0,53,1,240.68,0,Regular Customers,United Kingdom,160,14,1,240.68
15599.0,27,2,761.74,0,Regular Customers,United Kingdom,718,50,2,380.87
15601.0,11,11,3693.227500000001,1,High-Value Customers,United Kingdom,4983,230,14,263.80196428571435
15602.0,8,9,1297.8700000000001,1,High-Value Customers,United Kingdom,1137,30,9,144.20777777777778
15603.0,79,1,48.480000000000004,0,Regular Customers,United Kingdom,96,2,1,48.480000000000004
15604.0,52,1,216.39,0,Regular Customers,United Kingdom,159,17,1,216.39
15605.0,36,5,1198.23,0,Regular Customers,United Kingdom,441,61,5,239.64600000000002
15606.0,61,9,2920.16,1,High-Value Customers,United Kingdom,892,48,9,324.4622222222222
15607.0,328,1,104.76,2,At-Risk Customers,United Kingdom,202,13,1,104.76
15608.0,28,4,1093.68,0,Regular Customers,United Kingdom,714,59,4,273.42
15609.0,184,1,298.48,2,At-Risk Customers,United Kingdom,148,16,1,298.48
15610.0,52,1,112.46000000000001,0,Regular Customers,United Kingdom,66,6,1,112.46000000000001
15611.0,10,11,1591.45,1,High-Value Customers,United Kingdom,504,23,13,122.41923076923078
15612.0,36,2,195.15,0,Regular Customers,United Kingdom,52,4,2,97.575
15615.0,10,11,3693.227500000001,1,High-Value Customers,United Kingdom,5508,184,23,160.5751086956522
15618.0,33,4,776.851,0,Regular Customers,United Kingdom,454,39,4,194.21275
15619.0,11,1,336.40000000000003,0,Regular Customers,United Kingdom,136,3,1,336.40000000000003
15620.0,57,3,1553.18,0,Regular Customers,United Kingdom,915,92,3,517.7266666666667
15621.0,4,4,1293.03,0,Regular Customers,United Kingdom,501,11,4,323.2575
15622.0,43,9,3693.227500000001,1,High-Value Customers,United Kingdom,1674,169,9,410.3586111111112
15623.0,141,1,301.03,2,At-Risk Customers,United Kingdom,125,19,1,301.03
15624.0,117,4,588.13,0,Regular Customers,United Kingdom,357,26,4,147.0325
15625.0,104,4,1534.26,0,Regular Customers,United Kingdom,1188,44,4,383.565
15626.0,75,2,675.8,0,Regular Customers,United Kingdom,766,49,2,337.9
15628.0,5,9,2870.2400000000002,1,High-Value Customers,United Kingdom,1894,85,9,318.91555555555556
15630.0,45,2,1186.35,0,Regular Customers,United Kingdom,800,57,2,593.175
15632.0,16,8,3285.31,1,High-Value Customers,United Kingdom,2109,107,8,410.66375
15634.0,17,1,243.55,0,Regular Customers,United Kingdom,99,15,1,243.55
15636.0,90,2,724.76,0,Regular Customers,United Kingdom,284,20,2,362.38
15637.0,53,1,223.36,0,Regular Customers,United Kingdom,128,15,1,223.36
15639.0,134,1,425.32,0,Regular Customers,United Kingdom,323,25,1,425.32
15640.0,4,11,3693.227500000001,1,High-Value Customers,United Kingdom,6607,240,15,246.21516666666673
15641.0,105,4,1887.2,0,Regular Customers,United Kingdom,1562,102,4,471.8
15643.0,192,3,664.0,2,At-Risk Customers,United Kingdom,246,31,3,221.33333333333334
15644.0,166,4,813.0,2,At-Risk Customers,United Kingdom,557,166,4,203.25
15645.0,19,1,612.01,0,Regular Customers,United Kingdom,256,50,1,612.01
15646.0,158,3,447.64000000000004,2,At-Risk Customers,United Kingdom,394,35,3,149.21333333333334
15648.0,204,2,657.35,2,At-Risk Customers,United Kingdom,221,23,2,328.675
15649.0,328,2,816.0,2,At-Risk Customers,United Kingdom,192,1,2,408.0
15651.0,37,3,646.3,0,Regular Customers,United Kingdom,479,27,3,215.4333333333333
15652.0,91,1,337.74,0,Regular Customers,United Kingdom,208,21,1,337.74
15653.0,93,2,877.4399999999999,0,Regular Customers,United Kingdom,1200,4,2,438.71999999999997
15654.0,9,2,922.53,0,Regular Customers,United Kingdom,475,15,2,461.265
15655.0,243,1,560.67,2,At-Risk Customers,United Kingdom,324,34,1,560.67
15656.0,45,4,748.5,0,Regular Customers,United Kingdom,343,46,4,187.125
15657.0,23,1,30.0,0,Regular Customers,United Kingdom,24,1,1,30.0
15658.0,190,5,1024.1000000000001,2,At-Risk Customers,United Kingdom,242,40,5,204.82000000000002
15659.0,44,1,306.45,0,Regular Customers,United Kingdom,111,11,1,306.45
15660.0,25,9,1600.86,1,High-Value Customers,United Kingdom,1050,55,9,177.87333333333333
15661.0,317,2,309.8,2,At-Risk Customers,United Kingdom,236,4,2,154.9
15663.0,106,1,138.14,0,Regular Customers,United Kingdom,106,9,1,138.14
15664.0,51,1,386.43,0,Regular Customers,United Kingdom,157,17,1,386.43
15665.0,168,2,2242.01,2,At-Risk Customers,United Kingdom,1666,92,2,1121.005
15667.0,40,1,301.32,0,Regular Customers,United Kingdom,240,13,1,301.32
15668.0,218,1,76.32000000000001,2,At-Risk Customers,United Kingdom,72,1,1,76.32000000000001
15669.0,40,4,684.34,0,Regular Customers,United Kingdom,342,31,4,171.085
15670.0,297,1,173.05,2,At-Risk Customers,United Kingdom,91,12,1,173.05
15671.0,19,7,2657.13,1,High-Value Customers,United Kingdom,1699,52,7,379.59000000000003
15673.0,88,4,2881.02,1,High-Value Customers,United Kingdom,1514,107,4,720.255
15674.0,73,5,2446.6,1,High-Value Customers,United Kingdom,1275,88,5,489.32
15675.0,81,3,323.69,0,Regular Customers,United Kingdom,527,20,3,107.89666666666666
15676.0,19,3,3435.76,1,High-Value Customers,United Kingdom,2252,191,3,1145.2533333333333
15677.0,49,1,657.23,0,Regular Customers,United Kingdom,319,33,1,657.23
15678.0,53,1,352.7,0,Regular Customers,United Kingdom,184,12,1,352.7
15679.0,24,4,781.28,0,Regular Customers,United Kingdom,1170,98,4,195.32
15680.0,9,3,1333.68,0,Regular Customers,United Kingdom,952,61,3,444.56
15681.0,25,5,1426.16,0,Regular Customers,United Kingdom,816,32,5,285.232
15683.0,117,1,193.75,0,Regular Customers,United Kingdom,131,10,1,193.75
15687.0,9,9,2993.1,1,High-Value Customers,United Kingdom,1310,119,9,332.56666666666666
15689.0,120,2,254.1,0,Regular Customers,United Kingdom,84,8,2,127.05
15690.0,4,2,239.76,0,Regular Customers,United Kingdom,408,19,2,119.88
15691.0,252,1,136.8,2,At-Risk Customers,United Kingdom,72,2,1,136.8
15692.0,28,1,191.04,0,Regular Customers,United Kingdom,138,12,1,191.04
15694.0,1,11,3693.227500000001,1,High-Value Customers,United Kingdom,1677,42,14,263.80196428571435
15695.0,267,2,409.98,2,At-Risk Customers,United Kingdom,212,22,2,204.99
15696.0,33,8,2736.46,1,High-Value Customers,United Kingdom,1028,140,8,342.0575
15699.0,18,1,309.65,0,Regular Customers,United Kingdom,113,18,1,309.65
15700.0,172,2,696.68,2,At-Risk Customers,United Kingdom,357,85,2,348.34
15701.0,2,4,1542.14,0,Regular Customers,United Kingdom,923,193,4,385.535
15703.0,265,1,211.5,2,At-Risk Customers,United Kingdom,66,5,1,211.5
15704.0,140,4,2293.62,0,Regular Customers,United Kingdom,1028,79,4,573.405
15705.0,201,1,143.1,2,At-Risk Customers,United Kingdom,62,6,1,143.1
15706.0,64,4,1060.56,0,Regular Customers,United Kingdom,321,50,4,265.14
15707.0,35,4,945.58,0,Regular Customers,United Kingdom,605,126,4,236.395
15708.0,41,7,3364.2400000000002,1,High-Value Customers,United Kingdom,1267,124,7,480.6057142857143
15709.0,284,1,133.25,2,At-Risk Customers,United Kingdom,121,6,1,133.25
15712.0,9,5,1072.3600000000001,0,Regular Customers,United Kingdom,486,41,5,214.47200000000004
15713.0,143,2,356.7,0,Regular Customers,United Kingdom,150,18,2,178.35
15714.0,12,2,330.88,0,Regular Customers,United Kingdom,187,34,2,165.44
15716.0,146,4,1118.81,0,Regular Customers,United Kingdom,744,101,4,279.7025
15717.0,234,1,150.3,2,At-Risk Customers,United Kingdom,70,7,1,150.3
15719.0,33,11,3693.227500000001,1,High-Value Customers,United Kingdom,2725,299,13,284.09442307692314
15720.0,24,1,598.73,0,Regular Customers,United Kingdom,281,128,1,598.73
15721.0,12,1,507.08,0,Regular Customers,United Kingdom,409,80,1,507.08
15722.0,36,5,2222.56,1,High-Value Customers,United Kingdom,1026,45,5,444.512
15723.0,328,1,203.1,2,At-Risk Customers,United Kingdom,87,37,1,203.1
15724.0,201,2,218.25,2,At-Risk Customers,United Kingdom,73,11,2,109.125
15725.0,15,1,415.25,0,Regular Customers,United Kingdom,221,32,1,415.25
15727.0,17,7,3693.227500000001,1,High-Value Customers,United Kingdom,3065,213,7,527.6039285714287
15729.0,213,1,85.0,2,At-Risk Customers,United Kingdom,28,5,1,85.0
15730.0,66,3,1120.88,0,Regular Customers,United Kingdom,689,68,3,373.6266666666667
15732.0,212,2,294.12,2,At-Risk Customers,United Kingdom,215,13,2,147.06
15733.0,283,1,162.3,2,At-Risk Customers,United Kingdom,62,10,1,162.3
15734.0,115,2,1339.45,0,Regular Customers,United Kingdom,346,25,2,669.725
15737.0,15,8,1205.1200000000001,1,High-Value Customers,United Kingdom,599,60,8,150.64000000000001
15738.0,19,11,3693.227500000001,1,High-Value Customers,United Kingdom,2982,46,16,230.82671875000005
15739.0,66,1,449.12,0,Regular Customers,United Kingdom,472,8,1,449.12
15740.0,49,1,154.88,0,Regular Customers,United Kingdom,152,9,1,154.88
15743.0,16,4,784.46,0,Regular Customers,United Kingdom,216,59,4,196.115
15744.0,78,1,34.8,0,Regular Customers,United Kingdom,120,3,1,34.8
15745.0,19,4,1094.59,0,Regular Customers,United Kingdom,421,57,4,273.6475
15746.0,134,1,196.88,0,Regular Customers,United Kingdom,178,28,1,196.88
15747.0,13,3,974.04,0,Regular Customers,United Kingdom,480,52,3,324.68
15748.0,40,1,149.31,0,Regular Customers,United Kingdom,51,19,1,149.31
15749.0,235,3,3693.227500000001,1,High-Value Customers,United Kingdom,18028,5,3,1231.0758333333335
15750.0,3,8,2465.48,1,High-Value Customers,United Kingdom,1786,214,8,308.185
15752.0,40,7,2637.38,1,High-Value Customers,United Kingdom,1978,236,7,376.7685714285714
15753.0,305,1,79.2,2,At-Risk Customers,United Kingdom,144,1,1,79.2
15754.0,51,3,458.57,0,Regular Customers,United Kingdom,199,24,3,152.85666666666665
15755.0,10,6,2364.25,1,High-Value Customers,United Kingdom,1427,127,6,394.0416666666667
15756.0,61,4,532.96,0,Regular Customers,United Kingdom,242,160,4,133.24
15757.0,66,2,714.42,0,Regular Customers,United Kingdom,491,43,2,357.21
15758.0,25,1,205.25,0,Regular Customers,United Kingdom,47,9,1,205.25
15759.0,218,3,253.04,2,At-Risk Customers,United Kingdom,60,5,3,84.34666666666666
15762.0,65,2,583.75,0,Regular Customers,United Kingdom,251,37,2,291.875
15763.0,32,2,1086.92,0,Regular Customers,United Kingdom,271,58,2,543.46
15764.0,88,6,3279.97,1,High-Value Customers,United Kingdom,2050,150,6,546.6616666666666
15766.0,64,1,315.06,0,Regular Customers,United Kingdom,170,11,1,315.06
15768.0,116,3,621.8299999999999,0,Regular Customers,United Kingdom,244,23,3,207.27666666666664
15769.0,7,11,3693.227500000001,1,High-Value Customers,United Kingdom,29672,26,26,142.04721153846157
15773.0,6,1,635.6800000000001,0,Regular Customers,United Kingdom,311,10,1,635.6800000000001
15774.0,69,1,270.8,0,Regular Customers,United Kingdom,87,25,1,270.8
15775.0,245,1,104.9,2,At-Risk Customers,United Kingdom,68,7,1,104.9
15776.0,133,1,241.62,0,Regular Customers,United Kingdom,138,18,1,241.62
15777.0,241,4,1047.11,2,At-Risk Customers,United Kingdom,378,18,4,261.7775
15780.0,184,3,475.28000000000003,2,At-Risk Customers,United Kingdom,220,26,3,158.42666666666668
15781.0,25,3,345.46,0,Regular Customers,United Kingdom,180,20,3,115.15333333333332
15782.0,10,3,2614.7400000000002,0,Regular Customers,United Kingdom,864,34,3,871.58
15783.0,11,1,246.3,0,Regular Customers,United Kingdom,212,14,1,246.3
15785.0,33,5,2328.9700000000003,1,High-Value Customers,United Kingdom,1612,58,5,465.79400000000004
15786.0,46,3,3693.227500000001,1,High-Value Customers,United Kingdom,3364,257,3,1231.0758333333335
15787.0,26,3,948.05,0,Regular Customers,United Kingdom,540,156,3,316.01666666666665
15789.0,328,1,351.3,2,At-Risk Customers,United Kingdom,438,25,1,351.3
15790.0,10,1,220.85,0,Regular Customers,United Kingdom,114,34,1,220.85
15791.0,44,2,1612.69,0,Regular Customers,United Kingdom,731,66,2,806.345
15793.0,15,3,965.61,0,Regular Customers,United Kingdom,553,6,3,321.87
15795.0,150,1,610.01,2,At-Risk Customers,United Kingdom,581,42,1,610.01
15796.0,1,8,2711.56,1,High-Value Customers,United Kingdom,861,70,8,338.945
15797.0,113,4,2207.4,0,Regular Customers,United Kingdom,873,8,4,551.85
15799.0,76,3,884.14,0,Regular Customers,United Kingdom,955,94,3,294.7133333333333
15800.0,107,2,699.08,0,Regular Customers,United Kingdom,335,116,2,349.54
15801.0,46,3,1063.95,0,Regular Customers,United Kingdom,570,61,3,354.65000000000003
15802.0,143,1,451.42,2,At-Risk Customers,United Kingdom,1,1,1,451.42
15803.0,51,1,415.82000000000005,0,Regular Customers,United Kingdom,290,8,1,415.82000000000005
15804.0,1,11,3693.227500000001,1,High-Value Customers,United Kingdom,2565,170,13,284.09442307692314
15805.0,23,11,3693.227500000001,1,High-Value Customers,United Kingdom,3387,220,17,217.2486764705883
15806.0,46,3,784.58,0,Regular Customers,United Kingdom,602,24,3,261.5266666666667
15807.0,50,3,903.9,0,Regular Customers,United Kingdom,430,48,3,301.3
15808.0,306,4,3693.227500000001,2,At-Risk Customers,United Kingdom,1343,142,4,923.3068750000002
15809.0,36,5,515.77,0,Regular Customers,United Kingdom,301,31,5,103.154
15810.0,79,4,1391.98,0,Regular Customers,United Kingdom,861,66,4,347.995
15811.0,22,6,2218.62,1,High-Value Customers,United Kingdom,1071,117,6,369.77
15812.0,107,5,1801.14,0,Regular Customers,United Kingdom,922,36,5,360.228
15813.0,208,2,1303.9099999999999,2,At-Risk Customers,United Kingdom,603,40,2,651.9549999999999
15814.0,17,4,1945.33,0,Regular Customers,United Kingdom,1271,63,4,486.3325
15815.0,64,5,2100.6,1,High-Value Customers,United Kingdom,1856,33,5,420.12
15819.0,49,4,1905.45,0,Regular Customers,United Kingdom,1357,96,4,476.3625
15820.0,320,1,206.98,2,At-Risk Customers,United Kingdom,128,17,1,206.98
15821.0,44,2,570.96,0,Regular Customers,United Kingdom,202,57,2,285.48
15822.0,3,2,885.47,0,Regular Customers,United Kingdom,375,28,2,442.735
15823.0,328,1,15.0,2,At-Risk Customers,United Kingdom,1,1,1,15.0
15825.0,172,1,532.94,2,At-Risk Customers,United Kingdom,220,20,1,532.94
15826.0,56,3,1654.31,0,Regular Customers,United Kingdom,963,64,3,551.4366666666666
15827.0,73,11,1836.0900000000001,1,High-Value Customers,United Kingdom,882,72,14,131.14928571428572
15829.0,99,2,636.14,0,Regular Customers,United Kingdom,996,44,2,318.07
15830.0,38,1,576.0,0,Regular Customers,United Kingdom,415,39,1,576.0
15831.0,58,3,801.76,0,Regular Customers,United Kingdom,1105,63,3,267.25333333333333
15832.0,254,1,836.79,2,At-Risk Customers,United Kingdom,465,54,1,836.79
15834.0,70,4,2233.75,0,Regular Customers,United Kingdom,965,242,4,558.4375
15835.0,44,4,954.09,0,Regular Customers,United Kingdom,439,47,4,238.5225
15836.0,50,1,137.37,0,Regular Customers,United Kingdom,26,10,1,137.37
15837.0,65,1,391.98,0,Regular Customers,United Kingdom,189,24,1,391.98
15838.0,11,11,3693.227500000001,1,High-Value Customers,United Kingdom,18368,54,19,194.38039473684216
15839.0,33,3,1048.49,0,Regular Customers,United Kingdom,675,56,3,349.49666666666667
15840.0,59,2,355.56,0,Regular Customers,United Kingdom,396,26,2,177.78
15841.0,73,4,1224.06,0,Regular Customers,United Kingdom,942,36,4,306.015
15843.0,304,1,118.95000000000002,2,At-Risk Customers,United Kingdom,27,8,1,118.95000000000002
15844.0,46,1,130.73999999999998,0,Regular Customers,United Kingdom,134,11,1,130.73999999999998
15845.0,18,8,3693.227500000001,1,High-Value Customers,United Kingdom,1926,97,8,461.6534375000001
15847.0,38,2,389.27,0,Regular Customers,United Kingdom,449,22,2,194.635
15850.0,19,2,238.85,0,Regular Customers,United Kingdom,302,87,2,119.425
15852.0,187,2,160.71,2,At-Risk Customers,United Kingdom,48,22,2,80.355
15853.0,52,1,110.8,0,Regular Customers,United Kingdom,135,29,1,110.8
15854.0,4,11,2974.65,1,High-Value Customers,United Kingdom,939,105,12,247.88750000000002
15855.0,137,5,712.24,0,Regular Customers,United Kingdom,470,59,5,142.448
15856.0,4,11,3693.227500000001,1,High-Value Customers,United Kingdom,11005,295,27,136.78620370370373
15857.0,19,1,297.0,0,Regular Customers,United Kingdom,308,14,1,297.0
15858.0,16,5,1438.85,0,Regular Customers,United Kingdom,1167,145,5,287.77
15860.0,41,8,977.21,1,High-Value Customers,United Kingdom,440,105,8,122.15125
15861.0,12,8,3165.36,1,High-Value Customers,United Kingdom,2544,339,8,395.67
15862.0,8,4,832.88,0,Regular Customers,United Kingdom,585,142,4,208.22
15863.0,26,2,68.84,0,Regular Customers,United Kingdom,19,18,2,34.42
15864.0,22,6,1936.3200000000002,1,High-Value Customers,United Kingdom,1192,16,6,322.72
15865.0,41,3,895.13,0,Regular Customers,United Kingdom,368,37,3,298.37666666666667
15866.0,101,1,230.53,0,Regular Customers,United Kingdom,126,43,1,230.53
15867.0,5,11,3693.227500000001,1,High-Value Customers,United Kingdom,2054,302,15,246.21516666666673
15869.0,277,2,149.64,2,At-Risk Customers,United Kingdom,175,13,2,74.82
15870.0,33,1,354.09000000000003,0,Regular Customers,United Kingdom,335,68,1,354.09000000000003
15872.0,15,2,360.93,0,Regular Customers,United Kingdom,212,101,2,180.465
15874.0,64,7,3693.227500000001,1,High-Value Customers,United Kingdom,2534,110,7,527.6039285714287
15877.0,2,2,493.28,0,Regular Customers,United Kingdom,371,122,2,246.64
15880.0,328,1,343.28000000000003,2,At-Risk Customers,United Kingdom,211,95,1,343.28000000000003
15881.0,312,5,501.39000000000004,2,At-Risk Customers,United Kingdom,260,26,5,100.278
15882.0,199,4,516.36,2,At-Risk Customers,United Kingdom,276,23,4,129.09
15883.0,2,2,396.48,0,Regular Customers,United Kingdom,223,42,2,198.24
15885.0,93,3,379.35,0,Regular Customers,United Kingdom,111,18,3,126.45
15886.0,60,1,181.09,0,Regular Customers,United Kingdom,147,12,1,181.09
15888.0,81,1,168.31,0,Regular Customers,United Kingdom,76,11,1,168.31
15889.0,157,2,446.87,2,At-Risk Customers,United Kingdom,215,79,2,223.435
15891.0,227,1,524.52,2,At-Risk Customers,United Kingdom,442,60,1,524.52
15894.0,253,2,263.55,2,At-Risk Customers,United Kingdom,168,35,2,131.775
15895.0,150,1,179.17,2,At-Risk Customers,United Kingdom,94,11,1,179.17
15897.0,194,2,222.05,2,At-Risk Customers,United Kingdom,261,17,2,111.025
15898.0,1,5,1388.88,0,Regular Customers,United Kingdom,570,70,5,277.776
15899.0,328,1,56.25,2,At-Risk Customers,United Kingdom,39,4,1,56.25
15900.0,24,1,351.11,0,Regular Customers,United Kingdom,221,44,1,351.11
15901.0,17,3,363.88,0,Regular Customers,United Kingdom,384,102,3,121.29333333333334
15903.0,10,7,3693.227500000001,1,High-Value Customers,United Kingdom,2410,46,7,527.6039285714287
15904.0,8,1,164.68,0,Regular Customers,United Kingdom,84,30,1,164.68
15906.0,20,7,1567.69,1,High-Value Customers,United Kingdom,544,113,7,223.9557142857143
15907.0,4,3,967.45,0,Regular Customers,United Kingdom,509,175,3,322.48333333333335
15909.0,174,1,191.94,2,At-Risk Customers,United Kingdom,98,7,1,191.94
15910.0,1,8,1232.18,1,High-Value Customers,United Kingdom,1015,215,8,154.0225
15912.0,178,2,264.62,2,At-Risk Customers,United Kingdom,185,19,2,132.31
15916.0,16,8,1528.09,1,High-Value Customers,United Kingdom,757,124,8,191.01125
15917.0,248,1,123.1,2,At-Risk Customers,United Kingdom,42,12,1,123.1
15918.0,191,2,334.23,2,At-Risk Customers,United Kingdom,153,33,2,167.115
15919.0,20,2,639.89,0,Regular Customers,United Kingdom,545,103,2,319.945
15920.0,154,4,167.5,2,At-Risk Customers,United Kingdom,99,53,4,41.875
15921.0,173,1,336.03000000000003,2,At-Risk Customers,United Kingdom,166,24,1,336.03000000000003
15922.0,328,1,369.5,2,At-Risk Customers,United Kingdom,138,11,1,369.5
15923.0,328,1,127.08,2,At-Risk Customers,United Kingdom,122,21,1,127.08
15925.0,194,1,207.15,2,At-Risk Customers,United Kingdom,93,12,1,207.15
15930.0,67,1,426.63,0,Regular Customers,United Kingdom,139,21,1,426.63
15932.0,4,8,2495.87,1,High-Value Customers,United Kingdom,2325,93,8,311.98375
15933.0,21,3,1107.46,0,Regular Customers,United Kingdom,885,63,3,369.15333333333336
15935.0,239,2,416.86,2,At-Risk Customers,United Kingdom,115,12,2,208.43
15937.0,64,1,145.35,0,Regular Customers,United Kingdom,73,7,1,145.35
15938.0,112,5,404.58,0,Regular Customers,United Kingdom,240,13,5,80.916
15939.0,90,11,3693.227500000001,1,High-Value Customers,United Kingdom,4728,28,15,246.21516666666673
15940.0,311,1,35.8,2,At-Risk Customers,United Kingdom,4,1,1,35.8
15942.0,134,1,337.44,0,Regular Customers,United Kingdom,232,14,1,337.44
15944.0,277,1,325.1,2,At-Risk Customers,United Kingdom,50,6,1,325.1
15945.0,328,1,181.0,2,At-Risk Customers,United Kingdom,52,2,1,181.0
15947.0,83,1,1708.24,0,Regular Customers,United Kingdom,898,29,1,1708.24
15948.0,8,2,955.24,0,Regular Customers,United Kingdom,567,51,2,477.62
15949.0,17,2,364.72,0,Regular Customers,United Kingdom,284,12,2,182.36
15950.0,32,4,1765.51,0,Regular Customers,United Kingdom,729,86,4,441.3775
15951.0,9,2,708.22,0,Regular Customers,United Kingdom,313,36,2,354.11
15952.0,34,4,806.57,0,Regular Customers,United Kingdom,399,65,4,201.6425
15953.0,15,8,1659.3799999999999,1,High-Value Customers,United Kingdom,892,63,8,207.42249999999999
15955.0,24,11,3693.227500000001,1,High-Value Customers,United Kingdom,2135,137,14,263.80196428571435
15957.0,32,1,428.89,0,Regular Customers,United Kingdom,211,40,1,428.89
15958.0,74,1,104.35,0,Regular Customers,United Kingdom,33,7,1,104.35
15963.0,20,2,470.76,0,Regular Customers,United Kingdom,298,26,2,235.38
15965.0,17,4,845.64,0,Regular Customers,United Kingdom,453,88,4,211.41
15967.0,23,2,418.83,0,Regular Customers,United Kingdom,211,73,2,209.415
15969.0,3,3,666.1,0,Regular Customers,United Kingdom,124,20,3,222.03333333333333
15970.0,304,1,314.1,2,At-Risk Customers,United Kingdom,116,11,1,314.1
15971.0,18,11,3693.227500000001,1,High-Value Customers,United Kingdom,1717,10,12,307.7689583333334
15973.0,328,1,307.82000000000005,2,At-Risk Customers,United Kingdom,106,4,1,307.82000000000005
15974.0,39,7,3442.15,1,High-Value Customers,United Kingdom,2262,141,7,491.7357142857143
15975.0,84,1,371.01,0,Regular Customers,United Kingdom,243,24,1,371.01
15976.0,165,2,430.94,2,At-Risk Customers,United Kingdom,277,83,2,215.47
15977.0,17,2,1054.73,0,Regular Customers,United Kingdom,1016,48,2,527.365
15978.0,77,1,1098.78,0,Regular Customers,United Kingdom,888,49,1,1098.78
15980.0,89,3,2398.86,0,Regular Customers,United Kingdom,1560,40,3,799.62
15981.0,25,8,3408.48,1,High-Value Customers,United Kingdom,1866,53,8,426.06
15983.0,22,4,1475.02,0,Regular Customers,United Kingdom,892,82,4,368.755
15984.0,3,10,2837.67,1,High-Value Customers,United Kingdom,1843,217,10,283.767
15985.0,123,2,1142.42,0,Regular Customers,United Kingdom,1086,29,2,571.21
15986.0,30,1,168.12,0,Regular Customers,United Kingdom,268,14,1,168.12
15987.0,12,7,1451.28,1,High-Value Customers,United Kingdom,1556,110,7,207.32571428571427
15988.0,19,1,158.03,0,Regular Customers,United Kingdom,181,26,1,158.03
15990.0,44,2,792.11,0,Regular Customers,United Kingdom,443,52,2,396.055
15992.0,4,1,41.989999999999995,0,Regular Customers,United Kingdom,17,3,1,41.989999999999995
15993.0,9,7,2797.57,1,High-Value Customers,United Kingdom,2051,335,7,399.65285714285716
15994.0,55,1,427.07,0,Regular Customers,United Kingdom,177,31,1,427.07
15996.0,88,6,1060.68,0,Regular Customers,United Kingdom,384,103,6,176.78
15998.0,37,5,3089.97,1,High-Value Customers,United Kingdom,2041,370,5,617.9939999999999
16000.0,3,3,3693.227500000001,1,High-Value Customers,United Kingdom,5110,9,3,1231.0758333333335
16003.0,30,5,2735.37,1,High-Value Customers,United Kingdom,1185,82,5,547.074
16005.0,12,4,615.39,0,Regular Customers,United Kingdom,300,173,4,153.8475
16006.0,211,1,101.4,2,At-Risk Customers,United Kingdom,84,8,1,101.4
16007.0,48,4,1701.94,0,Regular Customers,United Kingdom,1393,221,4,425.485
16008.0,24,3,478.78,0,Regular Customers,United Kingdom,323,29,3,159.59333333333333
16009.0,22,4,992.71,0,Regular Customers,United Kingdom,378,68,4,248.1775
16010.0,246,3,407.5,2,At-Risk Customers,United Kingdom,210,62,3,135.83333333333334
16011.0,8,11,3362.71,1,High-Value Customers,United Kingdom,2042,99,16,210.169375
16012.0,35,3,1415.29,0,Regular Customers,United Kingdom,799,87,3,471.7633333333333
16013.0,4,11,3693.227500000001,1,High-Value Customers,United Kingdom,15536,30,47,78.57930851063831
16014.0,38,3,662.38,0,Regular Customers,United Kingdom,265,123,3,220.79333333333332
16015.0,4,3,705.39,0,Regular Customers,United Kingdom,909,146,3,235.13
16016.0,3,8,1508.76,1,High-Value Customers,United Kingdom,620,156,8,188.595
16017.0,47,1,211.88,0,Regular Customers,United Kingdom,102,26,1,211.88
16018.0,39,2,408.90000000000003,0,Regular Customers,United Kingdom,190,26,2,204.45000000000002
16019.0,47,9,3693.227500000001,1,High-Value Customers,United Kingdom,1733,133,9,410.3586111111112
16020.0,17,3,851.01,0,Regular Customers,United Kingdom,487,42,3,283.67
16022.0,260,1,628.28,2,At-Risk Customers,United Kingdom,261,68,1,628.28
16023.0,46,3,719.81,0,Regular Customers,United Kingdom,358,90,3,239.93666666666664
16024.0,12,1,251.24,0,Regular Customers,United Kingdom,398,61,1,251.24
16025.0,30,1,439.65999999999997,0,Regular Customers,United Kingdom,338,28,1,439.65999999999997
16026.0,43,1,236.09,0,Regular Customers,United Kingdom,243,30,1,236.09
16027.0,92,6,934.62,0,Regular Customers,United Kingdom,1147,11,6,155.77
16029.0,39,11,3693.227500000001,1,High-Value Customers,United Kingdom,40208,44,63,58.62265873015875
16030.0,310,1,331.24,2,At-Risk Customers,United Kingdom,283,28,1,331.24
16031.0,92,2,548.94,0,Regular Customers,United Kingdom,423,91,2,274.47
16033.0,6,11,3693.227500000001,1,High-Value Customers,United Kingdom,3539,538,20,184.66137500000005
16034.0,196,3,437.7,2,At-Risk Customers,United Kingdom,242,18,3,145.9
16036.0,87,2,758.92,0,Regular Customers,United Kingdom,716,55,2,379.46
16037.0,270,3,855.02,2,At-Risk Customers,United Kingdom,428,37,3,285.00666666666666
16038.0,8,3,471.78000000000003,0,Regular Customers,United Kingdom,244,24,3,157.26000000000002
16040.0,65,3,1313.55,0,Regular Customers,United Kingdom,684,57,3,437.84999999999997
16041.0,31,3,3166.4,1,High-Value Customers,United Kingdom,1584,6,3,1055.4666666666667
16042.0,22,5,1197.27,0,Regular Customers,United Kingdom,755,68,5,239.454
16043.0,38,4,773.99,0,Regular Customers,United Kingdom,503,30,4,193.4975
16045.0,120,4,1340.7,0,Regular Customers,United Kingdom,897,71,4,335.175
16048.0,328,2,256.44,2,At-Risk Customers,United Kingdom,144,8,2,128.22
16049.0,40,3,1111.79,0,Regular Customers,United Kingdom,793,248,3,370.59666666666664
16050.0,174,1,137.9,2,At-Risk Customers,United Kingdom,278,10,1,137.9
16052.0,54,1,362.06,0,Regular Customers,United Kingdom,282,34,1,362.06
16053.0,33,2,1511.95,0,Regular Customers,United Kingdom,1793,81,2,755.975
16054.0,145,1,783.9,2,At-Risk Customers,United Kingdom,380,70,1,783.9
16055.0,221,1,134.8,2,At-Risk Customers,United Kingdom,22,8,1,134.8
16056.0,45,1,664.85,0,Regular Customers,United Kingdom,347,66,1,664.85
16057.0,16,7,2263.12,1,High-Value Customers,United Kingdom,863,109,7,323.30285714285714
16059.0,66,6,1459.8600000000001,0,Regular Customers,United Kingdom,643,126,6,243.31000000000003
16062.0,10,4,1153.62,0,Regular Customers,United Kingdom,800,50,4,288.405
16063.0,260,1,335.32,2,At-Risk Customers,United Kingdom,262,23,1,335.32
16065.0,328,1,372.09,2,At-Risk Customers,United Kingdom,231,71,1,372.09
16066.0,17,5,1521.87,0,Regular Customers,United Kingdom,936,77,5,304.37399999999997
16070.0,22,2,852.15,0,Regular Customers,United Kingdom,457,32,2,426.075
16071.0,45,1,326.24,0,Regular Customers,United Kingdom,180,21,1,326.24
16072.0,288,1,584.3199999999999,2,At-Risk Customers,United Kingdom,140,23,1,584.3199999999999
16073.0,297,1,122.39999999999999,2,At-Risk Customers,United Kingdom,48,1,1,122.39999999999999
16076.0,3,10,2234.73,1,High-Value Customers,United Kingdom,1435,71,10,223.473
16078.0,284,1,79.2,2,At-Risk Customers,United Kingdom,16,1,1,79.2
16079.0,17,3,1352.0,0,Regular Customers,United Kingdom,864,18,3,450.6666666666667
16080.0,82,2,217.16,0,Regular Customers,United Kingdom,128,10,2,108.58
16081.0,56,5,2806.9,1,High-Value Customers,United Kingdom,1477,175,5,561.38
16083.0,101,2,1317.62,0,Regular Customers,United Kingdom,908,31,2,658.81
16084.0,299,1,436.18,2,At-Risk Customers,United Kingdom,216,38,1,436.18
16085.0,23,5,981.51,0,Regular Customers,United Kingdom,636,123,5,196.302
16086.0,59,5,1121.39,0,Regular Customers,United Kingdom,511,24,5,224.27800000000002
16091.0,155,2,315.06,2,At-Risk Customers,United Kingdom,154,16,2,157.53
16092.0,115,3,817.86,0,Regular Customers,United Kingdom,628,37,3,272.62
16093.0,107,1,17.0,0,Regular Customers,United Kingdom,20,1,1,17.0
16094.0,12,4,1078.23,0,Regular Customers,United Kingdom,647,48,4,269.5575
16096.0,264,1,320.62,2,At-Risk Customers,United Kingdom,155,12,1,320.62
16097.0,240,1,185.04999999999998,2,At-Risk Customers,United Kingdom,87,10,1,185.04999999999998
16098.0,88,7,2005.63,1,High-Value Customers,United Kingdom,613,34,7,286.5185714285714
16099.0,50,3,731.9,0,Regular Customers,United Kingdom,434,29,3,243.96666666666667
16101.0,71,1,1290.7,0,Regular Customers,United Kingdom,757,76,1,1290.7
16102.0,42,3,1842.14,0,Regular Customers,United Kingdom,942,41,3,614.0466666666667
16103.0,7,6,1429.64,0,Regular Customers,United Kingdom,558,30,6,238.27333333333334
16104.0,62,1,302.36,0,Regular Customers,United Kingdom,123,28,1,302.36
16105.0,249,1,336.96,2,At-Risk Customers,United Kingdom,330,13,1,336.96
16106.0,66,1,108.38,0,Regular Customers,United Kingdom,74,6,1,108.38
16107.0,18,7,3204.1600000000003,1,High-Value Customers,United Kingdom,1176,16,7,457.7371428571429
16108.0,85,1,842.5,0,Regular Customers,United Kingdom,615,48,1,842.5
16109.0,219,2,611.88,2,At-Risk Customers,United Kingdom,612,18,2,305.94
16110.0,45,3,1337.48,0,Regular Customers,United Kingdom,733,283,3,445.82666666666665
16112.0,143,4,195.73999999999998,0,Regular Customers,United Kingdom,574,15,4,48.934999999999995
16113.0,183,1,161.38,2,At-Risk Customers,United Kingdom,176,30,1,161.38
16114.0,171,1,135.75000000000003,2,At-Risk Customers,United Kingdom,43,8,1,135.75000000000003
16115.0,10,8,1667.97,1,High-Value Customers,United Kingdom,1001,169,8,208.49625
16116.0,212,1,612.78,2,At-Risk Customers,United Kingdom,248,34,1,612.78
16117.0,190,1,232.21,2,At-Risk Customers,United Kingdom,130,30,1,232.21
16119.0,8,2,423.36,0,Regular Customers,United Kingdom,240,14,2,211.68
16120.0,59,4,1309.14,0,Regular Customers,United Kingdom,878,26,4,327.285
16121.0,57,2,867.11,0,Regular Customers,United Kingdom,586,170,2,433.555
16122.0,73,4,684.4200000000001,0,Regular Customers,United Kingdom,1128,26,4,171.10500000000002
16123.0,52,1,307.78,0,Regular Customers,United Kingdom,170,16,1,307.78
16124.0,317,1,249.0,2,At-Risk Customers,United Kingdom,48,11,1,249.0
16125.0,328,1,289.35,2,At-Risk Customers,United Kingdom,124,13,1,289.35
16126.0,29,4,3693.227500000001,1,High-Value Customers,United Kingdom,2125,57,4,923.3068750000002
16127.0,39,1,656.25,0,Regular Customers,United Kingdom,323,40,1,656.25
16128.0,18,5,1880.22,0,Regular Customers,United Kingdom,988,76,5,376.044
16131.0,52,6,3506.54,1,High-Value Customers,United Kingdom,1802,55,6,584.4233333333333
16133.0,4,11,3693.227500000001,1,High-Value Customers,United Kingdom,8887,219,33,111.91598484848487
16134.0,22,2,618.09,0,Regular Customers,United Kingdom,371,34,2,309.045
16135.0,263,1,517.55,2,At-Risk Customers,United Kingdom,209,21,1,517.55
16136.0,60,3,709.38,0,Regular Customers,United Kingdom,440,35,3,236.46
16139.0,19,3,635.41,0,Regular Customers,United Kingdom,330,25,3,211.8033333333333
16140.0,66,2,725.18,0,Regular Customers,United Kingdom,730,32,2,362.59
16141.0,88,1,620.4,0,Regular Customers,United Kingdom,238,30,1,620.4
16142.0,250,1,535.34,2,At-Risk Customers,United Kingdom,422,37,1,535.34
16143.0,3,6,2424.94,1,High-Value Customers,United Kingdom,919,75,6,404.1566666666667
16144.0,247,1,175.2,2,At-Risk Customers,United Kingdom,16,1,1,175.2
16145.0,9,11,3693.227500000001,1,High-Value Customers,United Kingdom,3123,134,11,335.7479545454546
16146.0,157,3,734.13,2,At-Risk Customers,United Kingdom,427,26,3,244.71
16147.0,134,1,375.0,0,Regular Customers,United Kingdom,246,22,1,375.0
16148.0,296,1,76.32000000000001,2,At-Risk Customers,United Kingdom,72,1,1,76.32000000000001
16149.0,5,2,280.52,0,Regular Customers,United Kingdom,308,18,2,140.26
16150.0,43,5,2053.02,1,High-Value Customers,United Kingdom,1047,91,5,410.604
16152.0,269,1,1829.04,2,At-Risk Customers,United Kingdom,642,29,1,1829.04
16153.0,50,5,1824.23,0,Regular Customers,United Kingdom,1073,78,5,364.846
16156.0,9,9,3122.04,1,High-Value Customers,United Kingdom,1308,108,9,346.8933333333333
16157.0,16,3,656.69,0,Regular Customers,United Kingdom,347,12,3,218.89666666666668
16159.0,282,1,348.2,2,At-Risk Customers,United Kingdom,236,14,1,348.2
16160.0,65,2,1025.44,0,Regular Customers,United Kingdom,1162,20,2,512.72
16161.0,2,11,3693.227500000001,1,High-Value Customers,United Kingdom,2599,286,19,194.38039473684216
16162.0,252,1,37.4,2,At-Risk Customers,United Kingdom,4,2,1,37.4
16163.0,232,2,856.6,2,At-Risk Customers,United Kingdom,192,5,2,428.3
16164.0,17,3,822.48,0,Regular Customers,United Kingdom,433,27,3,274.16
16168.0,11,11,3693.227500000001,1,High-Value Customers,United Kingdom,1892,57,27,136.78620370370373
16169.0,8,4,1822.97,0,Regular Customers,United Kingdom,1325,71,4,455.7425
16170.0,51,6,1885.05,1,High-Value Customers,United Kingdom,1770,106,6,314.175
16171.0,59,1,73.2,0,Regular Customers,United Kingdom,24,3,1,73.2
16172.0,95,5,1140.21,0,Regular Customers,United Kingdom,787,52,5,228.042
16173.0,16,6,1418.32,0,Regular Customers,United Kingdom,575,70,6,236.38666666666666
16174.0,126,3,1009.5500000000001,0,Regular Customers,United Kingdom,651,19,3,336.5166666666667
16175.0,94,4,1037.59,0,Regular Customers,United Kingdom,533,45,4,259.3975
16177.0,50,1,331.95,0,Regular Customers,United Kingdom,95,15,1,331.95
16178.0,138,1,197.9,2,At-Risk Customers,United Kingdom,94,8,1,197.9
16179.0,61,1,215.83,0,Regular Customers,United Kingdom,99,11,1,215.83
16180.0,100,8,3693.227500000001,1,High-Value Customers,United Kingdom,5867,90,8,461.6534375000001
16181.0,73,1,305.54,0,Regular Customers,United Kingdom,152,11,1,305.54
16182.0,72,4,3693.227500000001,1,High-Value Customers,United Kingdom,3791,17,4,923.3068750000002
16183.0,67,1,338.71000000000004,0,Regular Customers,United Kingdom,113,15,1,338.71000000000004
16184.0,64,6,1158.79,0,Regular Customers,United Kingdom,561,26,6,193.13166666666666
16185.0,17,2,529.41,0,Regular Customers,United Kingdom,260,31,2,264.705
16186.0,23,11,3693.227500000001,1,High-Value Customers,United Kingdom,3020,87,12,307.7689583333334
16187.0,32,11,3693.227500000001,1,High-Value Customers,United Kingdom,5048,160,15,246.21516666666673
16188.0,45,4,981.86,0,Regular Customers,United Kingdom,782,65,4,245.465
16189.0,16,2,215.48,0,Regular Customers,United Kingdom,134,9,2,107.74
16190.0,40,1,215.08,0,Regular Customers,United Kingdom,88,6,1,215.08
16191.0,3,11,3693.227500000001,1,High-Value Customers,United Kingdom,3351,65,13,284.09442307692314
16193.0,237,1,314.45,2,At-Risk Customers,United Kingdom,219,19,1,314.45
16198.0,75,1,400.68100000000004,0,Regular Customers,United Kingdom,129,15,1,400.68100000000004
16200.0,4,2,1080.6200000000001,0,Regular Customers,United Kingdom,523,149,2,540.3100000000001
16201.0,3,4,1863.47,0,Regular Customers,United Kingdom,1286,74,4,465.8675
16202.0,328,1,365.27,2,At-Risk Customers,United Kingdom,191,18,1,365.27
16203.0,59,4,592.9,0,Regular Customers,United Kingdom,262,27,4,148.225
16204.0,23,1,405.71,0,Regular Customers,United Kingdom,231,45,1,405.71
16205.0,31,4,761.38,0,Regular Customers,United Kingdom,517,73,4,190.345
16206.0,55,4,537.0600000000001,0,Regular Customers,United Kingdom,272,52,4,134.26500000000001
16207.0,25,1,394.38,0,Regular Customers,United Kingdom,140,19,1,394.38
16208.0,45,2,664.26,0,Regular Customers,United Kingdom,333,61,2,332.13
16209.0,89,5,2262.62,1,High-Value Customers,United Kingdom,1179,37,5,452.524
16210.0,2,11,3693.227500000001,1,High-Value Customers,United Kingdom,7559,74,18,205.1793055555556
16211.0,89,1,547.02,0,Regular Customers,United Kingdom,154,23,1,547.02
16212.0,19,2,690.34,0,Regular Customers,United Kingdom,244,40,2,345.17
16213.0,79,1,159.0,0,Regular Customers,United Kingdom,48,6,1,159.0
16214.0,171,3,1062.75,2,At-Risk Customers,United Kingdom,420,36,3,354.25
16215.0,81,1,242.35,0,Regular Customers,United Kingdom,104,14,1,242.35
16216.0,267,1,914.9300000000001,2,At-Risk Customers,United Kingdom,254,37,1,914.9300000000001
16217.0,235,2,304.25,2,At-Risk Customers,United Kingdom,91,13,2,152.125
16218.0,30,7,3084.68,1,High-Value Customers,United Kingdom,2088,56,7,440.6685714285714
16221.0,37,3,864.86,0,Regular Customers,United Kingdom,717,90,3,288.2866666666667
16222.0,318,1,846.72,2,At-Risk Customers,United Kingdom,365,120,1,846.72
16224.0,57,4,1295.3,0,Regular Customers,United Kingdom,1116,90,4,323.825
16225.0,45,5,1096.32,0,Regular Customers,United Kingdom,493,109,5,219.26399999999998
16226.0,203,3,255.12,2,At-Risk Customers,United Kingdom,192,6,3,85.04
16227.0,225,1,314.22,2,At-Risk Customers,United Kingdom,90,6,1,314.22
16229.0,87,2,1010.6,0,Regular Customers,United Kingdom,318,46,2,505.3
16230.0,190,2,542.03,2,At-Risk Customers,United Kingdom,365,32,2,271.015
16232.0,44,4,990.88,0,Regular Customers,United Kingdom,550,24,4,247.72
16233.0,71,3,536.6800000000001,0,Regular Customers,United Kingdom,174,22,3,178.89333333333335
16235.0,41,5,867.31,0,Regular Customers,United Kingdom,330,42,5,173.462
16236.0,78,1,432.2,0,Regular Customers,United Kingdom,184,20,1,432.2
16239.0,57,2,414.2,0,Regular Customers,United Kingdom,228,18,2,207.1
16240.0,24,2,3693.227500000001,1,High-Value Customers,United Kingdom,1641,126,2,1846.6137500000004
16241.0,10,11,2607.87,1,High-Value Customers,United Kingdom,1453,347,13,200.6053846153846
16242.0,8,7,3603.21,1,High-Value Customers,United Kingdom,1982,184,7,514.7442857142858
16243.0,34,2,409.1,0,Regular Customers,United Kingdom,110,49,2,204.55
16244.0,212,2,1522.75,2,At-Risk Customers,United Kingdom,855,88,2,761.375
16245.0,24,3,1413.66,0,Regular Customers,United Kingdom,1014,80,3,471.22
16247.0,170,1,114.56,2,At-Risk Customers,United Kingdom,182,16,1,114.56
16248.0,62,1,152.94,0,Regular Customers,United Kingdom,78,7,1,152.94
16249.0,53,5,1800.07,0,Regular Customers,United Kingdom,950,67,5,360.014
16250.0,261,2,389.44,2,At-Risk Customers,United Kingdom,208,22,2,194.72
16253.0,67,2,3683.86,1,High-Value Customers,United Kingdom,3233,114,2,1841.93
16255.0,17,8,2619.91,1,High-Value Customers,United Kingdom,1767,146,8,327.48875
16256.0,267,1,752.4300000000001,2,At-Risk Customers,United Kingdom,581,13,1,752.4300000000001
16257.0,177,1,46.95,2,At-Risk Customers,United Kingdom,2,2,1,46.95
16258.0,45,5,3693.227500000001,1,High-Value Customers,United Kingdom,2994,111,5,738.6455000000002
16260.0,51,1,1035.45,0,Regular Customers,United Kingdom,311,18,1,1035.45
16261.0,17,4,746.83,0,Regular Customers,United Kingdom,306,98,4,186.7075
16265.0,9,9,3693.227500000001,1,High-Value Customers,United Kingdom,2646,164,9,410.3586111111112
16266.0,74,7,861.89,0,Regular Customers,United Kingdom,398,44,7,123.12714285714286
16268.0,71,2,667.65,0,Regular Customers,United Kingdom,533,45,2,333.825
16270.0,328,1,1141.24,2,At-Risk Customers,United Kingdom,688,54,1,1141.24
16271.0,3,5,1429.24,0,Regular Customers,United Kingdom,1038,89,5,285.848
16272.0,117,1,411.7,0,Regular Customers,United Kingdom,224,25,1,411.7
16274.0,328,1,357.95,2,At-Risk Customers,United Kingdom,155,64,1,357.95
16275.0,197,1,559.87,2,At-Risk Customers,United Kingdom,336,33,1,559.87
16276.0,177,1,810.6000000000001,2,At-Risk Customers,United Kingdom,420,6,1,810.6000000000001
16278.0,100,1,566.38,0,Regular Customers,United Kingdom,114,23,1,566.38
16279.0,21,3,1509.58,0,Regular Customers,United Kingdom,1054,102,3,503.1933333333333
16281.0,72,1,2062.06,0,Regular Customers,United Kingdom,934,17,1,2062.06
16282.0,328,1,168.3,2,At-Risk Customers,United Kingdom,114,11,1,168.3
16283.0,6,5,1570.81,0,Regular Customers,United Kingdom,1236,117,5,314.162
16284.0,31,2,823.97,0,Regular Customers,United Kingdom,544,87,2,411.985
16287.0,170,1,142.5,2,At-Risk Customers,United Kingdom,298,8,1,142.5
16292.0,122,1,302.25,0,Regular Customers,United Kingdom,191,17,1,302.25
16293.0,22,10,2248.9900000000002,1,High-Value Customers,United Kingdom,982,102,10,224.89900000000003
16295.0,10,4,1328.55,0,Regular Customers,United Kingdom,841,70,4,332.1375
16297.0,269,1,301.9,2,At-Risk Customers,United Kingdom,206,20,1,301.9
16298.0,23,3,598.2,0,Regular Customers,United Kingdom,198,22,3,199.4
16302.0,127,1,233.22,0,Regular Customers,United Kingdom,158,11,1,233.22
16303.0,26,3,3693.227500000001,1,High-Value Customers,United Kingdom,2659,119,3,1231.0758333333335
16305.0,139,1,361.21999999999997,0,Regular Customers,United Kingdom,256,22,1,361.21999999999997
16306.0,214,6,632.27,2,At-Risk Customers,United Kingdom,487,36,6,105.37833333333333
16308.0,38,4,2560.0,1,High-Value Customers,United Kingdom,8000,1,4,640.0
16309.0,106,2,706.57,0,Regular Customers,United Kingdom,467,39,2,353.285
16311.0,18,2,616.26,0,Regular Customers,United Kingdom,394,35,2,308.13
16313.0,3,2,274.15000000000003,0,Regular Customers,United Kingdom,165,16,2,137.07500000000002
16315.0,328,1,226.37,2,At-Risk Customers,United Kingdom,75,14,1,226.37
16316.0,64,8,2938.91,1,High-Value Customers,United Kingdom,1484,120,8,367.36375
16317.0,120,3,1341.65,0,Regular Customers,United Kingdom,890,64,3,447.2166666666667
16318.0,35,1,328.15,0,Regular Customers,United Kingdom,199,19,1,328.15
16319.0,218,1,404.40000000000003,2,At-Risk Customers,United Kingdom,72,3,1,404.40000000000003
16320.0,172,2,1038.46,2,At-Risk Customers,Unspecified,732,56,2,519.23
16321.0,72,5,373.65000000000003,0,Regular Customers,Australia,135,7,5,74.73
16322.0,1,2,326.75,0,Regular Customers,United Kingdom,231,28,2,163.375
16323.0,196,1,207.50000000000003,2,At-Risk Customers,United Kingdom,50,1,1,207.50000000000003
16324.0,128,3,428.68,0,Regular Customers,United Kingdom,282,100,3,142.89333333333335
16325.0,47,3,594.24,0,Regular Customers,United Kingdom,194,14,3,198.08
16326.0,6,11,3110.96,1,High-Value Customers,United Kingdom,709,158,14,222.21142857142857
16327.0,14,6,3693.227500000001,1,High-Value Customers,United Kingdom,2571,142,6,615.5379166666668
16330.0,18,3,251.91,0,Regular Customers,United Kingdom,147,39,3,83.97
16332.0,28,7,1593.2,1,High-Value Customers,United Kingdom,801,125,7,227.6
16333.0,8,11,3693.227500000001,1,High-Value Customers,United Kingdom,32184,9,22,167.8739772727273
16337.0,37,1,151.05,0,Regular Customers,United Kingdom,87,10,1,151.05
16338.0,157,1,214.79999999999998,2,At-Risk Customers,United Kingdom,94,11,1,214.79999999999998
16339.0,284,1,109.95,2,At-Risk Customers,United Kingdom,23,17,1,109.95
16340.0,107,1,549.07,0,Regular Customers,United Kingdom,501,124,1,549.07
16341.0,25,4,1971.87,0,Regular Customers,United Kingdom,1398,60,4,492.9675
16342.0,75,4,322.41,0,Regular Customers,United Kingdom,157,10,4,80.6025
16343.0,16,2,370.47999999999996,0,Regular Customers,United Kingdom,195,29,2,185.23999999999998
16344.0,158,1,101.10000000000001,2,At-Risk Customers,United Kingdom,18,1,1,101.10000000000001
16345.0,44,1,575.41,0,Regular Customers,United Kingdom,289,35,1,575.41
16347.0,11,2,887.65,0,Regular Customers,United Kingdom,353,61,2,443.825
16348.0,32,7,1469.45,1,High-Value Customers,United Kingdom,819,157,7,209.92142857142858
16349.0,291,1,53.5,2,At-Risk Customers,United Kingdom,9,9,1,53.5
16350.0,21,4,1116.47,0,Regular Customers,United Kingdom,545,40,4,279.1175
16351.0,328,1,153.9,2,At-Risk Customers,United Kingdom,90,8,1,153.9
16352.0,18,2,494.44,0,Regular Customers,United Kingdom,300,28,2,247.22
16353.0,4,11,3693.227500000001,1,High-Value Customers,United Kingdom,2006,51,23,160.5751086956522
16354.0,63,2,395.8,0,Regular Customers,United Kingdom,150,38,2,197.9
16356.0,198,3,211.77,2,At-Risk Customers,United Kingdom,93,20,3,70.59
16357.0,33,3,658.88,0,Regular Customers,United Kingdom,246,31,3,219.62666666666667
16358.0,1,4,2027.5,0,Regular Customers,United Kingdom,1302,82,4,506.875
16359.0,7,9,1750.92,1,High-Value Customers,United Kingdom,1183,39,9,194.54666666666668
16360.0,5,6,3512.53,1,High-Value Customers,United Kingdom,2144,365,6,585.4216666666667
16361.0,10,4,896.66,0,Regular Customers,United Kingdom,421,87,4,224.165
16362.0,32,5,734.77,0,Regular Customers,United Kingdom,351,58,5,146.954
16363.0,53,1,109.36000000000001,0,Regular Customers,United Kingdom,52,5,1,109.36000000000001
16364.0,12,2,707.04,0,Regular Customers,United Kingdom,280,48,2,353.52
16365.0,18,9,1540.42,1,High-Value Customers,United Kingdom,504,45,9,171.1577777777778
16366.0,19,1,327.3,0,Regular Customers,United Kingdom,256,18,1,327.3
16367.0,37,2,804.49,0,Regular Customers,United Kingdom,647,123,2,402.245
16368.0,2,2,497.43,0,Regular Customers,United Kingdom,260,58,2,248.715
16369.0,18,3,1553.66,0,Regular Customers,United Kingdom,1035,91,3,517.8866666666667
16370.0,82,4,1320.56,0,Regular Customers,United Kingdom,647,143,4,330.14
16372.0,33,2,367.93,0,Regular Customers,United Kingdom,166,86,2,183.965
16374.0,66,2,473.03000000000003,0,Regular Customers,United Kingdom,240,101,2,236.51500000000001
16376.0,9,2,987.01,0,Regular Customers,United Kingdom,694,104,2,493.505
16377.0,267,1,676.2,2,At-Risk Customers,United Kingdom,1500,5,1,676.2
16378.0,247,3,362.95,2,At-Risk Customers,United Kingdom,267,22,3,120.98333333333333
16379.0,4,4,2157.4,0,Regular Customers,United Kingdom,1410,87,4,539.35
16380.0,61,1,1780.59,0,Regular Customers,United Kingdom,1524,28,1,1780.59
16383.0,75,2,668.36,0,Regular Customers,United Kingdom,475,80,2,334.18
16384.0,90,2,584.5,0,Regular Customers,United Kingdom,260,33,2,292.25
16385.0,60,3,555.89,0,Regular Customers,United Kingdom,261,52,3,185.29666666666665
16386.0,29,2,317.2,0,Regular Customers,United Kingdom,224,76,2,158.6
16387.0,323,1,94.36,2,At-Risk Customers,United Kingdom,44,4,1,94.36
16389.0,53,4,1382.07,0,Regular Customers,United Kingdom,1242,33,4,345.5175
16392.0,270,1,221.19,2,At-Risk Customers,United Kingdom,203,41,1,221.19
16393.0,2,11,3046.21,1,High-Value Customers,United Kingdom,1576,120,13,234.32384615384615
16394.0,57,5,1555.34,0,Regular Customers,United Kingdom,2604,61,5,311.068
16395.0,61,5,1486.9,0,Regular Customers,United Kingdom,1476,150,5,297.38
16398.0,154,2,1705.8,0,Regular Customers,United Kingdom,758,75,2,852.9
16399.0,19,2,408.57,0,Regular Customers,United Kingdom,264,68,2,204.285
16400.0,95,1,303.93,0,Regular Customers,United Kingdom,172,28,1,303.93
16401.0,1,11,3693.227500000001,1,High-Value Customers,United Kingdom,3882,66,12,307.7689583333334
16402.0,265,2,299.6,2,At-Risk Customers,United Kingdom,149,55,2,149.8
16403.0,312,1,177.5,2,At-Risk Customers,United Kingdom,114,10,1,177.5
16404.0,70,1,443.05,0,Regular Customers,United Kingdom,157,23,1,443.05
16405.0,302,2,167.25,2,At-Risk Customers,United Kingdom,187,3,2,83.625
16406.0,19,1,163.07,0,Regular Customers,United Kingdom,122,54,1,163.07
16407.0,13,10,2126.93,1,High-Value Customers,United Kingdom,1124,99,10,212.69299999999998
16409.0,36,5,2028.88,1,High-Value Customers,United Kingdom,1306,145,5,405.776
16411.0,19,2,214.65,0,Regular Customers,United Kingdom,132,41,2,107.325
16412.0,54,1,151.83,0,Regular Customers,United Kingdom,73,25,1,151.83
16413.0,57,1,262.2,0,Regular Customers,United Kingdom,148,30,1,262.2
16414.0,22,2,126.25,0,Regular Customers,United Kingdom,27,5,2,63.125
16415.0,44,1,210.35,0,Regular Customers,United Kingdom,187,45,1,210.35
16416.0,27,3,1051.4,0,Regular Customers,United Kingdom,672,59,3,350.4666666666667
16418.0,45,3,675.27,0,Regular Customers,United Kingdom,288,76,3,225.09
16419.0,113,6,972.23,0,Regular Customers,United Kingdom,436,36,6,162.03833333333333
16422.0,17,11,3693.227500000001,1,High-Value Customers,United Kingdom,33704,68,51,72.4162254901961
16423.0,25,1,346.12,0,Regular Customers,United Kingdom,230,18,1,346.12
16424.0,191,1,133.56,2,At-Risk Customers,United Kingdom,88,5,1,133.56
16425.0,302,1,302.7,2,At-Risk Customers,United Kingdom,199,21,1,302.7
16426.0,2,10,1908.25,1,High-Value Customers,United Kingdom,1243,211,10,190.825
16427.0,263,2,241.06,2,At-Risk Customers,United Kingdom,156,8,2,120.53
16429.0,106,1,284.55,0,Regular Customers,United Kingdom,9,2,1,284.55
16430.0,57,1,300.85,0,Regular Customers,United Kingdom,103,6,1,300.85
16431.0,213,3,642.81,2,At-Risk Customers,United Kingdom,453,51,3,214.26999999999998
16432.0,64,1,287.4,0,Regular Customers,United Kingdom,276,8,1,287.4
16433.0,28,1,184.26,0,Regular Customers,United Kingdom,106,17,1,184.26
16434.0,29,7,1522.25,1,High-Value Customers,United Kingdom,767,88,7,217.46428571428572
16438.0,6,5,798.35,0,Regular Customers,United Kingdom,463,74,5,159.67000000000002
16440.0,8,5,3640.67,1,High-Value Customers,United Kingdom,2018,186,5,728.134
16441.0,67,2,381.2,0,Regular Customers,United Kingdom,173,22,2,190.6
16442.0,2,3,616.79,0,Regular Customers,United Kingdom,446,161,3,205.59666666666666
16444.0,46,4,654.67,0,Regular Customers,United Kingdom,407,68,4,163.6675
16445.0,34,1,230.51,0,Regular Customers,United Kingdom,111,62,1,230.51
16446.0,1,2,3693.227500000001,1,High-Value Customers,United Kingdom,80997,3,2,1846.6137500000004
16447.0,136,1,259.01,0,Regular Customers,United Kingdom,223,34,1,259.01
16448.0,198,1,188.89000000000001,2,At-Risk Customers,United Kingdom,78,19,1,188.89000000000001
16449.0,198,2,707.69,2,At-Risk Customers,United Kingdom,367,40,2,353.845
16450.0,150,1,311.92,2,At-Risk Customers,United Kingdom,200,11,1,311.92
16451.0,88,1,266.97,0,Regular Customers,United Kingdom,120,14,1,266.97
16454.0,45,2,6.9,0,Regular Customers,United Kingdom,3,2,2,3.45
16455.0,64,7,1841.18,1,High-Value Customers,United Kingdom,988,69,7,263.0257142857143
16456.0,99,5,2158.37,1,High-Value Customers,United Kingdom,1148,80,5,431.674
16457.0,218,1,208.36,2,At-Risk Customers,United Kingdom,140,9,1,208.36
16458.0,3,11,3482.7400000000002,1,High-Value Customers,United Kingdom,2154,52,18,193.48555555555558
16460.0,28,3,814.72,0,Regular Customers,United Kingdom,879,128,3,271.5733333333333
16461.0,178,1,151.42,2,At-Risk Customers,United Kingdom,49,31,1,151.42
16462.0,74,3,136.0,0,Regular Customers,United Kingdom,16,1,3,45.333333333333336
16463.0,21,4,1422.4,0,Regular Customers,United Kingdom,1163,74,4,355.6
16464.0,20,3,1314.68,0,Regular Customers,United Kingdom,963,152,3,438.2266666666667
16466.0,34,7,1603.46,1,High-Value Customers,United Kingdom,789,103,7,229.06571428571428
16468.0,74,1,74.9,0,Regular Customers,United Kingdom,31,2,1,74.9
16469.0,24,4,650.43,0,Regular Customers,United Kingdom,273,148,4,162.6075
16470.0,52,4,762.39,0,Regular Customers,United Kingdom,531,120,4,190.5975
16471.0,275,1,223.95000000000002,2,At-Risk Customers,United Kingdom,141,13,1,223.95000000000002
16473.0,165,3,316.11,2,At-Risk Customers,United Kingdom,196,18,3,105.37
16474.0,7,7,1871.5,1,High-Value Customers,United Kingdom,943,237,7,267.35714285714283
16475.0,88,4,544.3,0,Regular Customers,United Kingdom,319,23,4,136.075
16477.0,64,7,2494.46,1,High-Value Customers,United Kingdom,1415,111,7,356.3514285714286
16478.0,25,3,331.0,0,Regular Customers,United Kingdom,224,15,3,110.33333333333333
16479.0,10,2,300.83,0,Regular Customers,United Kingdom,102,35,2,150.415
16480.0,76,1,769.29,0,Regular Customers,United Kingdom,455,51,1,769.29
16482.0,16,1,220.62,0,Regular Customers,United Kingdom,346,18,1,220.62
16483.0,192,1,139.35,2,At-Risk Customers,United Kingdom,44,19,1,139.35
16484.0,174,2,404.3,2,At-Risk Customers,United Kingdom,200,25,2,202.15
16485.0,77,1,363.65,0,Regular Customers,United Kingdom,235,41,1,363.65
16488.0,33,3,498.8,0,Regular Customers,United Kingdom,728,28,3,166.26666666666668
16491.0,47,1,731.5,0,Regular Customers,United Kingdom,478,39,1,731.5
16493.0,80,4,1351.63,0,Regular Customers,United Kingdom,1164,40,4,337.9075
16494.0,297,1,826.53,2,At-Risk Customers,United Kingdom,675,47,1,826.53
16495.0,3,3,684.41,0,Regular Customers,United Kingdom,337,78,3,228.13666666666666
16496.0,9,3,1599.52,0,Regular Customers,United Kingdom,1111,92,3,533.1733333333333
16497.0,50,6,2965.69,1,High-Value Customers,United Kingdom,1396,128,6,494.2816666666667
16498.0,161,2,100.97,2,At-Risk Customers,United Kingdom,45,15,2,50.485
16499.0,328,2,365.45,2,At-Risk Customers,United Kingdom,127,18,2,182.725
16500.0,5,6,400.86,0,Regular Customers,United Kingdom,123,8,6,66.81
16503.0,107,4,1431.93,0,Regular Customers,United Kingdom,569,71,4,357.9825
16504.0,25,1,484.38,0,Regular Customers,United Kingdom,524,76,1,484.38
16505.0,32,1,777.6,0,Regular Customers,United Kingdom,576,4,1,777.6
16506.0,20,2,90.30000000000001,0,Regular Customers,United Kingdom,42,3,2,45.150000000000006
16509.0,297,1,363.7,2,At-Risk Customers,United Kingdom,64,13,1,363.7
16510.0,328,1,248.1,2,At-Risk Customers,United Kingdom,92,13,1,248.1
16511.0,22,3,950.26,0,Regular Customers,United Kingdom,417,135,3,316.75333333333333
16513.0,5,4,874.59,0,Regular Customers,United Kingdom,407,33,4,218.6475
16515.0,52,5,1627.13,0,Regular Customers,United Kingdom,833,89,5,325.42600000000004
16516.0,30,1,101.69999999999999,0,Regular Customers,United Kingdom,58,6,1,101.69999999999999
16517.0,277,1,162.7,2,At-Risk Customers,United Kingdom,96,17,1,162.7
16518.0,61,2,484.32,0,Regular Customers,United Kingdom,327,36,2,242.16
16519.0,25,2,215.07999999999998,0,Regular Customers,United Kingdom,54,13,2,107.53999999999999
16520.0,186,3,1046.57,2,At-Risk Customers,United Kingdom,558,129,3,348.8566666666666
16523.0,2,11,3693.227500000001,1,High-Value Customers,United Kingdom,4265,151,21,175.86797619047624
16525.0,2,11,3693.227500000001,1,High-Value Customers,United Kingdom,7397,75,26,142.04721153846157
16526.0,172,1,290.36,2,At-Risk Customers,United Kingdom,106,15,1,290.36
16527.0,81,1,228.06,0,Regular Customers,United Kingdom,106,14,1,228.06
16528.0,4,1,244.41,0,Regular Customers,United Kingdom,171,17,1,244.41
16529.0,190,1,455.25,2,At-Risk Customers,United Kingdom,198,30,1,455.25
16531.0,22,7,1244.59,0,Regular Customers,United Kingdom,915,68,7,177.79857142857142
16532.0,18,3,3693.227500000001,1,High-Value Customers,United Kingdom,2016,2,3,1231.0758333333335
16533.0,19,3,1095.56,0,Regular Customers,United Kingdom,612,112,3,365.18666666666667
16535.0,5,1,593.75,0,Regular Customers,United Kingdom,356,31,1,593.75
16536.0,110,1,548.97,0,Regular Customers,United Kingdom,251,49,1,548.97
16539.0,3,4,1388.81,0,Regular Customers,United Kingdom,477,36,4,347.2025
16542.0,54,1,119.62,0,Regular Customers,United Kingdom,46,5,1,119.62
16545.0,165,1,339.3,2,At-Risk Customers,United Kingdom,78,3,1,339.3
16546.0,291,2,787.15,2,At-Risk Customers,United Kingdom,549,25,2,393.575
16549.0,10,10,3693.227500000001,1,High-Value Customers,United Kingdom,2365,445,10,369.3227500000001
16550.0,109,5,2298.97,1,High-Value Customers,United Kingdom,1540,162,5,459.794
16551.0,96,3,922.12,0,Regular Customers,United Kingdom,970,26,3,307.37333333333333
16552.0,243,2,379.73,2,At-Risk Customers,United Kingdom,219,17,2,189.865
16553.0,163,11,3693.227500000001,1,High-Value Customers,United Kingdom,4600,62,12,307.7689583333334
16554.0,42,3,837.1,0,Regular Customers,United Kingdom,402,51,3,279.03333333333336
16555.0,35,2,285.89,0,Regular Customers,United Kingdom,175,15,2,142.945
16556.0,67,7,3313.79,1,High-Value Customers,United Kingdom,1890,144,7,473.3985714285714
16557.0,24,2,281.85,0,Regular Customers,United Kingdom,111,11,2,140.925
16558.0,1,11,3693.227500000001,1,High-Value Customers,United Kingdom,5377,264,20,184.66137500000005
16560.0,27,2,841.41,0,Regular Customers,United Kingdom,500,52,2,420.705
16561.0,6,2,511.12,0,Regular Customers,United Kingdom,244,29,2,255.56
16563.0,54,1,1077.74,0,Regular Customers,United Kingdom,486,19,1,1077.74
16565.0,328,1,173.7,2,At-Risk Customers,United Kingdom,46,3,1,173.7
16566.0,15,5,614.66,0,Regular Customers,United Kingdom,362,14,5,122.93199999999999
16567.0,194,2,865.6,2,At-Risk Customers,United Kingdom,996,34,2,432.8
16569.0,3,1,124.2,0,Regular Customers,United Kingdom,93,5,1,124.2
16570.0,15,10,3693.227500000001,1,High-Value Customers,United Kingdom,2112,68,10,369.3227500000001
16571.0,27,3,1421.69,0,Regular Customers,United Kingdom,1239,73,3,473.8966666666667
16572.0,127,3,1009.6,0,Regular Customers,United Kingdom,532,40,3,336.53333333333336
16573.0,85,2,663.61,0,Regular Customers,United Kingdom,360,40,2,331.805
16574.0,71,1,451.44,0,Regular Customers,United Kingdom,416,28,1,451.44
16581.0,183,1,105.84,2,At-Risk Customers,United Kingdom,134,9,1,105.84
16582.0,113,1,313.62,0,Regular Customers,United Kingdom,164,6,1,313.62
16583.0,328,1,233.45,2,At-Risk Customers,United Kingdom,111,14,1,233.45
16584.0,80,2,936.08,0,Regular Customers,United Kingdom,646,25,2,468.04
16586.0,249,1,463.95,2,At-Risk Customers,United Kingdom,95,8,1,463.95
16587.0,232,1,225.15,2,At-Risk Customers,United Kingdom,71,13,1,225.15
16589.0,71,3,459.24,0,Regular Customers,United Kingdom,368,31,3,153.08
16591.0,69,1,213.5,0,Regular Customers,United Kingdom,41,10,1,213.5
16592.0,4,11,3693.227500000001,1,High-Value Customers,United Kingdom,2927,142,16,230.82671875000005
16593.0,51,3,330.03,0,Regular Customers,United Kingdom,116,24,3,110.00999999999999
16594.0,75,1,181.09,0,Regular Customers,United Kingdom,64,53,1,181.09
16595.0,61,1,360.16,0,Regular Customers,United Kingdom,335,83,1,360.16
16596.0,16,2,250.15,0,Regular Customers,United Kingdom,97,12,2,125.075
16597.0,4,1,90.04,0,Regular Customers,United Kingdom,184,7,1,90.04
16598.0,286,1,145.04999999999998,2,At-Risk Customers,United Kingdom,73,10,1,145.04999999999998
16600.0,4,6,813.52,0,Regular Customers,United Kingdom,1145,50,6,135.58666666666667
16601.0,41,1,244.79999999999998,0,Regular Customers,United Kingdom,134,29,1,244.79999999999998
16602.0,36,1,528.08,0,Regular Customers,United Kingdom,336,29,1,528.08
16603.0,75,2,482.47,0,Regular Customers,United Kingdom,480,34,2,241.235
16607.0,18,11,3347.71,1,High-Value Customers,United Kingdom,2859,140,14,239.12214285714285
16609.0,15,7,3693.227500000001,1,High-Value Customers,United Kingdom,2420,155,7,527.6039285714287
16610.0,219,1,75.66,2,At-Risk Customers,United Kingdom,66,6,1,75.66
16611.0,186,1,129.49,2,At-Risk Customers,United Kingdom,47,9,1,129.49
16612.0,33,4,1187.66,0,Regular Customers,United Kingdom,506,48,4,296.915
16613.0,70,1,618.59,0,Regular Customers,United Kingdom,293,30,1,618.59
16614.0,183,1,506.19,2,At-Risk Customers,United Kingdom,223,26,1,506.19
16616.0,15,2,500.42,0,Regular Customers,United Kingdom,370,31,2,250.21
16617.0,236,1,151.85,2,At-Risk Customers,United Kingdom,91,5,1,151.85
16618.0,31,5,2647.59,1,High-Value Customers,United Kingdom,1363,79,5,529.518
16619.0,264,1,226.21,2,At-Risk Customers,United Kingdom,133,14,1,226.21
16620.0,4,2,178.96,0,Regular Customers,United Kingdom,88,9,2,89.48
16621.0,52,4,813.48,0,Regular Customers,United Kingdom,302,22,4,203.37
16623.0,246,1,129.45,2,At-Risk Customers,United Kingdom,39,5,1,129.45
16624.0,81,2,810.5699999999999,0,Regular Customers,United Kingdom,488,44,2,405.28499999999997
16625.0,275,1,333.08,2,At-Risk Customers,United Kingdom,164,23,1,333.08
16626.0,1,11,3693.227500000001,1,High-Value Customers,United Kingdom,2690,86,17,217.2486764705883
16627.0,79,1,322.8,0,Regular Customers,United Kingdom,162,20,1,322.8
16628.0,30,5,2188.05,1,High-Value Customers,United Kingdom,1205,79,5,437.61
16629.0,74,2,417.73,0,Regular Customers,United Kingdom,493,58,2,208.865
16633.0,17,6,2883.1,1,High-Value Customers,United Kingdom,1138,115,6,480.51666666666665
16634.0,223,2,217.9,2,At-Risk Customers,United Kingdom,82,9,2,108.95
16637.0,32,4,1154.47,0,Regular Customers,United Kingdom,927,66,4,288.6175
16638.0,23,10,1680.72,1,High-Value Customers,United Kingdom,1255,92,10,168.072
16639.0,31,3,1257.51,0,Regular Customers,United Kingdom,510,48,3,419.17
16641.0,106,1,231.10000000000002,0,Regular Customers,United Kingdom,256,12,1,231.10000000000002
16642.0,5,2,688.33,0,Regular Customers,United Kingdom,479,32,2,344.165
16643.0,246,1,487.51,2,At-Risk Customers,United Kingdom,269,27,1,487.51
16644.0,178,2,833.78,2,At-Risk Customers,United Kingdom,826,62,2,416.89
16647.0,170,2,214.06,2,At-Risk Customers,United Kingdom,146,12,2,107.03
16648.0,43,1,290.65999999999997,0,Regular Customers,United Kingdom,281,19,1,290.65999999999997
16650.0,72,1,518.42,0,Regular Customers,United Kingdom,372,24,1,518.42
16652.0,59,7,3693.227500000001,1,High-Value Customers,United Kingdom,3283,74,7,527.6039285714287
16653.0,16,2,1212.66,0,Regular Customers,United Kingdom,733,67,2,606.33
16654.0,141,4,601.27,0,Regular Customers,United Kingdom,282,29,4,150.3175
16655.0,18,6,3693.227500000001,1,High-Value Customers,United Kingdom,2367,208,6,615.5379166666668
16656.0,22,11,3693.227500000001,1,High-Value Customers,United Kingdom,8894,14,15,246.21516666666673
16657.0,10,4,933.62,0,Regular Customers,United Kingdom,1229,158,4,233.405
16658.0,328,1,123.24,2,At-Risk Customers,United Kingdom,40,8,1,123.24
16659.0,189,1,39.12,2,At-Risk Customers,United Kingdom,72,2,1,39.12
16660.0,16,4,1267.6499999999999,0,Regular Customers,United Kingdom,571,16,4,316.91249999999997
16665.0,328,1,135.39999999999998,2,At-Risk Customers,United Kingdom,59,9,1,135.39999999999998
16666.0,19,1,118.98,0,Regular Customers,United Kingdom,233,32,1,118.98
16667.0,68,2,570.13,0,Regular Customers,United Kingdom,237,52,2,285.065
16668.0,15,6,306.71999999999997,0,Regular Customers,United Kingdom,318,9,6,51.12
16669.0,24,3,1374.8700000000001,0,Regular Customers,United Kingdom,888,141,3,458.29
16670.0,17,11,3693.227500000001,1,High-Value Customers,United Kingdom,2556,179,11,335.7479545454546
16671.0,28,3,1692.27,0,Regular Customers,United Kingdom,875,3,3,564.09
16672.0,2,11,3693.227500000001,1,High-Value Customers,United Kingdom,2832,22,20,184.66137500000005
16674.0,55,2,319.61,0,Regular Customers,United Kingdom,188,89,2,159.805
16676.0,34,4,1592.1200000000001,0,Regular Customers,United Kingdom,636,75,4,398.03000000000003
16678.0,3,11,3109.99,1,High-Value Customers,United Kingdom,2397,92,12,259.1658333333333
16679.0,328,1,129.75,2,At-Risk Customers,United Kingdom,29,3,1,129.75
16680.0,43,1,183.7,0,Regular Customers,United Kingdom,94,10,1,183.7
16681.0,73,6,1770.34,1,High-Value Customers,United Kingdom,1407,18,6,295.0566666666667
16682.0,5,5,1028.0,0,Regular Customers,United Kingdom,1040,15,5,205.6
16684.0,4,11,3693.227500000001,1,High-Value Customers,United Kingdom,50255,119,28,131.90098214285717
16685.0,61,2,324.24,0,Regular Customers,United Kingdom,396,60,2,162.12
16686.0,47,7,3062.83,1,High-Value Customers,United Kingdom,2030,406,7,437.54714285714283
16688.0,1,4,1260.86,0,Regular Customers,United Kingdom,804,52,4,315.215
16689.0,76,2,422.59999999999997,0,Regular Customers,United Kingdom,330,12,2,211.29999999999998
16690.0,72,2,225.57999999999998,0,Regular Customers,United Kingdom,138,10,2,112.78999999999999
16692.0,256,2,1276.0,2,At-Risk Customers,United Kingdom,152,2,2,638.0
16693.0,69,2,482.01,0,Regular Customers,United Kingdom,204,58,2,241.005
16696.0,135,4,657.9000000000001,0,Regular Customers,United Kingdom,146,7,4,164.47500000000002
16697.0,241,1,112.75,2,At-Risk Customers,United Kingdom,27,20,1,112.75
16698.0,227,2,1998.0,2,At-Risk Customers,United Kingdom,840,4,2,999.0
16700.0,9,11,3693.227500000001,1,High-Value Customers,United Kingdom,4024,159,13,284.09442307692314
16701.0,9,11,3693.227500000001,1,High-Value Customers,United Kingdom,6393,99,13,284.09442307692314
16705.0,1,11,3693.227500000001,1,High-Value Customers,United Kingdom,5476,133,20,184.66137500000005
16706.0,37,3,531.35,0,Regular Customers,United Kingdom,249,108,3,177.11666666666667
16708.0,46,1,656.63,0,Regular Customers,United Kingdom,285,27,1,656.63
16709.0,85,5,3029.87,1,High-Value Customers,United Kingdom,851,64,5,605.9739999999999
16710.0,19,10,2483.04,1,High-Value Customers,United Kingdom,1836,268,10,248.304
16711.0,3,5,1651.03,0,Regular Customers,United Kingdom,833,18,5,330.206
16712.0,9,11,3645.43,1,High-Value Customers,United Kingdom,1749,259,11,331.40272727272725
16713.0,19,11,3693.227500000001,1,High-Value Customers,United Kingdom,4276,338,15,246.21516666666673
16714.0,219,3,1161.53,2,At-Risk Customers,United Kingdom,610,77,3,387.1766666666667
16715.0,78,1,301.71999999999997,0,Regular Customers,United Kingdom,642,19,1,301.71999999999997
16716.0,267,2,901.2,2,At-Risk Customers,United Kingdom,120,1,2,450.6
16717.0,24,6,3693.227500000001,1,High-Value Customers,United Kingdom,1866,176,6,615.5379166666668
16718.0,328,1,623.75,2,At-Risk Customers,United Kingdom,413,41,1,623.75
16719.0,15,7,1790.42,1,High-Value Customers,United Kingdom,1204,107,7,255.77428571428572
16720.0,26,1,155.24,0,Regular Customers,United Kingdom,182,25,1,155.24
16721.0,262,1,292.47,2,At-Risk Customers,United Kingdom,172,37,1,292.47
16722.0,17,11,3693.227500000001,1,High-Value Customers,United Kingdom,5001,96,13,284.09442307692314
16723.0,91,2,589.15,0,Regular Customers,United Kingdom,399,37,2,294.575
16725.0,302,7,781.02,2,At-Risk Customers,United Kingdom,294,110,7,111.57428571428571
16726.0,26,5,1382.02,0,Regular Customers,United Kingdom,977,121,5,276.404
16727.0,328,1,272.82,2,At-Risk Customers,United Kingdom,177,41,1,272.82
16728.0,46,4,1054.67,0,Regular Customers,United Kingdom,677,218,4,263.6675
16729.0,38,11,3693.227500000001,1,High-Value Customers,United Kingdom,5783,234,21,175.86797619047624
16730.0,52,3,743.11,0,Regular Customers,United Kingdom,994,75,3,247.70333333333335
16732.0,32,1,603.75,0,Regular Customers,United Kingdom,317,28,1,603.75
16734.0,52,3,650.51,0,Regular Customers,United Kingdom,346,44,3,216.83666666666667
16735.0,79,5,2300.56,1,High-Value Customers,United Kingdom,1573,88,5,460.11199999999997
16737.0,53,1,417.59999999999997,0,Regular Customers,United Kingdom,288,1,1,417.59999999999997
16738.0,298,1,3.75,2,At-Risk Customers,United Kingdom,3,1,1,3.75
16739.0,177,1,323.0,2,At-Risk Customers,United Kingdom,172,13,1,323.0
16742.0,47,1,464.9,0,Regular Customers,United Kingdom,1,1,1,464.9
16743.0,29,7,2238.09,1,High-Value Customers,United Kingdom,2047,89,7,319.7271428571429
16744.0,11,7,1304.76,1,High-Value Customers,United Kingdom,805,198,7,186.3942857142857
16745.0,87,11,3693.227500000001,1,High-Value Customers,United Kingdom,6735,148,17,217.2486764705883
16746.0,5,11,3693.227500000001,1,High-Value Customers,United Kingdom,4665,234,18,205.1793055555556
16747.0,38,2,836.06,0,Regular Customers,United Kingdom,583,34,2,418.03
16748.0,18,5,1515.9,0,Regular Customers,United Kingdom,880,42,5,303.18
16750.0,45,5,623.93,0,Regular Customers,United Kingdom,214,74,5,124.78599999999999
16751.0,31,1,1764.72,0,Regular Customers,United Kingdom,1031,24,1,1764.72
16752.0,328,1,207.5,2,At-Risk Customers,United Kingdom,54,9,1,207.5
16753.0,58,1,223.92000000000002,0,Regular Customers,United Kingdom,189,34,1,223.92000000000002
16754.0,328,1,2002.4,2,At-Risk Customers,United Kingdom,4280,2,1,2002.4
16755.0,114,3,1496.83,0,Regular Customers,United Kingdom,1064,133,3,498.9433333333333
16756.0,215,1,239.4,2,At-Risk Customers,United Kingdom,106,13,1,239.4
16757.0,319,1,106.83000000000001,2,At-Risk Customers,United Kingdom,81,7,1,106.83000000000001
16758.0,65,1,369.34000000000003,0,Regular Customers,United Kingdom,203,22,1,369.34000000000003
16759.0,8,3,789.79,0,Regular Customers,United Kingdom,609,40,3,263.2633333333333
16761.0,97,1,316.62,0,Regular Customers,United Kingdom,341,13,1,316.62
16762.0,20,3,1501.38,0,Regular Customers,United Kingdom,618,51,3,500.46000000000004
16763.0,199,1,611.85,2,At-Risk Customers,United Kingdom,319,23,1,611.85
16764.0,4,11,2799.25,1,High-Value Customers,United Kingdom,1259,209,13,215.32692307692307
16765.0,294,1,34.0,2,At-Risk Customers,United Kingdom,4,1,1,34.0
16766.0,273,2,1145.6,2,At-Risk Customers,United Kingdom,536,17,2,572.8
16767.0,31,11,3693.227500000001,1,High-Value Customers,United Kingdom,4435,148,11,335.7479545454546
16768.0,48,3,478.09000000000003,0,Regular Customers,United Kingdom,196,47,3,159.36333333333334
16769.0,260,1,380.39,2,At-Risk Customers,United Kingdom,83,33,1,380.39
16770.0,58,5,770.1,0,Regular Customers,United Kingdom,464,116,5,154.02
16771.0,33,5,2246.81,1,High-Value Customers,United Kingdom,1489,200,5,449.36199999999997
16773.0,57,1,171.59,0,Regular Customers,United Kingdom,171,23,1,171.59
16774.0,68,4,661.52,0,Regular Customers,United Kingdom,322,36,4,165.38
16775.0,10,11,1695.66,1,High-Value Customers,United Kingdom,440,84,11,154.1509090909091
16776.0,60,1,388.28,0,Regular Customers,United Kingdom,262,61,1,388.28
16777.0,80,2,226.35,0,Regular Customers,United Kingdom,64,45,2,113.175
16778.0,74,2,245.94,0,Regular Customers,United Kingdom,194,16,2,122.97
16779.0,2,11,3693.227500000001,1,High-Value Customers,United Kingdom,5325,161,22,167.8739772727273
16780.0,100,2,425.19,0,Regular Customers,United Kingdom,271,51,2,212.595
16781.0,328,1,311.25,2,At-Risk Customers,United Kingdom,113,17,1,311.25
16782.0,10,11,2279.9,1,High-Value Customers,United Kingdom,712,103,13,175.37692307692308
16784.0,20,1,107.6,0,Regular Customers,United Kingdom,24,3,1,107.6
16788.0,123,2,597.48,0,Regular Customers,United Kingdom,311,138,2,298.74
16789.0,8,1,80.8,0,Regular Customers,United Kingdom,32,5,1,80.8
16790.0,4,6,1545.6200000000001,0,Regular Customers,United Kingdom,898,88,6,257.60333333333335
16791.0,29,7,1721.78,1,High-Value Customers,United Kingdom,763,218,7,245.96857142857144
16792.0,282,2,110.38000000000001,2,At-Risk Customers,United Kingdom,44,11,2,55.190000000000005
16793.0,57,1,243.84,0,Regular Customers,United Kingdom,146,16,1,243.84
16794.0,1,10,1222.71,1,High-Value Customers,United Kingdom,937,142,10,122.271
16795.0,328,1,414.88,2,At-Risk Customers,United Kingdom,239,64,1,414.88
16796.0,89,1,305.62,0,Regular Customers,United Kingdom,186,18,1,305.62
16800.0,11,1,1201.49,0,Regular Customers,United Kingdom,540,148,1,1201.49
16801.0,163,4,1619.73,0,Regular Customers,United Kingdom,499,72,4,404.9325
16803.0,65,1,332.3,0,Regular Customers,United Kingdom,245,24,1,332.3
16804.0,23,3,536.99,0,Regular Customers,United Kingdom,246,59,3,178.99666666666667
16805.0,174,2,460.59,2,At-Risk Customers,United Kingdom,539,94,2,230.295
16806.0,103,4,801.49,0,Regular Customers,United Kingdom,378,68,4,200.3725
16807.0,143,3,1121.59,0,Regular Customers,United Kingdom,778,57,3,373.8633333333333
16808.0,99,2,288.42,0,Regular Customers,United Kingdom,196,21,2,144.21
16809.0,23,5,914.69,0,Regular Customers,United Kingdom,652,79,5,182.93800000000002
16810.0,192,1,309.54,2,At-Risk Customers,United Kingdom,114,15,1,309.54
16811.0,5,2,547.07,0,Regular Customers,United Kingdom,477,26,2,273.535
16812.0,328,1,479.35,2,At-Risk Customers,United Kingdom,81,15,1,479.35
16813.0,8,10,1692.98,1,High-Value Customers,United Kingdom,1525,248,10,169.298
16814.0,14,11,3693.227500000001,1,High-Value Customers,United Kingdom,2769,122,21,175.86797619047624
16816.0,103,4,417.06,0,Regular Customers,United Kingdom,274,28,4,104.265
16817.0,3,9,1604.75,1,High-Value Customers,United Kingdom,822,73,9,178.30555555555554
16818.0,11,11,3349.57,1,High-Value Customers,United Kingdom,2164,172,11,304.50636363636363
16820.0,96,1,497.61,0,Regular Customers,United Kingdom,307,26,1,497.61
16823.0,227,1,358.38,2,At-Risk Customers,United Kingdom,136,34,1,358.38
16824.0,16,2,460.64,0,Regular Customers,United Kingdom,236,23,2,230.32
16825.0,39,2,775.1800000000001,0,Regular Customers,United Kingdom,566,27,2,387.59000000000003
16826.0,51,1,341.7,0,Regular Customers,United Kingdom,158,22,1,341.7
16828.0,93,2,128.5,0,Regular Customers,United Kingdom,59,8,2,64.25
16829.0,157,1,197.22,2,At-Risk Customers,United Kingdom,99,11,1,197.22
16830.0,39,1,325.91,0,Regular Customers,United Kingdom,264,23,1,325.91
16832.0,184,3,199.15,2,At-Risk Customers,United Kingdom,33,11,3,66.38333333333334
16833.0,1,4,1106.53,0,Regular Customers,United Kingdom,440,46,4,276.6325
16834.0,228,1,413.46,2,At-Risk Customers,United Kingdom,358,24,1,413.46
16835.0,128,2,180.85,0,Regular Customers,United Kingdom,61,10,2,90.425
16836.0,40,2,251.87,0,Regular Customers,United Kingdom,165,11,2,125.935
16837.0,31,11,3170.98,1,High-Value Customers,United Kingdom,1563,123,11,288.2709090909091
16838.0,197,2,588.85,2,At-Risk Customers,United Kingdom,185,24,2,294.425
16839.0,9,11,3693.227500000001,1,High-Value Customers,United Kingdom,8975,114,34,108.62433823529415
16841.0,37,6,1869.82,1,High-Value Customers,United Kingdom,2250,101,6,311.63666666666666
16842.0,101,3,1264.19,0,Regular Customers,United Kingdom,693,45,3,421.3966666666667
16843.0,43,11,3693.227500000001,1,High-Value Customers,United Kingdom,10159,226,16,230.82671875000005
16846.0,50,1,214.32,0,Regular Customers,United Kingdom,135,11,1,214.32
16847.0,43,1,193.44,0,Regular Customers,United Kingdom,78,12,1,193.44
16848.0,53,1,281.42,0,Regular Customers,United Kingdom,182,14,1,281.42
16849.0,187,1,124.57,2,At-Risk Customers,United Kingdom,33,8,1,124.57
16850.0,328,1,332.41,2,At-Risk Customers,United Kingdom,249,19,1,332.41
16851.0,4,3,342.45,0,Regular Customers,United Kingdom,271,17,3,114.14999999999999
16852.0,10,2,144.91000000000003,0,Regular Customers,United Kingdom,56,9,2,72.45500000000001
16855.0,24,2,328.4,0,Regular Customers,United Kingdom,164,19,2,164.2
16856.0,15,1,35.400000000000006,0,Regular Customers,United Kingdom,12,2,1,35.400000000000006
16858.0,328,1,375.69000000000005,2,At-Risk Customers,United Kingdom,91,9,1,375.69000000000005
16859.0,145,2,747.81,0,Regular Customers,United Kingdom,827,50,2,373.905
16861.0,60,2,173.76,0,Regular Customers,United Kingdom,140,6,2,86.88
16863.0,31,2,502.8,0,Regular Customers,United Kingdom,409,25,2,251.4
16866.0,141,3,207.73999999999998,0,Regular Customers,United Kingdom,60,10,3,69.24666666666666
16869.0,23,4,825.42,0,Regular Customers,United Kingdom,585,113,4,206.355
16871.0,22,6,2812.34,1,High-Value Customers,United Kingdom,1253,131,6,468.72333333333336
16872.0,77,3,680.02,0,Regular Customers,United Kingdom,600,5,3,226.67333333333332
16873.0,5,6,3693.227500000001,1,High-Value Customers,United Kingdom,3840,179,6,615.5379166666668
16875.0,67,5,2095.53,1,High-Value Customers,United Kingdom,1069,93,5,419.10600000000005
16877.0,12,6,853.72,0,Regular Customers,United Kingdom,463,111,6,142.28666666666666
16878.0,84,1,13.3,0,Regular Customers,United Kingdom,12,3,1,13.3
16880.0,31,7,1519.08,1,High-Value Customers,United Kingdom,753,121,7,217.01142857142855
16881.0,67,1,432.0,0,Regular Customers,United Kingdom,600,1,1,432.0
16882.0,67,3,705.12,0,Regular Customers,United Kingdom,424,39,3,235.04
16883.0,187,2,276.73,2,At-Risk Customers,United Kingdom,104,33,2,138.365
16884.0,38,2,429.84000000000003,0,Regular Customers,United Kingdom,320,26,2,214.92000000000002
16885.0,15,3,471.51,0,Regular Customers,United Kingdom,184,82,3,157.17
16887.0,35,1,194.88,0,Regular Customers,United Kingdom,157,35,1,194.88
16889.0,195,3,1578.67,2,At-Risk Customers,United Kingdom,925,112,3,526.2233333333334
16891.0,2,5,809.7,0,Regular Customers,United Kingdom,283,166,5,161.94
16892.0,1,5,525.54,0,Regular Customers,United Kingdom,239,87,5,105.10799999999999
16893.0,328,1,145.93,2,At-Risk Customers,United Kingdom,62,44,1,145.93
16895.0,65,1,219.14,0,Regular Customers,United Kingdom,102,57,1,219.14
16897.0,299,2,289.78,2,At-Risk Customers,United Kingdom,73,37,2,144.89
16898.0,26,3,508.81,0,Regular Customers,United Kingdom,419,150,3,169.60333333333332
16899.0,8,6,1281.56,0,Regular Customers,United Kingdom,522,80,6,213.59333333333333
16900.0,17,3,887.11,0,Regular Customers,United Kingdom,833,78,3,295.7033333333333
16902.0,116,1,1706.88,0,Regular Customers,United Kingdom,629,43,1,1706.88
16903.0,29,1,373.24,0,Regular Customers,United Kingdom,262,50,1,373.24
16904.0,4,11,3693.227500000001,1,High-Value Customers,United Kingdom,2034,387,16,230.82671875000005
16905.0,5,7,3102.43,1,High-Value Customers,United Kingdom,1408,117,7,443.2042857142857
16906.0,82,4,579.77,0,Regular Customers,United Kingdom,281,74,4,144.9425
16907.0,29,5,981.65,0,Regular Customers,United Kingdom,298,89,5,196.32999999999998
16909.0,72,1,379.14,0,Regular Customers,United Kingdom,436,18,1,379.14
16910.0,4,8,1510.06,1,High-Value Customers,United Kingdom,886,318,8,188.7575
16912.0,29,11,2575.38,1,High-Value Customers,United Kingdom,1029,88,11,234.12545454545455
16913.0,290,1,113.44,2,At-Risk Customers,United Kingdom,82,8,1,113.44
16914.0,36,1,208.46,0,Regular Customers,United Kingdom,121,25,1,208.46
16915.0,9,6,621.6800000000001,0,Regular Customers,United Kingdom,132,46,6,103.61333333333334
16916.0,24,2,576.26,0,Regular Customers,United Kingdom,440,129,2,288.13
16917.0,277,1,391.52,2,At-Risk Customers,United Kingdom,232,9,1,391.52
16918.0,50,6,1068.82,0,Regular Customers,United Kingdom,721,97,6,178.13666666666666
16919.0,156,11,2596.45,1,High-Value Customers,United Kingdom,1413,141,11,236.04090909090908
16921.0,61,1,169.79,0,Regular Customers,United Kingdom,171,50,1,169.79
16923.0,12,11,3693.227500000001,1,High-Value Customers,United Kingdom,3417,313,19,194.38039473684216
16924.0,21,3,846.75,0,Regular Customers,United Kingdom,493,69,3,282.25
16926.0,328,1,230.25,2,At-Risk Customers,United Kingdom,35,14,1,230.25
16927.0,116,3,543.05,0,Regular Customers,United Kingdom,993,5,3,181.01666666666665
16928.0,80,11,2847.6,1,High-Value Customers,United Kingdom,2114,69,17,167.50588235294117
16929.0,4,7,1295.39,1,High-Value Customers,United Kingdom,929,51,7,185.0557142857143
16930.0,26,3,380.55,0,Regular Customers,United Kingdom,341,47,3,126.85000000000001
16931.0,5,11,3693.227500000001,1,High-Value Customers,United Kingdom,3158,448,21,175.86797619047624
16932.0,53,1,161.94,0,Regular Customers,United Kingdom,87,44,1,161.94
16933.0,1,2,563.23,0,Regular Customers,United Kingdom,288,42,2,281.615
16934.0,55,2,950.9300000000001,0,Regular Customers,United Kingdom,399,59,2,475.46500000000003
16936.0,26,1,262.68,0,Regular Customers,United Kingdom,173,56,1,262.68
16938.0,9,4,2736.38,1,High-Value Customers,United Kingdom,2540,212,4,684.095
16940.0,52,3,3049.88,1,High-Value Customers,United Kingdom,2169,226,3,1016.6266666666667
16942.0,13,9,1920.59,1,High-Value Customers,United Kingdom,811,159,9,213.39888888888888
16943.0,212,3,816.73,2,At-Risk Customers,United Kingdom,145,23,3,272.24333333333334
16945.0,22,11,3693.227500000001,1,High-Value Customers,United Kingdom,2725,137,19,194.38039473684216
16947.0,236,1,406.48,2,At-Risk Customers,United Kingdom,312,21,1,406.48
16948.0,139,3,435.02,0,Regular Customers,United Kingdom,1614,15,3,145.00666666666666
16949.0,4,6,1286.27,0,Regular Customers,United Kingdom,791,57,6,214.37833333333333
16950.0,57,3,1178.56,0,Regular Customers,United Kingdom,644,39,3,392.8533333333333
16951.0,135,3,1277.75,0,Regular Customers,United Kingdom,1318,73,3,425.9166666666667
16952.0,109,2,167.61,0,Regular Customers,United Kingdom,92,16,2,83.805
16953.0,30,1,20.8,0,Regular Customers,United Kingdom,10,1,1,20.8
16954.0,1,9,2085.08,1,High-Value Customers,United Kingdom,1054,40,9,231.67555555555555
16955.0,185,4,518.67,2,At-Risk Customers,United Kingdom,266,18,4,129.6675
16956.0,18,1,308.74,0,Regular Customers,United Kingdom,114,16,1,308.74
16957.0,239,2,416.64,2,At-Risk Customers,United Kingdom,172,15,2,208.32
16959.0,87,1,117.35000000000001,0,Regular Customers,United Kingdom,49,7,1,117.35000000000001
16960.0,39,3,507.05,0,Regular Customers,United Kingdom,304,92,3,169.01666666666668
16961.0,116,1,234.17,0,Regular Customers,United Kingdom,125,14,1,234.17
16963.0,187,1,110.55000000000001,2,At-Risk Customers,United Kingdom,35,7,1,110.55000000000001
16965.0,227,1,201.19,2,At-Risk Customers,United Kingdom,291,26,1,201.19
16966.0,8,7,2154.97,1,High-Value Customers,United Kingdom,1981,8,7,307.8528571428571
16967.0,189,1,319.02,2,At-Risk Customers,United Kingdom,333,21,1,319.02
16968.0,4,2,439.43,0,Regular Customers,United Kingdom,326,31,2,219.715
16969.0,39,3,650.41,0,Regular Customers,United Kingdom,816,42,3,216.8033333333333
16971.0,38,1,357.21,0,Regular Customers,United Kingdom,72,40,1,357.21
16976.0,267,1,251.51999999999998,2,At-Risk Customers,United Kingdom,88,2,1,251.51999999999998
16978.0,78,1,344.33,0,Regular Customers,United Kingdom,166,39,1,344.33
16979.0,4,6,1852.0,1,High-Value Customers,United Kingdom,865,64,6,308.6666666666667
16980.0,255,2,1078.96,2,At-Risk Customers,United Kingdom,788,71,2,539.48
16982.0,61,1,384.06,0,Regular Customers,United Kingdom,182,22,1,384.06
16983.0,13,7,1931.25,1,High-Value Customers,United Kingdom,1379,112,7,275.89285714285717
16984.0,88,2,3693.227500000001,1,High-Value Customers,United Kingdom,2423,354,2,1846.6137500000004
16985.0,17,10,3693.227500000001,1,High-Value Customers,United Kingdom,1832,62,10,369.3227500000001
16986.0,30,2,1873.2,0,Regular Customers,United Kingdom,1040,3,2,936.6
16987.0,3,7,1625.05,1,High-Value Customers,United Kingdom,402,74,7,232.15
16988.0,5,1,126.12,0,Regular Customers,United Kingdom,43,7,1,126.12
16989.0,7,6,1133.25,0,Regular Customers,United Kingdom,1233,7,6,188.875
16990.0,219,1,179.0,2,At-Risk Customers,United Kingdom,100,1,1,179.0
16992.0,11,5,1614.31,0,Regular Customers,United Kingdom,860,84,5,322.86199999999997
16996.0,30,6,1456.96,0,Regular Customers,United Kingdom,544,13,6,242.82666666666668
16997.0,288,3,702.0,2,At-Risk Customers,United Kingdom,360,7,3,234.0
16998.0,150,4,295.0,0,Regular Customers,United Kingdom,76,1,4,73.75
16999.0,23,2,484.82,0,Regular Customers,United Kingdom,294,21,2,242.41
17001.0,1,11,3693.227500000001,1,High-Value Customers,United Kingdom,2164,75,11,335.7479545454546
17002.0,86,3,1493.73,0,Regular Customers,United Kingdom,679,41,3,497.91
17004.0,46,2,1412.94,0,Regular Customers,United Kingdom,819,38,2,706.47
17006.0,5,4,781.78,0,Regular Customers,United Kingdom,272,37,4,195.445
17007.0,51,6,889.9300000000001,0,Regular Customers,United Kingdom,597,50,6,148.3216666666667
17010.0,18,1,195.36,0,Regular Customers,United Kingdom,118,11,1,195.36
17011.0,30,1,270.9,0,Regular Customers,United Kingdom,186,15,1,270.9
17014.0,8,3,586.33,0,Regular Customers,United Kingdom,245,63,3,195.44333333333336
17015.0,29,3,1842.56,0,Regular Customers,United Kingdom,1981,182,3,614.1866666666666
17017.0,3,11,3693.227500000001,1,High-Value Customers,United Kingdom,6673,88,20,184.66137500000005
17018.0,41,2,920.1,0,Regular Customers,United Kingdom,176,15,2,460.05
17019.0,11,4,1272.61,0,Regular Customers,United Kingdom,827,166,4,318.1525
17022.0,31,1,71.0,0,Regular Customers,United Kingdom,108,7,1,71.0
17024.0,45,3,95.85,0,Regular Customers,United Kingdom,69,2,3,31.95
17025.0,61,3,357.77,0,Regular Customers,United Kingdom,235,8,3,119.25666666666666
17026.0,185,2,154.82999999999998,2,At-Risk Customers,United Kingdom,97,4,2,77.41499999999999
17027.0,79,6,890.29,0,Regular Customers,United Kingdom,421,110,6,148.38166666666666
17029.0,111,2,716.0,0,Regular Customers,United Kingdom,400,1,2,358.0
17030.0,64,1,146.87,0,Regular Customers,United Kingdom,146,11,1,146.87
17031.0,12,2,380.35,0,Regular Customers,United Kingdom,235,19,2,190.175
17033.0,86,3,1030.14,0,Regular Customers,United Kingdom,750,24,3,343.38000000000005
17034.0,16,3,745.52,0,Regular Customers,United Kingdom,410,28,3,248.50666666666666
17035.0,246,2,433.53000000000003,2,At-Risk Customers,United Kingdom,229,27,2,216.76500000000001
17037.0,88,1,1267.32,0,Regular Customers,United Kingdom,656,75,1,1267.32
17038.0,30,1,112.4,0,Regular Customers,United Kingdom,28,22,1,112.4
17040.0,138,1,449.73,0,Regular Customers,United Kingdom,181,15,1,449.73
17041.0,27,3,1081.57,0,Regular Customers,United Kingdom,951,59,3,360.5233333333333
17042.0,3,5,1044.3799999999999,0,Regular Customers,United Kingdom,994,74,5,208.87599999999998
17043.0,32,4,1735.18,0,Regular Customers,United Kingdom,998,100,4,433.795
17044.0,25,1,948.48,0,Regular Customers,United Kingdom,504,6,1,948.48
17045.0,113,3,339.44,0,Regular Customers,United Kingdom,106,20,3,113.14666666666666
17046.0,157,1,642.02,2,At-Risk Customers,United Kingdom,510,22,1,642.02
17047.0,85,3,1100.9,0,Regular Customers,United Kingdom,533,59,3,366.9666666666667
17048.0,118,3,925.35,0,Regular Customers,United Kingdom,485,41,3,308.45
17049.0,3,9,3693.227500000001,1,High-Value Customers,United Kingdom,2676,201,9,410.3586111111112
17050.0,96,6,3228.84,1,High-Value Customers,United Kingdom,1614,169,6,538.14
17051.0,194,1,247.14000000000001,2,At-Risk Customers,United Kingdom,184,40,1,247.14000000000001
17052.0,28,1,413.75,0,Regular Customers,United Kingdom,261,72,1,413.75
17053.0,131,1,498.48,0,Regular Customers,United Kingdom,122,13,1,498.48
17054.0,28,5,1356.33,0,Regular Customers,United Kingdom,804,64,5,271.26599999999996
17058.0,82,3,1179.89,0,Regular Customers,United Kingdom,592,51,3,393.2966666666667
17059.0,30,5,3095.04,1,High-Value Customers,United Kingdom,1855,292,5,619.008
17060.0,266,1,234.24,2,At-Risk Customers,United Kingdom,216,5,1,234.24
17061.0,74,11,3693.227500000001,1,High-Value Customers,United Kingdom,1526,57,11,335.7479545454546
17062.0,314,4,538.37,2,At-Risk Customers,United Kingdom,430,52,4,134.5925
17063.0,21,7,1461.14,1,High-Value Customers,United Kingdom,770,66,7,208.73428571428573
17064.0,59,3,859.35,0,Regular Customers,United Kingdom,318,53,3,286.45
17068.0,12,11,3693.227500000001,1,High-Value Customers,United Kingdom,2164,116,21,175.86797619047624
17069.0,28,9,2709.7000000000003,1,High-Value Customers,United Kingdom,1506,111,9,301.0777777777778
17070.0,114,1,312.14,0,Regular Customers,United Kingdom,133,62,1,312.14
17071.0,28,9,2429.03,1,High-Value Customers,United Kingdom,1197,102,9,269.89222222222224
17073.0,18,4,1446.09,0,Regular Customers,United Kingdom,759,142,4,361.5225
17075.0,18,4,834.12,0,Regular Customers,United Kingdom,292,62,4,208.53
17076.0,36,3,841.0799999999999,0,Regular Customers,United Kingdom,295,17,3,280.35999999999996
17078.0,36,2,378.2,0,Regular Customers,United Kingdom,788,28,2,189.1
17079.0,78,1,118.80000000000001,0,Regular Customers,United Kingdom,24,2,1,118.80000000000001
17080.0,22,2,287.62,0,Regular Customers,United Kingdom,166,8,2,143.81
17081.0,25,2,290.16,0,Regular Customers,United Kingdom,78,55,2,145.08
17082.0,33,2,2003.85,0,Regular Customers,United Kingdom,1049,75,2,1001.925
17083.0,109,3,1405.78,0,Regular Customers,United Kingdom,772,24,3,468.5933333333333
17084.0,35,2,2949.75,0,Regular Customers,United Kingdom,1816,146,2,1474.875
17085.0,123,5,1566.65,0,Regular Customers,United Kingdom,786,115,5,313.33000000000004
17086.0,7,6,2050.08,1,High-Value Customers,United Kingdom,1859,76,6,341.68
17088.0,28,4,1991.01,0,Regular Customers,United Kingdom,868,96,4,497.7525
17090.0,4,7,2043.95,1,High-Value Customers,United Kingdom,921,45,7,291.99285714285713
17091.0,3,9,3693.227500000001,1,High-Value Customers,United Kingdom,1746,119,9,410.3586111111112
17092.0,50,4,1777.78,0,Regular Customers,United Kingdom,1131,99,4,444.445
17094.0,322,1,302.0,2,At-Risk Customers,United Kingdom,152,14,1,302.0
17095.0,23,3,1324.16,0,Regular Customers,United Kingdom,618,69,3,441.3866666666667
17096.0,15,4,1022.13,0,Regular Customers,United Kingdom,339,46,4,255.5325
17097.0,2,8,954.42,1,High-Value Customers,Spain,459,153,8,119.3025
17100.0,18,2,971.74,0,Regular Customers,United Kingdom,800,65,2,485.87
17101.0,10,4,1621.73,0,Regular Customers,United Kingdom,815,28,4,405.4325
17102.0,262,1,25.5,2,At-Risk Customers,United Kingdom,2,1,1,25.5
17105.0,159,2,665.78,2,At-Risk Customers,United Kingdom,693,80,2,332.89
17107.0,33,6,3693.227500000001,1,High-Value Customers,United Kingdom,4837,269,6,615.5379166666668
17109.0,29,6,885.04,0,Regular Customers,United Kingdom,589,107,6,147.50666666666666
17110.0,165,1,163.29999999999998,2,At-Risk Customers,United Kingdom,50,12,1,163.29999999999998
17111.0,47,1,248.61,0,Regular Customers,United Kingdom,302,29,1,248.61
17114.0,6,8,808.62,0,Regular Customers,United Kingdom,219,85,8,101.0775
17115.0,8,3,837.5,0,Regular Customers,United Kingdom,372,33,3,279.1666666666667
17117.0,288,1,116.19999999999999,2,At-Risk Customers,United Kingdom,68,9,1,116.19999999999999
17118.0,318,1,157.02,2,At-Risk Customers,United Kingdom,154,10,1,157.02
17119.0,3,2,606.91,0,Regular Customers,United Kingdom,334,35,2,303.455
17120.0,233,1,307.46,2,At-Risk Customers,United Kingdom,120,18,1,307.46
17122.0,119,1,138.32,0,Regular Customers,United Kingdom,80,7,1,138.32
17123.0,162,1,345.29999999999995,2,At-Risk Customers,United Kingdom,246,9,1,345.29999999999995
17124.0,185,1,298.89,2,At-Risk Customers,United Kingdom,130,31,1,298.89
17125.0,50,1,259.35,0,Regular Customers,United Kingdom,291,34,1,259.35
17126.0,152,5,1004.75,0,Regular Customers,United Kingdom,792,187,5,200.95
17128.0,328,1,157.09,2,At-Risk Customers,United Kingdom,76,14,1,157.09
17131.0,5,5,2463.17,1,High-Value Customers,United Kingdom,983,78,5,492.634
17133.0,16,7,3693.227500000001,1,High-Value Customers,United Kingdom,2730,13,7,527.6039285714287
17134.0,107,2,425.0,0,Regular Customers,United Kingdom,102,21,2,212.5
17135.0,16,7,1139.73,0,Regular Customers,United Kingdom,1224,34,7,162.81857142857143
17138.0,276,1,380.5,2,At-Risk Customers,United Kingdom,126,24,1,380.5
17139.0,16,11,3693.227500000001,1,High-Value Customers,United Kingdom,5182,309,12,307.7689583333334
17140.0,247,1,465.32,2,At-Risk Customers,United Kingdom,302,16,1,465.32
17142.0,239,1,579.0,2,At-Risk Customers,United Kingdom,81,15,1,579.0
17144.0,1,2,984.57,0,Regular Customers,United Kingdom,483,42,2,492.285
17146.0,106,3,749.78,0,Regular Customers,United Kingdom,212,33,3,249.92666666666665
17147.0,23,4,1714.59,0,Regular Customers,United Kingdom,882,68,4,428.6475
17148.0,52,1,124.88,0,Regular Customers,United Kingdom,82,9,1,124.88
17152.0,195,3,1689.5,2,At-Risk Customers,United Kingdom,517,9,3,563.1666666666666
17153.0,24,1,213.78,0,Regular Customers,United Kingdom,104,14,1,213.78
17154.0,75,1,329.34,0,Regular Customers,United Kingdom,490,23,1,329.34
17155.0,18,2,251.70000000000002,0,Regular Customers,United Kingdom,242,19,2,125.85000000000001
17157.0,8,2,319.0,0,Regular Customers,United Kingdom,172,11,2,159.5
17158.0,32,3,1266.97,0,Regular Customers,United Kingdom,778,53,3,422.3233333333333
17159.0,22,3,1538.88,0,Regular Customers,United Kingdom,1111,96,3,512.96
17160.0,31,6,3518.03,1,High-Value Customers,United Kingdom,2856,111,6,586.3383333333334
17162.0,29,10,1715.46,1,High-Value Customers,United Kingdom,1001,81,10,171.546
17163.0,22,2,293.1,0,Regular Customers,United Kingdom,66,3,2,146.55
17164.0,33,7,2467.35,1,High-Value Customers,United Kingdom,1501,92,7,352.4785714285714
17165.0,284,1,158.68,2,At-Risk Customers,United Kingdom,100,10,1,158.68
17166.0,39,2,206.34,0,Regular Customers,United Kingdom,78,11,2,103.17
17169.0,58,2,835.78,0,Regular Customers,United Kingdom,526,51,2,417.89
17171.0,289,1,224.91,2,At-Risk Customers,United Kingdom,185,16,1,224.91
17172.0,79,1,317.76,0,Regular Customers,United Kingdom,480,15,1,317.76
17173.0,5,8,3693.227500000001,1,High-Value Customers,United Kingdom,1122,36,8,461.6534375000001
17174.0,218,1,59.9,2,At-Risk Customers,United Kingdom,41,4,1,59.9
17175.0,44,4,1443.69,0,Regular Customers,United Kingdom,866,42,4,360.9225
17176.0,202,1,306.13,2,At-Risk Customers,United Kingdom,170,15,1,306.13
17179.0,178,3,711.79,2,At-Risk Customers,United Kingdom,290,56,3,237.26333333333332
17180.0,56,4,796.03,0,Regular Customers,United Kingdom,683,91,4,199.0075
17181.0,57,2,239.92000000000002,0,Regular Customers,United Kingdom,241,23,2,119.96000000000001
17183.0,8,6,3347.31,1,High-Value Customers,United Kingdom,1296,42,6,557.885
17186.0,47,2,144.0,0,Regular Customers,United Kingdom,200,1,2,72.0
17187.0,227,1,203.95,2,At-Risk Customers,United Kingdom,144,10,1,203.95
17188.0,11,7,2474.23,1,High-Value Customers,United Kingdom,1328,71,7,353.4614285714286
17189.0,106,2,384.40000000000003,0,Regular Customers,United Kingdom,227,52,2,192.20000000000002
17190.0,59,2,444.74,0,Regular Customers,United Kingdom,161,19,2,222.37
17191.0,28,7,2095.13,1,High-Value Customers,United Kingdom,1167,163,7,299.30428571428575
17193.0,36,7,1699.3000000000002,1,High-Value Customers,United Kingdom,1254,17,7,242.7571428571429
17194.0,274,2,262.62,2,At-Risk Customers,United Kingdom,119,26,2,131.31
17197.0,30,1,1013.01,0,Regular Customers,United Kingdom,191,29,1,1013.01
17198.0,24,3,692.22,0,Regular Customers,United Kingdom,357,89,3,230.74
17201.0,54,1,342.63,0,Regular Customers,United Kingdom,268,38,1,342.63
17203.0,36,6,3563.85,1,High-Value Customers,United Kingdom,2850,116,6,593.975
17204.0,175,4,1564.56,2,At-Risk Customers,United Kingdom,646,44,4,391.14
17205.0,54,1,384.08,0,Regular Customers,United Kingdom,884,13,1,384.08
17206.0,53,1,204.24,0,Regular Customers,United Kingdom,76,7,1,204.24
17211.0,27,8,2317.2200000000003,1,High-Value Customers,United Kingdom,1323,150,8,289.65250000000003
17212.0,253,1,226.85,2,At-Risk Customers,United Kingdom,147,4,1,226.85
17213.0,40,7,2781.23,1,High-Value Customers,United Kingdom,1176,85,7,397.31857142857143
17214.0,60,6,1069.1200000000001,0,Regular Customers,United Kingdom,276,79,6,178.1866666666667
17217.0,234,1,113.5,2,At-Risk Customers,United Kingdom,24,9,1,113.5
17218.0,4,10,1960.72,1,High-Value Customers,United Kingdom,958,146,10,196.072
17219.0,32,1,114.23,0,Regular Customers,United Kingdom,89,24,1,114.23
17220.0,24,11,3198.25,1,High-Value Customers,United Kingdom,1905,303,14,228.44642857142858
17221.0,7,2,335.13,0,Regular Customers,United Kingdom,288,59,2,167.565
17222.0,65,1,354.15,0,Regular Customers,United Kingdom,128,27,1,354.15
17223.0,310,2,426.79,2,At-Risk Customers,United Kingdom,112,43,2,213.395
17226.0,309,1,393.49,2,At-Risk Customers,United Kingdom,406,21,1,393.49
17227.0,19,6,939.32,0,Regular Customers,United Kingdom,741,28,6,156.55333333333334
17228.0,16,8,1906.09,1,High-Value Customers,United Kingdom,1532,140,8,238.26125
17229.0,96,2,318.76,0,Regular Customers,United Kingdom,185,39,2,159.38
17230.0,264,8,3638.41,1,High-Value Customers,United Kingdom,1651,51,8,454.80125
17231.0,12,10,3174.32,1,High-Value Customers,United Kingdom,1742,292,10,317.432
17232.0,3,2,421.52,0,Regular Customers,United Kingdom,203,30,2,210.76
17233.0,35,1,190.88,0,Regular Customers,United Kingdom,131,25,1,190.88
17234.0,183,1,149.89000000000001,2,At-Risk Customers,United Kingdom,55,14,1,149.89000000000001
17235.0,25,2,550.06,0,Regular Customers,United Kingdom,224,24,2,275.03
17236.0,13,6,916.13,0,Regular Customers,United Kingdom,474,88,6,152.68833333333333
17237.0,11,2,314.69,0,Regular Customers,United Kingdom,105,18,2,157.345
17238.0,3,11,3693.227500000001,1,High-Value Customers,United Kingdom,1822,297,17,217.2486764705883
17239.0,313,1,382.5,2,At-Risk Customers,United Kingdom,150,15,1,382.5
17242.0,108,2,1135.04,0,Regular Customers,United Kingdom,611,30,2,567.52
17243.0,1,11,3693.227500000001,1,High-Value Customers,United Kingdom,3370,180,26,142.04721153846157
17244.0,53,1,954.9,0,Regular Customers,United Kingdom,616,31,1,954.9
17245.0,205,1,171.45,2,At-Risk Customers,United Kingdom,75,9,1,171.45
17247.0,15,1,282.19,0,Regular Customers,United Kingdom,106,53,1,282.19
17248.0,120,1,318.65,0,Regular Customers,United Kingdom,213,68,1,318.65
17250.0,4,2,384.52,0,Regular Customers,United Kingdom,168,55,2,192.26
17251.0,328,1,283.28000000000003,2,At-Risk Customers,United Kingdom,110,37,1,283.28000000000003
17252.0,117,2,353.86,0,Regular Customers,United Kingdom,193,86,2,176.93
17253.0,18,1,178.26,0,Regular Customers,United Kingdom,43,18,1,178.26
17254.0,5,2,272.44,0,Regular Customers,United Kingdom,252,100,2,136.22
17255.0,41,2,298.41,0,Regular Customers,United Kingdom,232,69,2,149.205
17256.0,107,2,240.0,0,Regular Customers,United Kingdom,141,12,2,120.0
17259.0,148,2,603.37,2,At-Risk Customers,United Kingdom,410,104,2,301.685
17262.0,52,5,1253.3600000000001,0,Regular Customers,United Kingdom,367,9,5,250.67200000000003
17263.0,208,1,63.440000000000005,2,At-Risk Customers,United Kingdom,36,23,1,63.440000000000005
17265.0,139,2,562.9,0,Regular Customers,United Kingdom,394,106,2,281.45
17266.0,2,3,310.64,0,Regular Customers,United Kingdom,161,60,3,103.54666666666667
17267.0,127,2,317.62,0,Regular Customers,United Kingdom,159,37,2,158.81
17268.0,108,4,763.64,0,Regular Customers,United Kingdom,844,3,4,190.91
17272.0,42,4,2148.63,0,Regular Customers,United Kingdom,1778,70,4,537.1575
17274.0,35,1,111.97999999999999,0,Regular Customers,United Kingdom,79,24,1,111.97999999999999
17277.0,228,2,1065.3500000000001,2,At-Risk Customers,United Kingdom,430,67,2,532.6750000000001
17278.0,241,1,246.04,2,At-Risk Customers,United Kingdom,179,15,1,246.04
17279.0,58,1,187.82999999999998,0,Regular Customers,United Kingdom,48,8,1,187.82999999999998
17282.0,130,3,1703.41,0,Regular Customers,United Kingdom,1877,79,3,567.8033333333334
17284.0,60,6,1652.58,0,Regular Customers,United Kingdom,1364,229,6,275.43
17286.0,22,1,153.92,0,Regular Customers,United Kingdom,118,44,1,153.92
17287.0,26,7,1064.11,0,Regular Customers,United Kingdom,559,88,7,152.01571428571427
17288.0,9,7,1419.73,1,High-Value Customers,United Kingdom,1203,118,7,202.81857142857143
17289.0,32,3,944.41,0,Regular Customers,United Kingdom,520,86,3,314.80333333333334
17290.0,4,2,525.24,0,Regular Customers,United Kingdom,404,92,2,262.62
17291.0,308,1,550.8000000000001,2,At-Risk Customers,United Kingdom,72,1,1,550.8000000000001
17293.0,8,9,1875.1100000000001,1,High-Value Customers,United Kingdom,1140,93,9,208.34555555555556
17295.0,29,3,556.95,0,Regular Customers,United Kingdom,294,53,3,185.65
17297.0,17,1,131.78,0,Regular Customers,United Kingdom,67,49,1,131.78
17298.0,101,2,498.42,0,Regular Customers,United Kingdom,387,30,2,249.21
17299.0,12,4,669.11,0,Regular Customers,United Kingdom,678,50,4,167.2775
17301.0,21,1,197.63,0,Regular Customers,United Kingdom,149,59,1,197.63
17302.0,15,5,1135.63,0,Regular Customers,United Kingdom,575,68,5,227.12600000000003
17303.0,328,1,250.04,2,At-Risk Customers,United Kingdom,144,53,1,250.04
17306.0,11,11,3693.227500000001,1,High-Value Customers,United Kingdom,11491,13,19,194.38039473684216
17309.0,95,1,82.75,0,Regular Customers,United Kingdom,41,11,1,82.75
17311.0,78,2,1384.85,0,Regular Customers,United Kingdom,1005,55,2,692.425
17312.0,139,3,644.3,0,Regular Customers,United Kingdom,372,11,3,214.76666666666665
17313.0,31,1,2328.84,0,Regular Customers,United Kingdom,1402,24,1,2328.84
17314.0,25,8,2527.92,1,High-Value Customers,United Kingdom,1896,120,8,315.99
17315.0,2,11,3693.227500000001,1,High-Value Customers,United Kingdom,3888,256,38,97.19019736842108
17317.0,46,3,2600.34,0,Regular Customers,United Kingdom,1146,8,3,866.7800000000001
17320.0,100,3,1200.6200000000001,0,Regular Customers,United Kingdom,634,57,3,400.2066666666667
17321.0,8,2,700.86,0,Regular Customers,United Kingdom,373,94,2,350.43
17323.0,15,7,921.07,0,Regular Customers,United Kingdom,776,125,7,131.58142857142857
17324.0,18,4,990.23,0,Regular Customers,United Kingdom,844,43,4,247.5575
17325.0,280,1,96.8,2,At-Risk Customers,United Kingdom,60,6,1,96.8
17329.0,14,2,523.11,0,Regular Customers,United Kingdom,142,29,2,261.555
17330.0,23,2,363.9,0,Regular Customers,United Kingdom,120,5,2,181.95
17331.0,124,1,175.2,0,Regular Customers,United Kingdom,16,1,1,175.2
17333.0,86,1,494.25,0,Regular Customers,United Kingdom,375,28,1,494.25
17334.0,302,2,307.02,2,At-Risk Customers,United Kingdom,315,11,2,153.51
17337.0,151,4,2027.8700000000001,0,Regular Customers,United Kingdom,1269,421,4,506.96750000000003
17338.0,17,8,3693.227500000001,1,High-Value Customers,United Kingdom,3128,389,8,461.6534375000001
17339.0,94,2,243.36,0,Regular Customers,United Kingdom,152,9,2,121.68
17340.0,30,11,3693.227500000001,1,High-Value Customers,United Kingdom,5967,229,11,335.7479545454546
17341.0,157,3,781.36,2,At-Risk Customers,United Kingdom,489,147,3,260.4533333333333
17343.0,328,1,193.64,2,At-Risk Customers,United Kingdom,56,17,1,193.64
17344.0,46,1,160.57,0,Regular Customers,United Kingdom,66,31,1,160.57
17345.0,15,4,537.74,0,Regular Customers,United Kingdom,346,70,4,134.435
17346.0,4,11,2676.56,1,High-Value Customers,United Kingdom,1657,299,15,178.43733333333333
17347.0,86,1,228.96,0,Regular Customers,United Kingdom,216,1,1,228.96
17348.0,15,5,1159.52,0,Regular Customers,United Kingdom,1401,180,5,231.904
17349.0,179,1,110.75,2,At-Risk Customers,United Kingdom,112,8,1,110.75
17350.0,8,4,1286.07,0,Regular Customers,United Kingdom,795,66,4,321.5175
17351.0,36,3,587.15,0,Regular Customers,United Kingdom,113,22,3,195.71666666666667
17353.0,129,2,1740.0,0,Regular Customers,United Kingdom,1200,5,2,870.0
17354.0,51,1,1393.06,0,Regular Customers,United Kingdom,1006,15,1,1393.06
17356.0,312,1,178.22,2,At-Risk Customers,United Kingdom,166,19,1,178.22
17357.0,24,2,388.14,0,Regular Customers,United Kingdom,153,41,2,194.07
17358.0,303,2,365.85,2,At-Risk Customers,United Kingdom,202,55,2,182.925
17359.0,11,1,127.86,0,Regular Customers,United Kingdom,161,13,1,127.86
17360.0,17,3,585.79,0,Regular Customers,United Kingdom,335,113,3,195.26333333333332
17361.0,49,3,488.2,0,Regular Customers,United Kingdom,157,26,3,162.73333333333332
17362.0,239,2,312.23,2,At-Risk Customers,United Kingdom,191,30,2,156.115
17364.0,1,11,3693.227500000001,1,High-Value Customers,United Kingdom,2701,288,11,335.7479545454546
17365.0,13,8,3693.227500000001,1,High-Value Customers,United Kingdom,4777,278,8,461.6534375000001
17367.0,238,1,168.4,2,At-Risk Customers,United Kingdom,150,33,1,168.4
17368.0,23,8,1912.67,1,High-Value Customers,United Kingdom,1391,93,8,239.08375
17370.0,73,4,446.18,0,Regular Customers,United Kingdom,540,31,4,111.545
17371.0,17,3,423.89,0,Regular Customers,United Kingdom,152,83,3,141.29666666666665
17372.0,41,8,1342.68,1,High-Value Customers,United Kingdom,749,215,8,167.835
17373.0,40,4,646.92,0,Regular Customers,United Kingdom,408,47,4,161.73
17374.0,219,2,495.77,2,At-Risk Customers,United Kingdom,85,24,2,247.885
17375.0,199,3,400.1,2,At-Risk Customers,United Kingdom,367,63,3,133.36666666666667
17376.0,71,2,203.2,0,Regular Customers,United Kingdom,86,23,2,101.6
17377.0,24,11,3693.227500000001,1,High-Value Customers,United Kingdom,2076,190,20,184.66137500000005
17379.0,11,1,404.66,0,Regular Customers,United Kingdom,663,71,1,404.66
17381.0,9,11,3693.227500000001,1,High-Value Customers,United Kingdom,25649,40,29,127.35267241379313
17382.0,65,1,65.4,0,Regular Customers,United Kingdom,25,2,1,65.4
17383.0,4,1,199.29,0,Regular Customers,United Kingdom,150,49,1,199.29
17384.0,19,2,336.4,0,Regular Customers,United Kingdom,88,12,2,168.2
17385.0,15,1,261.11,0,Regular Customers,United Kingdom,201,42,1,261.11
17386.0,8,6,2686.42,1,High-Value Customers,United Kingdom,1902,23,6,447.7366666666667
17387.0,20,2,784.11,0,Regular Customers,United Kingdom,542,71,2,392.055
17388.0,78,4,1259.56,0,Regular Customers,United Kingdom,1068,13,4,314.89
17389.0,1,11,3693.227500000001,1,High-Value Customers,United Kingdom,7612,45,34,108.62433823529415
17391.0,164,2,508.8,2,At-Risk Customers,United Kingdom,480,2,2,254.4
17392.0,307,2,457.91,2,At-Risk Customers,United Kingdom,320,53,2,228.955
17394.0,219,1,203.86999999999998,2,At-Risk Customers,United Kingdom,241,4,1,203.86999999999998
17396.0,39,8,3693.227500000001,1,High-Value Customers,United Kingdom,2005,24,8,461.6534375000001
17397.0,22,2,696.41,0,Regular Customers,United Kingdom,254,88,2,348.205
17398.0,115,3,653.38,0,Regular Customers,United Kingdom,310,30,3,217.79333333333332
17400.0,126,5,2129.96,1,High-Value Customers,United Kingdom,1097,175,5,425.992
17402.0,5,11,2633.85,1,High-Value Customers,United Kingdom,701,33,13,202.60384615384615
17403.0,36,1,281.62,0,Regular Customers,United Kingdom,117,32,1,281.62
17404.0,4,11,3693.227500000001,1,High-Value Customers,Sweden,32748,111,15,246.21516666666673
17405.0,1,3,1031.41,0,Regular Customers,United Kingdom,726,77,3,343.80333333333334
17406.0,328,3,2200.42,2,At-Risk Customers,United Kingdom,787,99,3,733.4733333333334
17408.0,163,1,32.65,2,At-Risk Customers,United Kingdom,3,2,1,32.65
17409.0,185,2,771.85,2,At-Risk Customers,United Kingdom,105,13,2,385.925
17410.0,16,5,1214.72,0,Regular Customers,United Kingdom,616,57,5,242.94400000000002
17411.0,12,3,778.94,0,Regular Customers,United Kingdom,306,39,3,259.6466666666667
17412.0,3,7,1258.06,1,High-Value Customers,United Kingdom,738,48,7,179.72285714285712
17414.0,44,2,778.0,0,Regular Customers,United Kingdom,2100,5,2,389.0
17415.0,80,1,507.84,0,Regular Customers,United Kingdom,114,14,1,507.84
17416.0,30,7,3693.227500000001,1,High-Value Customers,United Kingdom,4302,186,7,527.6039285714287
17418.0,42,2,463.46000000000004,0,Regular Customers,United Kingdom,289,29,2,231.73000000000002
17419.0,11,11,3693.227500000001,1,High-Value Customers,United Kingdom,1876,155,12,307.7689583333334
17420.0,50,3,598.83,0,Regular Customers,United Kingdom,265,28,3,199.61
17422.0,16,6,1979.37,1,High-Value Customers,United Kingdom,2253,93,6,329.895
17423.0,46,2,698.41,0,Regular Customers,United Kingdom,459,26,2,349.205
17425.0,19,2,759.17,0,Regular Customers,United Kingdom,407,42,2,379.585
17426.0,8,6,3693.227500000001,1,High-Value Customers,United Kingdom,3094,179,6,615.5379166666668
17427.0,72,1,100.8,0,Regular Customers,United Kingdom,34,2,1,100.8
17428.0,1,11,3693.227500000001,1,High-Value Customers,United Kingdom,9474,252,28,131.90098214285717
17429.0,128,3,524.9200000000001,0,Regular Customers,United Kingdom,624,36,3,174.97333333333336
17430.0,33,2,265.76,0,Regular Customers,United Kingdom,190,14,2,132.88
17431.0,313,1,403.3,2,At-Risk Customers,United Kingdom,292,41,1,403.3
17432.0,18,2,365.76,0,Regular Customers,United Kingdom,207,44,2,182.88
17433.0,88,1,303.15999999999997,0,Regular Customers,United Kingdom,185,53,1,303.15999999999997
17434.0,2,7,2373.82,1,High-Value Customers,United Kingdom,1693,100,7,339.1171428571429
17436.0,2,2,216.29999999999998,0,Regular Customers,United Kingdom,90,7,2,108.14999999999999
17438.0,254,1,388.45000000000005,2,At-Risk Customers,United Kingdom,103,17,1,388.45000000000005
17440.0,157,3,186.42000000000002,2,At-Risk Customers,United Kingdom,246,3,3,62.14000000000001
17442.0,37,6,2248.56,1,High-Value Customers,United Kingdom,1496,96,6,374.76
17443.0,220,1,534.24,2,At-Risk Customers,Canada,504,1,1,534.24
17444.0,148,3,2940.04,1,High-Value Customers,Canada,2119,132,3,980.0133333333333
17446.0,177,2,120.9,2,At-Risk Customers,United Kingdom,198,6,2,60.45
17447.0,40,2,541.53,0,Regular Customers,United Kingdom,443,33,2,270.765
17449.0,2,7,2520.86,1,High-Value Customers,United Kingdom,1122,178,7,360.1228571428572
17450.0,8,11,3693.227500000001,1,High-Value Customers,United Kingdom,69993,124,46,80.2875543478261
17451.0,1,7,1721.4,1,High-Value Customers,United Kingdom,1203,83,7,245.91428571428574
17453.0,18,2,486.71999999999997,0,Regular Customers,United Kingdom,219,19,2,243.35999999999999
17454.0,192,4,517.53,2,At-Risk Customers,United Kingdom,243,57,4,129.3825
17455.0,204,1,131.7,2,At-Risk Customers,United Kingdom,66,8,1,131.7
17456.0,328,1,249.86,2,At-Risk Customers,United Kingdom,222,17,1,249.86
17457.0,127,5,1737.7,0,Regular Customers,United Kingdom,826,14,5,347.54
17458.0,15,1,316.5,0,Regular Customers,United Kingdom,170,52,1,316.5
17459.0,43,2,657.3,0,Regular Customers,United Kingdom,537,88,2,328.65
17460.0,94,6,622.4300000000001,0,Regular Customers,United Kingdom,236,18,6,103.73833333333334
17461.0,23,3,757.46,0,Regular Customers,United Kingdom,799,104,3,252.48666666666668
17462.0,60,2,675.69,0,Regular Customers,United Kingdom,227,25,2,337.845
17463.0,16,5,1896.41,0,Regular Customers,United Kingdom,1095,162,5,379.28200000000004
17464.0,158,1,289.96000000000004,2,At-Risk Customers,United Kingdom,220,9,1,289.96000000000004
17466.0,10,2,763.28,0,Regular Customers,United Kingdom,306,41,2,381.64
17468.0,10,2,137.0,0,Regular Customers,United Kingdom,116,5,2,68.5
17469.0,16,5,1870.97,0,Regular Customers,United Kingdom,787,61,5,374.194
17470.0,45,5,1125.07,0,Regular Customers,United Kingdom,1675,67,5,225.01399999999998
17472.0,191,3,710.29,2,At-Risk Customers,United Kingdom,462,142,3,236.76333333333332
17475.0,79,1,194.37,0,Regular Customers,United Kingdom,178,14,1,194.37
17480.0,78,1,511.82,0,Regular Customers,United Kingdom,338,29,1,511.82
17481.0,4,4,1255.59,0,Regular Customers,United Kingdom,1061,69,4,313.8975
17483.0,65,3,414.04,0,Regular Customers,United Kingdom,191,18,3,138.01333333333335
17486.0,261,1,396.87,2,At-Risk Customers,United Kingdom,191,24,1,396.87
17489.0,59,2,376.64,0,Regular Customers,United Kingdom,428,28,2,188.32
17490.0,1,7,2092.32,1,High-Value Customers,United Kingdom,1134,63,7,298.90285714285716
17491.0,1,10,3558.87,1,High-Value Customers,United Kingdom,2013,72,10,355.887
17492.0,248,1,374.57,2,At-Risk Customers,United Kingdom,155,12,1,374.57
17495.0,8,2,497.56,0,Regular Customers,United Kingdom,229,21,2,248.78
17496.0,328,1,271.05,2,At-Risk Customers,United Kingdom,79,10,1,271.05
17498.0,76,1,272.22,0,Regular Customers,United Kingdom,394,17,1,272.22
17499.0,290,1,622.88,2,At-Risk Customers,United Kingdom,711,40,1,622.88
17500.0,17,3,1138.0,0,Regular Customers,United Kingdom,17,3,3,379.3333333333333
17501.0,221,2,288.6,2,At-Risk Customers,United Kingdom,160,18,2,144.3
17502.0,9,4,689.1,0,Regular Customers,United Kingdom,376,25,4,172.275
17503.0,3,2,558.96,0,Regular Customers,United Kingdom,486,36,2,279.48
17504.0,206,9,2997.0299999999997,1,High-Value Customers,United Kingdom,1664,112,9,333.00333333333333
17505.0,162,2,1145.84,2,At-Risk Customers,United Kingdom,556,48,2,572.92
17506.0,76,1,302.2,0,Regular Customers,United Kingdom,139,14,1,302.2
17507.0,262,2,605.58,2,At-Risk Customers,United Kingdom,359,79,2,302.79
17508.0,281,1,387.31,2,At-Risk Customers,Greece,289,22,1,387.31
17509.0,58,8,3693.227500000001,1,High-Value Customers,United Kingdom,3534,75,8,461.6534375000001
17510.0,25,1,308.48,0,Regular Customers,United Kingdom,214,20,1,308.48
17511.0,3,11,3693.227500000001,1,High-Value Customers,United Kingdom,64549,453,31,119.13637096774197
17512.0,29,10,2924.9900000000002,1,High-Value Customers,United Kingdom,2753,61,10,292.499
17513.0,72,1,513.2,0,Regular Customers,United Kingdom,254,6,1,513.2
17514.0,128,1,208.65,0,Regular Customers,United Kingdom,135,40,1,208.65
17515.0,31,4,639.02,0,Regular Customers,United Kingdom,243,49,4,159.755
17516.0,15,5,768.08,0,Regular Customers,United Kingdom,416,113,5,153.616
17517.0,309,1,153.94,2,At-Risk Customers,United Kingdom,102,11,1,153.94
17519.0,17,6,1844.02,1,High-Value Customers,United Kingdom,1236,60,6,307.33666666666664
17520.0,54,1,546.81,0,Regular Customers,United Kingdom,365,30,1,546.81
17521.0,30,3,723.2099999999999,0,Regular Customers,United Kingdom,519,38,3,241.06999999999996
17522.0,2,5,1070.71,0,Regular Customers,United Kingdom,1034,59,5,214.142
17523.0,11,4,652.74,0,Regular Customers,United Kingdom,872,25,4,163.185
17524.0,328,1,145.0,2,At-Risk Customers,United Kingdom,90,6,1,145.0
17525.0,328,1,422.70000000000005,2,At-Risk Customers,United Kingdom,82,9,1,422.70000000000005
17526.0,5,4,1195.8999999999999,0,Regular Customers,United Kingdom,310,17,4,298.97499999999997
17527.0,54,4,939.37,0,Regular Customers,United Kingdom,488,45,4,234.8425
17528.0,1,8,3628.5,1,High-Value Customers,United Kingdom,2138,183,8,453.5625
17530.0,1,10,2385.0,1,High-Value Customers,United Kingdom,1526,306,10,238.5
17531.0,190,1,296.7,2,At-Risk Customers,United Kingdom,136,14,1,296.7
17534.0,54,1,223.36,0,Regular Customers,United Kingdom,103,9,1,223.36
17535.0,280,1,164.4,2,At-Risk Customers,United Kingdom,136,13,1,164.4
17536.0,177,1,76.5,2,At-Risk Customers,United Kingdom,6,3,1,76.5
17537.0,30,2,897.62,0,Regular Customers,United Kingdom,700,74,2,448.81
17538.0,26,1,98.42,0,Regular Customers,United Kingdom,134,9,1,98.42
17540.0,25,2,578.9,0,Regular Customers,United Kingdom,194,20,2,289.45
17542.0,270,1,170.75,2,At-Risk Customers,United Kingdom,134,24,1,170.75
17545.0,43,3,645.96,0,Regular Customers,United Kingdom,341,122,3,215.32000000000002
17548.0,234,1,103.3,2,At-Risk Customers,United Kingdom,58,5,1,103.3
17549.0,24,2,148.86,0,Regular Customers,United Kingdom,210,5,2,74.43
17550.0,197,3,267.16,2,At-Risk Customers,United Kingdom,86,42,3,89.05333333333334
17551.0,328,1,306.84,2,At-Risk Customers,United Kingdom,150,39,1,306.84
17552.0,60,4,930.41,0,Regular Customers,United Kingdom,719,43,4,232.6025
17553.0,130,1,1487.6,0,Regular Customers,United Kingdom,1048,2,1,1487.6
17554.0,1,5,1952.45,1,High-Value Customers,United Kingdom,1763,58,5,390.49
17555.0,20,2,483.26,0,Regular Customers,United Kingdom,349,101,2,241.63
17556.0,206,1,157.9,2,At-Risk Customers,United Kingdom,101,6,1,157.9
17557.0,14,3,541.46,0,Regular Customers,United Kingdom,306,27,3,180.48666666666668
17560.0,95,4,854.95,0,Regular Customers,United Kingdom,635,22,4,213.7375
17561.0,19,1,167.62,0,Regular Customers,United Kingdom,146,44,1,167.62
17562.0,14,7,1122.38,0,Regular Customers,United Kingdom,817,48,7,160.34
17564.0,24,3,454.01,0,Regular Customers,United Kingdom,146,38,3,151.33666666666667
17566.0,8,2,901.21,0,Regular Customers,United Kingdom,518,113,2,450.605
17567.0,7,8,3693.227500000001,1,High-Value Customers,United Kingdom,2632,110,8,461.6534375000001
17569.0,328,1,344.14,2,At-Risk Customers,United Kingdom,159,29,1,344.14
17571.0,50,4,1498.51,0,Regular Customers,United Kingdom,905,247,4,374.6275
17572.0,71,4,226.75000000000003,0,Regular Customers,United Kingdom,95,7,4,56.68750000000001
17573.0,29,3,380.6,0,Regular Customers,United Kingdom,308,24,3,126.86666666666667
17574.0,243,1,185.65,2,At-Risk Customers,United Kingdom,77,8,1,185.65
17576.0,8,11,3622.68,1,High-Value Customers,United Kingdom,1994,245,19,190.66736842105263
17578.0,218,1,143.45999999999998,2,At-Risk Customers,United Kingdom,138,5,1,143.45999999999998
17579.0,5,3,448.90000000000003,0,Regular Customers,United Kingdom,258,46,3,149.63333333333335
17580.0,253,3,215.72,2,At-Risk Customers,United Kingdom,88,43,3,71.90666666666667
17581.0,1,11,3693.227500000001,1,High-Value Customers,United Kingdom,5927,229,25,147.72910000000005
17582.0,236,1,175.27,2,At-Risk Customers,United Kingdom,123,28,1,175.27
17584.0,7,2,1242.3,0,Regular Customers,United Kingdom,458,30,2,621.15
17585.0,109,4,1133.07,0,Regular Customers,United Kingdom,1671,176,4,283.2675
17588.0,100,3,1240.2,0,Regular Customers,United Kingdom,676,19,3,413.40000000000003
17589.0,60,4,2404.17,1,High-Value Customers,United Kingdom,1631,172,4,601.0425
17590.0,2,3,1479.22,0,Regular Customers,United Kingdom,828,162,3,493.0733333333333
17591.0,73,7,2225.9700000000003,1,High-Value Customers,United Kingdom,1009,81,7,317.9957142857143
17593.0,4,5,3693.227500000001,1,High-Value Customers,United Kingdom,3101,190,5,738.6455000000002
17594.0,85,2,993.18,0,Regular Customers,United Kingdom,550,42,2,496.59
17595.0,12,2,388.79,0,Regular Customers,United Kingdom,229,68,2,194.395
17596.0,23,7,2827.93,1,High-Value Customers,United Kingdom,4400,168,7,403.98999999999995
17597.0,214,1,2044.3700000000001,2,At-Risk Customers,United Kingdom,1176,55,1,2044.3700000000001
17600.0,18,1,161.67000000000002,0,Regular Customers,United Kingdom,144,13,1,161.67000000000002
17601.0,239,1,116.00999999999999,2,At-Risk Customers,United Kingdom,103,9,1,116.00999999999999
17602.0,2,6,3693.227500000001,1,High-Value Customers,United Kingdom,4151,335,6,615.5379166666668
17603.0,78,1,394.72,0,Regular Customers,United Kingdom,74,11,1,394.72
17604.0,217,2,309.36,2,At-Risk Customers,United Kingdom,169,57,2,154.68
17608.0,33,2,193.42,0,Regular Customers,United Kingdom,232,54,2,96.71
17609.0,41,5,1112.22,0,Regular Customers,United Kingdom,723,199,5,222.44400000000002
17611.0,7,11,3693.227500000001,1,High-Value Customers,United Kingdom,2560,440,15,246.21516666666673
17612.0,53,6,2048.45,1,High-Value Customers,United Kingdom,1808,116,6,341.4083333333333
17613.0,23,11,3693.227500000001,1,High-Value Customers,United Kingdom,2496,211,14,263.80196428571435
17614.0,57,1,390.07,0,Regular Customers,United Kingdom,238,97,1,390.07
17615.0,130,3,329.6,0,Regular Customers,United Kingdom,140,13,3,109.86666666666667
17616.0,174,3,571.1999999999999,2,At-Risk Customers,United Kingdom,224,1,3,190.39999999999998
17618.0,6,3,971.58,0,Regular Customers,United Kingdom,331,56,3,323.86
17619.0,312,1,218.52,2,At-Risk Customers,United Kingdom,127,71,1,218.52
17620.0,60,1,81.44,0,Regular Customers,United Kingdom,60,4,1,81.44
17621.0,21,3,1379.9,0,Regular Customers,United Kingdom,514,24,3,459.9666666666667
17623.0,33,1,527.0500000000001,0,Regular Customers,United Kingdom,265,33,1,527.0500000000001
17624.0,15,2,843.48,0,Regular Customers,United Kingdom,554,49,2,421.74
17625.0,18,4,2047.0,0,Regular Customers,United Kingdom,1198,223,4,511.75
17628.0,81,1,75.75,0,Regular Customers,United Kingdom,79,5,1,75.75
17629.0,6,8,1814.12,1,High-Value Customers,United Kingdom,1629,106,8,226.765
17630.0,170,2,503.59999999999997,2,At-Risk Customers,United Kingdom,158,24,2,251.79999999999998
17631.0,2,3,528.33,0,Regular Customers,United Kingdom,334,39,3,176.11
17633.0,31,4,1324.84,0,Regular Customers,United Kingdom,644,59,4,331.21
17634.0,36,9,2361.9700000000003,1,High-Value Customers,United Kingdom,840,209,9,262.4411111111111
17636.0,19,1,285.56,0,Regular Customers,United Kingdom,182,20,1,285.56
17637.0,31,2,547.0600000000001,0,Regular Customers,United Kingdom,280,35,2,273.53000000000003
17639.0,276,1,108.5,2,At-Risk Customers,United Kingdom,49,7,1,108.5
17640.0,87,1,621.66,0,Regular Customers,United Kingdom,250,5,1,621.66
17642.0,120,2,712.29,0,Regular Customers,United Kingdom,474,34,2,356.145
17643.0,328,1,101.55,2,At-Risk Customers,United Kingdom,71,8,1,101.55
17644.0,1,11,2895.64,1,High-Value Customers,United Kingdom,1793,102,11,263.24
17646.0,219,3,1008.39,2,At-Risk Customers,United Kingdom,323,46,3,336.13
17647.0,65,1,133.06,0,Regular Customers,United Kingdom,30,7,1,133.06
17648.0,61,4,1797.5,0,Regular Customers,United Kingdom,487,81,4,449.375
17649.0,138,1,868.49,0,Regular Customers,United Kingdom,399,52,1,868.49
17650.0,21,1,166.08,0,Regular Customers,United Kingdom,150,8,1,166.08
17651.0,12,10,3693.227500000001,1,High-Value Customers,United Kingdom,3112,149,10,369.3227500000001
17652.0,25,11,3693.227500000001,1,High-Value Customers,United Kingdom,2509,118,12,307.7689583333334
17653.0,37,4,1207.56,0,Regular Customers,United Kingdom,1409,44,4,301.89
17654.0,277,1,117.55,2,At-Risk Customers,United Kingdom,41,22,1,117.55
17655.0,11,7,2638.94,1,High-Value Customers,United Kingdom,1116,66,7,376.99142857142857
17656.0,73,5,1674.69,0,Regular Customers,United Kingdom,1399,67,5,334.938
17658.0,26,2,595.42,0,Regular Customers,United Kingdom,616,17,2,297.71
17659.0,17,11,2999.46,1,High-Value Customers,United Kingdom,1525,127,12,249.955
17660.0,141,1,196.0,2,At-Risk Customers,United Kingdom,130,37,1,196.0
17663.0,26,7,1802.91,1,High-Value Customers,United Kingdom,797,63,7,257.55857142857144
17664.0,19,2,604.64,0,Regular Customers,United Kingdom,604,41,2,302.32
17666.0,4,2,728.16,0,Regular Customers,United Kingdom,596,14,2,364.08
17667.0,66,5,2055.51,1,High-Value Customers,United Kingdom,1033,85,5,411.10200000000003
17668.0,1,2,347.75,0,Regular Customers,United Kingdom,93,14,2,173.875
17669.0,43,7,3406.7200000000003,1,High-Value Customers,United Kingdom,1916,45,7,486.67428571428576
17670.0,228,1,205.7,2,At-Risk Customers,United Kingdom,110,11,1,205.7
17671.0,16,4,1572.71,0,Regular Customers,United Kingdom,772,40,4,393.1775
17672.0,50,2,3178.17,1,High-Value Customers,United Kingdom,1690,105,2,1589.085
17673.0,2,6,1629.12,1,High-Value Customers,United Kingdom,1487,118,6,271.52
17674.0,74,2,551.04,0,Regular Customers,United Kingdom,672,19,2,275.52
17675.0,1,11,3693.227500000001,1,High-Value Customers,United Kingdom,8360,239,31,119.13637096774197
17676.0,4,6,1387.68,0,Regular Customers,United Kingdom,932,49,6,231.28
17677.0,2,11,3693.227500000001,1,High-Value Customers,United Kingdom,9775,178,30,123.10758333333337
17678.0,264,1,298.11,2,At-Risk Customers,United Kingdom,207,16,1,298.11
17679.0,53,2,1992.1100000000001,0,Regular Customers,United Kingdom,729,29,2,996.0550000000001
17680.0,24,1,184.4,0,Regular Customers,United Kingdom,96,11,1,184.4
17682.0,10,6,2474.33,1,High-Value Customers,United Kingdom,1367,48,6,412.3883333333333
17684.0,44,1,239.41,0,Regular Customers,United Kingdom,145,15,1,239.41
17685.0,17,7,3191.53,1,High-Value Customers,United Kingdom,1956,88,7,455.9328571428572
17686.0,7,7,3693.227500000001,1,High-Value Customers,United Kingdom,2478,205,7,527.6039285714287
17690.0,30,11,3693.227500000001,1,High-Value Customers,United Kingdom,1773,186,15,246.21516666666673
17691.0,328,2,290.40000000000003,2,At-Risk Customers,United Kingdom,134,18,2,145.20000000000002
17692.0,127,4,740.9399999999999,0,Regular Customers,United Kingdom,672,34,4,185.23499999999999
17693.0,137,1,200.47,0,Regular Customers,United Kingdom,231,16,1,200.47
17694.0,142,1,283.12,2,At-Risk Customers,United Kingdom,184,15,1,283.12
17695.0,132,2,765.34,0,Regular Customers,United Kingdom,779,30,2,382.67
17696.0,38,8,2285.71,1,High-Value Customers,United Kingdom,1756,78,8,285.71375
17697.0,236,1,338.95,2,At-Risk Customers,United Kingdom,93,19,1,338.95
17698.0,261,1,154.95,2,At-Risk Customers,United Kingdom,93,8,1,154.95
17700.0,17,4,2534.64,1,High-Value Customers,United Kingdom,1266,116,4,633.66
17701.0,253,1,417.95,2,At-Risk Customers,United Kingdom,109,24,1,417.95
17702.0,30,4,1824.37,0,Regular Customers,United Kingdom,1353,58,4,456.0925
17703.0,35,3,798.74,0,Regular Customers,United Kingdom,590,47,3,266.24666666666667
17704.0,169,2,885.19,2,At-Risk Customers,United Kingdom,343,27,2,442.595
17705.0,3,9,1823.52,1,High-Value Customers,United Kingdom,963,63,9,202.61333333333334
17706.0,4,11,3693.227500000001,1,High-Value Customers,United Kingdom,3899,270,17,217.2486764705883
17707.0,185,2,152.4,2,At-Risk Customers,United Kingdom,144,3,2,76.2
17708.0,188,2,267.08,2,At-Risk Customers,United Kingdom,91,28,2,133.54
17709.0,170,1,137.45,2,At-Risk Customers,United Kingdom,17,7,1,137.45
17711.0,11,2,385.1,0,Regular Customers,United Kingdom,246,22,2,192.55
17712.0,45,1,522.91,0,Regular Customers,United Kingdom,215,29,1,522.91
17714.0,321,1,153.0,2,At-Risk Customers,United Kingdom,92,10,1,153.0
17715.0,201,1,326.4,2,At-Risk Customers,United Kingdom,384,1,1,326.4
17716.0,23,11,3693.227500000001,1,High-Value Customers,United Kingdom,3072,171,11,335.7479545454546
17718.0,232,1,139.35,2,At-Risk Customers,United Kingdom,83,6,1,139.35
17719.0,38,11,3693.227500000001,1,High-Value Customers,United Kingdom,2466,111,15,246.21516666666673
17720.0,26,4,1195.94,0,Regular Customers,United Kingdom,576,39,4,298.985
17722.0,96,4,2424.04,1,High-Value Customers,United Kingdom,1595,111,4,606.01
17723.0,127,6,3276.4000000000005,1,High-Value Customers,United Kingdom,792,4,6,546.0666666666667
17724.0,71,3,1033.0,0,Regular Customers,United Kingdom,300,38,3,344.3333333333333
17725.0,16,11,3439.08,1,High-Value Customers,United Kingdom,2162,115,11,312.64363636363635
17727.0,15,1,1060.25,0,Regular Customers,United Kingdom,645,66,1,1060.25
17728.0,4,3,2876.01,1,High-Value Customers,United Kingdom,1469,153,3,958.6700000000001
17730.0,3,11,3693.227500000001,1,High-Value Customers,United Kingdom,3576,127,13,284.09442307692314
17731.0,79,4,1240.11,0,Regular Customers,United Kingdom,493,54,4,310.0275
17732.0,328,1,303.97,2,At-Risk Customers,United Kingdom,93,18,1,303.97
17733.0,39,2,692.19,0,Regular Customers,United Kingdom,463,33,2,346.095
17734.0,54,3,700.63,0,Regular Customers,United Kingdom,422,40,3,233.54333333333332
17735.0,2,11,3693.227500000001,1,High-Value Customers,United Kingdom,8439,319,19,194.38039473684216
17736.0,9,3,377.44,0,Regular Customers,United Kingdom,238,24,3,125.81333333333333
17737.0,9,2,168.24,0,Regular Customers,United Kingdom,108,8,2,84.12
17738.0,19,4,1879.05,0,Regular Customers,United Kingdom,1029,89,4,469.7625
17739.0,12,7,2791.35,1,High-Value Customers,United Kingdom,861,29,7,398.7642857142857
17742.0,113,2,355.11,0,Regular Customers,United Kingdom,89,13,2,177.555
17744.0,4,6,2322.4,1,High-Value Customers,United Kingdom,3412,110,6,387.06666666666666
17746.0,240,1,110.25,2,At-Risk Customers,United Kingdom,29,6,1,110.25
17747.0,113,1,71.4,0,Regular Customers,United Kingdom,12,1,1,71.4
17749.0,178,2,674.52,2,At-Risk Customers,United Kingdom,320,33,2,337.26
17750.0,5,9,1797.57,1,High-Value Customers,United Kingdom,3957,101,9,199.73
17752.0,328,1,80.64,2,At-Risk Customers,United Kingdom,192,1,1,80.64
17754.0,1,5,1772.26,0,Regular Customers,United Kingdom,1869,82,5,354.452
17757.0,1,11,3693.227500000001,1,High-Value Customers,United Kingdom,3320,275,30,123.10758333333337
17758.0,19,8,3456.7000000000003,1,High-Value Customers,United Kingdom,2091,310,8,432.08750000000003
17759.0,17,3,834.99,0,Regular Customers,United Kingdom,708,82,3,278.33
17760.0,22,2,287.59,0,Regular Customers,United Kingdom,239,25,2,143.795
17761.0,33,1,712.78,0,Regular Customers,United Kingdom,398,19,1,712.78
17763.0,263,1,15.0,2,At-Risk Customers,United Kingdom,12,1,1,15.0
17764.0,51,2,818.8199999999999,0,Regular Customers,United Kingdom,395,71,2,409.40999999999997
17765.0,159,3,371.88,2,At-Risk Customers,United Kingdom,144,51,3,123.96
17767.0,15,1,271.2,0,Regular Customers,United Kingdom,128,21,1,271.2
17768.0,8,3,2273.1800000000003,0,Regular Customers,United Kingdom,1186,77,3,757.7266666666668
17769.0,13,10,3693.227500000001,1,High-Value Customers,United Kingdom,1862,200,10,369.3227500000001
17770.0,199,5,1143.27,2,At-Risk Customers,United Kingdom,365,33,5,228.654
17771.0,57,2,245.81,0,Regular Customers,United Kingdom,287,51,2,122.905
17772.0,11,2,182.77,0,Regular Customers,United Kingdom,58,50,2,91.385
17774.0,97,4,1225.41,0,Regular Customers,United Kingdom,512,123,4,306.3525
17775.0,255,1,56.4,2,At-Risk Customers,United Kingdom,72,3,1,56.4
17777.0,25,3,665.86,0,Regular Customers,United Kingdom,507,141,3,221.95333333333335
17779.0,21,3,658.57,0,Regular Customers,United Kingdom,397,73,3,219.52333333333334
17781.0,159,2,188.02,2,At-Risk Customers,United Kingdom,34,12,2,94.01
17783.0,72,2,283.47,0,Regular Customers,United Kingdom,354,67,2,141.735
17785.0,53,1,131.94,0,Regular Customers,United Kingdom,67,13,1,131.94
17786.0,85,2,278.74,0,Regular Customers,United Kingdom,200,57,2,139.37
17787.0,153,4,1865.19,0,Regular Customers,United Kingdom,910,94,4,466.2975
17788.0,74,2,1117.9,0,Regular Customers,United Kingdom,211,3,2,558.95
17789.0,281,1,225.9,2,At-Risk Customers,United Kingdom,74,14,1,225.9
17790.0,27,11,1965.55,1,High-Value Customers,United Kingdom,836,121,14,140.39642857142857
17791.0,30,1,106.1,0,Regular Customers,United Kingdom,46,10,1,106.1
17793.0,25,1,323.04,0,Regular Customers,United Kingdom,232,49,1,323.04
17795.0,180,2,350.39,2,At-Risk Customers,United Kingdom,341,43,2,175.195
17796.0,40,4,697.9,0,Regular Customers,United Kingdom,178,63,4,174.475
17797.0,22,3,780.43,0,Regular Customers,United Kingdom,498,102,3,260.1433333333333
17799.0,22,10,3055.93,1,High-Value Customers,United Kingdom,1758,280,10,305.59299999999996
17800.0,37,9,1199.01,1,High-Value Customers,United Kingdom,736,51,9,133.22333333333333
17802.0,82,3,1285.04,0,Regular Customers,United Kingdom,752,102,3,428.34666666666664
17805.0,74,1,512.31,0,Regular Customers,United Kingdom,478,10,1,512.31
17806.0,11,1,546.04,0,Regular Customers,United Kingdom,727,43,1,546.04
17809.0,16,11,3693.227500000001,1,High-Value Customers,United Kingdom,2057,46,12,307.7689583333334
17811.0,4,11,3693.227500000001,1,High-Value Customers,United Kingdom,4177,359,39,94.69814102564105
17812.0,13,4,732.16,0,Regular Customers,United Kingdom,350,113,4,183.04
17813.0,14,5,1770.8799999999999,0,Regular Customers,United Kingdom,790,297,5,354.176
17816.0,37,4,36.56,0,Regular Customers,United Kingdom,30,16,4,9.14
17817.0,4,3,387.68,0,Regular Customers,United Kingdom,67,32,3,129.22666666666666
17819.0,72,7,3693.227500000001,1,High-Value Customers,United Kingdom,1031,36,7,527.6039285714287
17824.0,51,1,298.4,0,Regular Customers,United Kingdom,408,13,1,298.4
17827.0,5,5,1995.46,1,High-Value Customers,United Kingdom,1247,190,5,399.092
17828.0,23,4,1820.09,0,Regular Customers,Malta,667,54,4,455.0225
17829.0,299,1,889.24,2,At-Risk Customers,United Arab Emirates,496,30,1,889.24
17830.0,2,3,398.7,0,Regular Customers,United Kingdom,92,18,3,132.9
17831.0,33,1,35.400000000000006,0,Regular Customers,United Kingdom,12,2,1,35.400000000000006
17832.0,50,1,155.37,0,Regular Customers,United Kingdom,208,61,1,155.37
17835.0,3,3,350.64,0,Regular Customers,United Kingdom,348,45,3,116.88
17836.0,47,1,110.21000000000001,0,Regular Customers,United Kingdom,88,23,1,110.21000000000001
17837.0,42,8,1593.38,1,High-Value Customers,United Kingdom,518,110,8,199.1725
17838.0,27,5,2779.3,1,High-Value Customers,United Kingdom,1879,96,5,555.86
17839.0,42,1,338.8,0,Regular Customers,United Kingdom,285,50,1,338.8
17841.0,2,11,3693.227500000001,1,High-Value Customers,United Kingdom,23071,1323,124,29.784092741935492
17843.0,303,1,205.48,2,At-Risk Customers,United Kingdom,113,36,1,205.48
17844.0,107,1,51.559999999999995,0,Regular Customers,Canada,52,5,1,51.559999999999995
17846.0,85,1,2033.1,0,Regular Customers,United Kingdom,1,1,1,2033.1
17848.0,81,9,901.1999999999999,1,High-Value Customers,United Kingdom,398,41,9,100.13333333333333
17849.0,218,4,605.8000000000001,2,At-Risk Customers,United Kingdom,114,14,4,151.45000000000002
17850.0,328,11,3693.227500000001,1,High-Value Customers,United Kingdom,1733,21,34,108.62433823529415
17852.0,12,2,114.34,0,Regular Customers,United Kingdom,53,21,2,57.17
17854.0,185,2,311.26,2,At-Risk Customers,United Kingdom,84,15,2,155.63
17855.0,328,1,208.97,2,At-Risk Customers,United Kingdom,197,17,1,208.97
17856.0,2,4,1418.03,0,Regular Customers,United Kingdom,842,12,4,354.5075
17857.0,4,11,3693.227500000001,1,High-Value Customers,United Kingdom,19256,19,23,160.5751086956522
17858.0,6,11,3693.227500000001,1,High-Value Customers,United Kingdom,2706,101,12,307.7689583333334
17859.0,305,1,148.21,2,At-Risk Customers,United Kingdom,127,23,1,148.21
17860.0,328,1,252.8,2,At-Risk Customers,United Kingdom,104,49,1,252.8
17861.0,3,8,2100.8,1,High-Value Customers,United Kingdom,1988,172,8,262.6
17862.0,324,1,330.9,2,At-Risk Customers,United Kingdom,100,11,1,330.9
17863.0,59,6,3160.0,1,High-Value Customers,United Kingdom,2638,110,6,526.6666666666666
17864.0,13,3,597.5,0,Regular Customers,United Kingdom,810,70,3,199.16666666666666
17865.0,31,11,3693.227500000001,1,High-Value Customers,United Kingdom,5757,191,20,184.66137500000005
17866.0,143,1,329.65,2,At-Risk Customers,United Kingdom,174,9,1,329.65
17867.0,30,6,1197.1000000000001,0,Regular Customers,United Kingdom,542,62,6,199.51666666666668
17869.0,107,5,428.18,0,Regular Customers,United Kingdom,111,37,5,85.636
17870.0,2,11,1894.35,1,High-Value Customers,United Kingdom,1401,214,12,157.86249999999998
17871.0,205,1,155.9,2,At-Risk Customers,United Kingdom,182,10,1,155.9
17873.0,80,5,1859.16,0,Regular Customers,United Kingdom,1047,24,5,371.832
17874.0,185,6,683.46,2,At-Risk Customers,United Kingdom,221,37,6,113.91000000000001
17877.0,170,1,237.61,2,At-Risk Customers,United Kingdom,98,12,1,237.61
17878.0,44,1,379.45,0,Regular Customers,United Kingdom,401,26,1,379.45
17879.0,174,1,178.51999999999998,2,At-Risk Customers,United Kingdom,45,6,1,178.51999999999998
17880.0,328,1,458.92,2,At-Risk Customers,United Kingdom,314,26,1,458.92
17881.0,304,1,133.35000000000002,2,At-Risk Customers,United Kingdom,32,8,1,133.35000000000002
17883.0,3,4,671.77,0,Regular Customers,United Kingdom,379,133,4,167.9425
17884.0,4,4,717.45,0,Regular Customers,United Kingdom,854,107,4,179.3625
17885.0,12,1,190.19,0,Regular Customers,United Kingdom,167,50,1,190.19
17886.0,32,3,899.61,0,Regular Customers,United Kingdom,481,93,3,299.87
17887.0,129,1,111.35,0,Regular Customers,United Kingdom,30,10,1,111.35
17888.0,21,8,726.05,0,Regular Customers,United Kingdom,980,60,8,90.75625
17889.0,212,2,203.87,2,At-Risk Customers,United Kingdom,79,20,2,101.935
17890.0,323,2,602.09,2,At-Risk Customers,United Kingdom,416,88,2,301.045
17891.0,162,1,203.85999999999999,2,At-Risk Customers,United Kingdom,393,34,1,203.85999999999999
17892.0,56,3,244.1,0,Regular Customers,United Kingdom,109,27,3,81.36666666666666
17893.0,225,1,112.25,2,At-Risk Customers,United Kingdom,161,15,1,112.25
17894.0,72,8,1119.81,1,High-Value Customers,United Kingdom,405,127,8,139.97625
17895.0,44,1,98.0,0,Regular Customers,United Kingdom,130,15,1,98.0
17896.0,23,1,256.32,0,Regular Customers,United Kingdom,288,2,1,256.32
17897.0,173,3,566.6,2,At-Risk Customers,United Kingdom,229,100,3,188.86666666666667
17898.0,85,2,152.06,0,Regular Customers,United Kingdom,190,27,2,76.03
17899.0,159,1,155.8,2,At-Risk Customers,United Kingdom,171,29,1,155.8
17900.0,190,2,112.19999999999999,2,At-Risk Customers,United Kingdom,73,4,2,56.099999999999994
17901.0,29,1,110.38,0,Regular Customers,United Kingdom,24,19,1,110.38
17904.0,21,1,191.67,0,Regular Customers,United Kingdom,63,33,1,191.67
17905.0,71,4,800.24,0,Regular Customers,United Kingdom,407,33,4,200.06
17906.0,247,1,72.9,2,At-Risk Customers,United Kingdom,26,12,1,72.9
17908.0,328,1,243.28,2,At-Risk Customers,United Kingdom,173,51,1,243.28
17911.0,9,1,366.23,0,Regular Customers,United Kingdom,223,39,1,366.23
17912.0,310,5,311.01,2,At-Risk Customers,United Kingdom,185,35,5,62.202
17913.0,59,2,411.6,0,Regular Customers,United Kingdom,289,55,2,205.8
17914.0,4,1,336.43,0,Regular Customers,United Kingdom,473,72,1,336.43
17917.0,45,3,341.28,0,Regular Customers,United Kingdom,187,77,3,113.75999999999999
17919.0,88,1,1304.04,0,Regular Customers,United Kingdom,756,23,1,1304.04
17920.0,4,11,3693.227500000001,1,High-Value Customers,United Kingdom,2516,407,17,217.2486764705883
17921.0,64,4,826.52,0,Regular Customers,United Kingdom,430,114,4,206.63
17923.0,282,1,207.50000000000003,2,At-Risk Customers,United Kingdom,50,1,1,207.50000000000003
17924.0,12,7,2962.5,1,High-Value Customers,United Kingdom,1160,26,7,423.2142857142857
17925.0,328,1,244.08,2,At-Risk Customers,United Kingdom,72,1,1,244.08
17926.0,133,2,397.29,0,Regular Customers,United Kingdom,306,17,2,198.645
17928.0,45,2,212.54,0,Regular Customers,United Kingdom,140,23,2,106.27
17929.0,11,4,843.0,0,Regular Customers,United Kingdom,108,4,4,210.75
17930.0,36,5,1740.48,0,Regular Customers,United Kingdom,1594,26,5,348.096
17931.0,134,2,408.36,0,Regular Customers,United Kingdom,249,63,2,204.18
17932.0,29,3,1331.57,0,Regular Customers,United Kingdom,789,84,3,443.8566666666666
17934.0,52,2,704.25,0,Regular Customers,United Kingdom,478,21,2,352.125
17935.0,138,2,145.79,0,Regular Customers,United Kingdom,82,28,2,72.895
17936.0,5,1,389.84,0,Regular Customers,United Kingdom,262,68,1,389.84
17937.0,9,7,3693.227500000001,1,High-Value Customers,United Kingdom,1754,19,7,527.6039285714287
17939.0,160,1,99.14,2,At-Risk Customers,United Kingdom,40,12,1,99.14
17940.0,49,10,3693.227500000001,1,High-Value Customers,United Kingdom,9755,6,10,369.3227500000001
17941.0,131,1,304.56,0,Regular Customers,United Kingdom,252,2,1,304.56
17942.0,8,1,77.50000000000001,0,Regular Customers,United Kingdom,38,2,1,77.50000000000001
17946.0,233,2,149.57999999999998,2,At-Risk Customers,United Kingdom,75,18,2,74.78999999999999
17947.0,37,1,176.68,0,Regular Customers,United Kingdom,168,9,1,176.68
17948.0,147,1,358.56000000000006,2,At-Risk Customers,United Kingdom,144,1,1,358.56000000000006
17949.0,1,11,3693.227500000001,1,High-Value Customers,United Kingdom,30546,29,45,82.07172222222223
17950.0,72,3,482.2,0,Regular Customers,United Kingdom,366,63,3,160.73333333333332
17951.0,40,3,1008.5400000000001,0,Regular Customers,United Kingdom,616,18,3,336.18
17954.0,5,11,2332.72,1,High-Value Customers,United Kingdom,2234,326,12,194.39333333333332
17955.0,199,4,557.3,2,At-Risk Customers,United Kingdom,273,14,4,139.325
17956.0,249,1,12.75,2,At-Risk Customers,United Kingdom,1,1,1,12.75
17957.0,66,1,111.68,0,Regular Customers,United Kingdom,287,31,1,111.68
17958.0,117,1,508.4599999999999,0,Regular Customers,United Kingdom,84,7,1,508.4599999999999
17960.0,171,1,73.78,2,At-Risk Customers,United Kingdom,41,26,1,73.78
17961.0,21,11,1296.44,1,High-Value Customers,United Kingdom,560,211,39,33.242051282051285
17962.0,142,1,102.83,2,At-Risk Customers,United Kingdom,128,33,1,102.83
17964.0,32,2,471.7,0,Regular Customers,United Kingdom,301,84,2,235.85
17965.0,38,11,2622.57,1,High-Value Customers,United Kingdom,1556,274,14,187.32642857142858
17966.0,38,5,1098.43,0,Regular Customers,United Kingdom,2571,53,5,219.686
17967.0,328,1,123.07,2,At-Risk Customers,United Kingdom,80,41,1,123.07
17968.0,328,1,277.35,2,At-Risk Customers,United Kingdom,160,74,1,277.35
17969.0,166,2,228.2,2,At-Risk Customers,United Kingdom,152,14,2,114.1
17970.0,211,1,582.59,2,At-Risk Customers,United Kingdom,525,27,1,582.59
17972.0,242,1,136.04,2,At-Risk Customers,United Kingdom,37,30,1,136.04
17973.0,52,1,337.04,0,Regular Customers,United Kingdom,176,15,1,337.04
17974.0,25,3,740.79,0,Regular Customers,United Kingdom,519,143,3,246.92999999999998
17975.0,15,11,3693.227500000001,1,High-Value Customers,United Kingdom,1568,189,13,284.09442307692314
17976.0,328,1,353.19,2,At-Risk Customers,United Kingdom,106,56,1,353.19
17977.0,29,1,288.14,0,Regular Customers,United Kingdom,342,19,1,288.14
17978.0,328,1,300.91999999999996,2,At-Risk Customers,United Kingdom,499,12,1,300.91999999999996
17979.0,36,4,757.71,0,Regular Customers,United Kingdom,397,116,4,189.4275
17980.0,166,3,811.45,2,At-Risk Customers,United Kingdom,682,23,3,270.48333333333335
17984.0,145,1,152.68,2,At-Risk Customers,United Kingdom,98,48,1,152.68
17985.0,22,1,634.95,0,Regular Customers,United Kingdom,183,20,1,634.95
17986.0,56,1,20.8,0,Regular Customers,United Kingdom,10,1,1,20.8
17987.0,185,1,198.57,2,At-Risk Customers,United Kingdom,261,13,1,198.57
17988.0,12,7,201.12,0,Regular Customers,United Kingdom,43,37,7,28.731428571428573
17990.0,237,3,630.84,2,At-Risk Customers,United Kingdom,414,27,3,210.28
17991.0,225,2,93.35,2,At-Risk Customers,United Kingdom,25,4,2,46.675
17994.0,122,4,678.49,0,Regular Customers,United Kingdom,497,63,4,169.6225
17995.0,282,1,76.1,2,At-Risk Customers,United Kingdom,133,2,1,76.1
17997.0,74,8,1970.6699999999998,1,High-Value Customers,United Kingdom,2298,133,8,246.33374999999998
17999.0,37,2,382.06,0,Regular Customers,United Kingdom,221,87,2,191.03
18001.0,12,2,417.23,0,Regular Customers,United Kingdom,363,56,2,208.615
18004.0,328,1,169.47,2,At-Risk Customers,United Kingdom,78,32,1,169.47
18005.0,4,2,249.72,0,Regular Customers,United Kingdom,93,52,2,124.86
18006.0,23,1,444.68,0,Regular Customers,United Kingdom,220,21,1,444.68
18008.0,70,9,2116.19,1,High-Value Customers,United Kingdom,1581,24,9,235.13222222222223
18009.0,235,1,257.34,2,At-Risk Customers,United Kingdom,126,31,1,257.34
18010.0,257,1,174.8,2,At-Risk Customers,United Kingdom,60,14,1,174.8
18011.0,328,1,102.78999999999999,2,At-Risk Customers,United Kingdom,71,28,1,102.78999999999999
18013.0,155,2,187.29,2,At-Risk Customers,United Kingdom,285,31,2,93.645
18014.0,28,1,166.42,0,Regular Customers,United Kingdom,68,29,1,166.42
18015.0,4,1,120.03,0,Regular Customers,United Kingdom,157,46,1,120.03
18016.0,32,5,1483.56,0,Regular Customers,United Kingdom,1029,90,5,296.712
18017.0,81,3,523.0,0,Regular Customers,United Kingdom,300,1,3,174.33333333333334
18018.0,108,2,122.14,0,Regular Customers,United Kingdom,55,29,2,61.07
18019.0,52,1,38.45,0,Regular Customers,United Kingdom,7,5,1,38.45
18022.0,36,1,668.11,0,Regular Customers,United Kingdom,736,141,1,668.11
18024.0,153,2,389.78,2,At-Risk Customers,United Kingdom,184,21,2,194.89
18027.0,99,1,115.31,0,Regular Customers,United Kingdom,78,21,1,115.31
18030.0,4,2,230.64999999999998,0,Regular Customers,United Kingdom,67,8,2,115.32499999999999
18032.0,328,1,73.5,2,At-Risk Customers,United Kingdom,42,5,1,73.5
18033.0,65,1,97.97,0,Regular Customers,United Kingdom,253,32,1,97.97
18034.0,22,2,422.88,0,Regular Customers,United Kingdom,561,99,2,211.44
18035.0,36,3,730.4,0,Regular Customers,United Kingdom,611,44,3,243.46666666666667
18036.0,32,3,405.62,0,Regular Customers,United Kingdom,234,77,3,135.20666666666668
18037.0,154,6,70.02,0,Regular Customers,United Kingdom,20,19,6,11.67
18040.0,19,2,357.20000000000005,0,Regular Customers,United Kingdom,148,18,2,178.60000000000002
18041.0,12,11,3693.227500000001,1,High-Value Customers,United Kingdom,3819,285,21,175.86797619047624
18042.0,54,1,165.04999999999998,0,Regular Customers,United Kingdom,33,7,1,165.04999999999998
18043.0,25,3,559.51,0,Regular Customers,United Kingdom,282,106,3,186.50333333333333
18044.0,4,10,2088.6,1,High-Value Customers,United Kingdom,1033,88,10,208.85999999999999
18045.0,45,1,189.4,0,Regular Customers,United Kingdom,142,43,1,189.4
18048.0,203,2,172.29000000000002,2,At-Risk Customers,United Kingdom,127,6,2,86.14500000000001
18050.0,328,1,74.4,2,At-Risk Customers,United Kingdom,40,5,1,74.4
18053.0,71,1,300.02,0,Regular Customers,United Kingdom,302,20,1,300.02
18055.0,7,10,3693.227500000001,1,High-Value Customers,United Kingdom,2455,223,10,369.3227500000001
18056.0,288,1,363.65,2,At-Risk Customers,United Kingdom,211,19,1,363.65
18058.0,10,1,170.16,0,Regular Customers,United Kingdom,88,3,1,170.16
18059.0,23,3,306.46,0,Regular Customers,United Kingdom,258,17,3,102.15333333333332
18061.0,22,10,2119.41,1,High-Value Customers,United Kingdom,955,18,10,211.94099999999997
18062.0,173,3,720.52,2,At-Risk Customers,United Kingdom,396,23,3,240.17333333333332
18064.0,133,2,814.0,0,Regular Customers,United Kingdom,384,7,2,407.0
18065.0,6,11,2392.83,1,High-Value Customers,United Kingdom,1027,110,14,170.91642857142855
18066.0,75,1,318.0,0,Regular Customers,United Kingdom,108,10,1,318.0
18067.0,40,1,396.33,0,Regular Customers,United Kingdom,189,36,1,396.33
18068.0,289,1,101.69999999999999,2,At-Risk Customers,United Kingdom,6,1,1,101.69999999999999
18069.0,26,5,2036.67,1,High-Value Customers,United Kingdom,1311,334,5,407.334
18071.0,258,2,453.0,2,At-Risk Customers,United Kingdom,260,23,2,226.5
18072.0,186,1,247.44,2,At-Risk Customers,United Kingdom,288,18,1,247.44
18073.0,114,11,3693.227500000001,1,High-Value Customers,United Kingdom,3108,23,12,307.7689583333334
18074.0,328,1,489.6,2,At-Risk Customers,United Kingdom,190,13,1,489.6
18075.0,23,10,2611.75,1,High-Value Customers,United Kingdom,1464,97,10,261.175
18077.0,8,11,2633.0099999999998,1,High-Value Customers,United Kingdom,1878,101,11,239.36454545454544
18078.0,217,2,336.13,2,At-Risk Customers,United Kingdom,145,27,2,168.065
18079.0,45,4,3651.97,1,High-Value Customers,United Kingdom,7432,99,4,912.9925
18080.0,19,2,1231.5,0,Regular Customers,United Kingdom,642,2,2,615.75
18081.0,36,3,343.45,0,Regular Customers,United Kingdom,195,14,3,114.48333333333333
18082.0,26,1,703.37,0,Regular Customers,United Kingdom,621,62,1,703.37
18084.0,16,1,90.47999999999999,0,Regular Customers,United Kingdom,312,1,1,90.47999999999999
18085.0,328,2,689.95,2,At-Risk Customers,United Kingdom,265,25,2,344.975
18086.0,274,1,101.34,2,At-Risk Customers,United Kingdom,106,7,1,101.34
18087.0,98,2,3693.227500000001,1,High-Value Customers,United Kingdom,3907,2,2,1846.6137500000004
18088.0,61,1,167.67000000000002,0,Regular Customers,United Kingdom,109,35,1,167.67000000000002
18092.0,2,11,3693.227500000001,1,High-Value Customers,United Kingdom,4252,28,11,335.7479545454546
18093.0,93,4,2106.52,0,Regular Customers,United Kingdom,1392,31,4,526.63
18094.0,82,7,3017.3,1,High-Value Customers,United Kingdom,2518,39,7,431.04285714285714
18095.0,313,2,580.0500000000001,2,At-Risk Customers,United Kingdom,419,20,2,290.02500000000003
18096.0,12,3,911.15,0,Regular Customers,United Kingdom,825,157,3,303.71666666666664
18097.0,8,6,2697.8,1,High-Value Customers,United Kingdom,1686,65,6,449.6333333333334
18099.0,127,1,168.31,0,Regular Customers,United Kingdom,149,19,1,168.31
18101.0,11,2,223.65,0,Regular Customers,United Kingdom,88,37,2,111.825
18102.0,1,11,3693.227500000001,1,High-Value Customers,United Kingdom,64124,150,60,61.55379166666668
18104.0,37,1,754.64,0,Regular Customers,United Kingdom,362,38,1,754.64
18105.0,38,1,113.48000000000002,0,Regular Customers,United Kingdom,46,18,1,113.48000000000002
18106.0,328,1,430.7,2,At-Risk Customers,United Kingdom,128,33,1,430.7
18108.0,254,1,271.0,2,At-Risk Customers,United Kingdom,84,17,1,271.0
18109.0,2,11,3693.227500000001,1,High-Value Customers,United Kingdom,4237,119,26,142.04721153846157
18110.0,20,1,236.3,0,Regular Customers,United Kingdom,86,33,1,236.3
18112.0,12,2,352.69,0,Regular Customers,United Kingdom,255,26,2,176.345
18113.0,328,1,76.32000000000001,2,At-Risk Customers,United Kingdom,72,1,1,76.32000000000001
18114.0,290,1,220.1,2,At-Risk Customers,United Kingdom,55,28,1,220.1
18116.0,68,8,1418.03,1,High-Value Customers,United Kingdom,848,230,8,177.25375
18117.0,26,1,320.72,0,Regular Customers,United Kingdom,618,68,1,320.72
18118.0,11,11,3693.227500000001,1,High-Value Customers,United Kingdom,2882,424,26,142.04721153846157
18119.0,328,1,181.12,2,At-Risk Customers,United Kingdom,125,29,1,181.12
18120.0,214,1,111.15,2,At-Risk Customers,United Kingdom,31,17,1,111.15
18121.0,149,2,673.1,2,At-Risk Customers,United Kingdom,450,28,2,336.55
18122.0,8,6,1826.21,1,High-Value Customers,United Kingdom,1234,239,6,304.36833333333334
18123.0,24,2,589.4399999999999,0,Regular Customers,United Kingdom,594,31,2,294.71999999999997
18125.0,30,4,1142.99,0,Regular Customers,United Kingdom,804,164,4,285.7475
18126.0,61,1,206.82999999999998,0,Regular Customers,United Kingdom,144,52,1,206.82999999999998
18127.0,19,3,348.73,0,Regular Customers,United Kingdom,188,41,3,116.24333333333334
18129.0,243,1,112.55000000000001,2,At-Risk Customers,United Kingdom,48,13,1,112.55000000000001
18130.0,15,3,1059.39,0,Regular Customers,United Kingdom,824,58,3,353.13000000000005
18133.0,212,1,931.4999999999999,2,At-Risk Customers,United Kingdom,1350,1,1,931.4999999999999
18135.0,29,5,681.9100000000001,0,Regular Customers,United Kingdom,349,11,5,136.382
18136.0,63,3,784.33,0,Regular Customers,United Kingdom,379,34,3,261.4433333333333
18138.0,295,1,152.65,2,At-Risk Customers,United Kingdom,38,8,1,152.65
18139.0,18,6,3693.227500000001,1,High-Value Customers,United Kingdom,5557,35,6,615.5379166666668
18142.0,157,2,1019.52,2,At-Risk Customers,United Kingdom,1276,9,2,509.76
18143.0,117,2,1000.16,0,Regular Customers,United Kingdom,570,59,2,500.08
18144.0,8,11,2888.75,1,High-Value Customers,United Kingdom,1343,27,12,240.72916666666666
18145.0,13,4,2861.55,1,High-Value Customers,United Kingdom,2625,174,4,715.3875
18146.0,141,2,160.35000000000002,0,Regular Customers,United Kingdom,153,10,2,80.17500000000001
18147.0,46,2,179.33999999999997,0,Regular Customers,United Kingdom,203,7,2,89.66999999999999
18149.0,51,3,612.0799999999999,0,Regular Customers,United Kingdom,310,11,3,204.02666666666664
18150.0,32,3,566.58,0,Regular Customers,United Kingdom,332,29,3,188.86
18151.0,135,2,653.35,0,Regular Customers,United Kingdom,355,38,2,326.675
18154.0,3,2,399.19,0,Regular Customers,United Kingdom,255,15,2,199.595
18155.0,75,3,371.62,0,Regular Customers,United Kingdom,266,19,3,123.87333333333333
18156.0,13,2,734.94,0,Regular Customers,United Kingdom,301,100,2,367.47
18158.0,9,2,453.4,0,Regular Customers,United Kingdom,354,24,2,226.7
18159.0,301,1,530.15,2,At-Risk Customers,United Kingdom,139,23,1,530.15
18160.0,57,2,638.0600000000001,0,Regular Customers,United Kingdom,294,37,2,319.03000000000003
18161.0,15,5,1618.69,0,Regular Customers,United Kingdom,812,49,5,323.738
18164.0,37,1,399.65000000000003,0,Regular Customers,United Kingdom,184,24,1,399.65000000000003
18165.0,177,1,302.46000000000004,2,At-Risk Customers,United Kingdom,254,10,1,302.46000000000004
18167.0,23,3,1384.8600000000001,0,Regular Customers,United Kingdom,382,24,3,461.62000000000006
18168.0,176,6,1169.94,2,At-Risk Customers,United Kingdom,594,97,6,194.99
18169.0,61,1,202.65,0,Regular Customers,United Kingdom,61,9,1,202.65
18170.0,33,3,980.31,0,Regular Customers,United Kingdom,409,29,3,326.77
18171.0,59,5,1231.31,0,Regular Customers,United Kingdom,481,43,5,246.262
18172.0,15,11,3693.227500000001,1,High-Value Customers,United Kingdom,3184,100,20,184.66137500000005
18173.0,87,4,2106.84,0,Regular Customers,United Kingdom,1220,23,4,526.71
18174.0,7,1,104.0,0,Regular Customers,United Kingdom,50,1,1,104.0
18176.0,328,1,476.35,2,At-Risk Customers,United Kingdom,283,30,1,476.35
18177.0,31,6,1341.42,0,Regular Customers,United Kingdom,710,53,6,223.57000000000002
18178.0,129,4,1590.81,0,Regular Customers,United Kingdom,983,80,4,397.7025
18179.0,9,6,1793.17,1,High-Value Customers,United Kingdom,1360,86,6,298.8616666666667
18180.0,5,6,1843.75,1,High-Value Customers,United Kingdom,1721,108,6,307.2916666666667
18181.0,24,1,382.8,0,Regular Customers,United Kingdom,146,40,1,382.8
18183.0,227,2,632.07,2,At-Risk Customers,United Kingdom,371,36,2,316.035
18184.0,15,1,49.8,0,Regular Customers,United Kingdom,60,1,1,49.8
18185.0,249,1,304.25,2,At-Risk Customers,United Kingdom,183,17,1,304.25
18188.0,15,3,2001.04,0,Regular Customers,United Kingdom,1168,63,3,667.0133333333333
18189.0,78,2,1090.24,0,Regular Customers,United Kingdom,566,65,2,545.12
18190.0,192,2,284.46000000000004,2,At-Risk Customers,United Kingdom,140,14,2,142.23000000000002
18191.0,262,1,207.79999999999998,2,At-Risk Customers,United Kingdom,140,7,1,207.79999999999998
18192.0,72,1,957.97,0,Regular Customers,United Kingdom,339,45,1,957.97
18193.0,165,1,243.76,2,At-Risk Customers,United Kingdom,124,16,1,243.76
18194.0,82,1,973.8399999999999,0,Regular Customers,United Kingdom,632,7,1,973.8399999999999
18196.0,95,2,689.13,0,Regular Customers,United Kingdom,433,131,2,344.565
18198.0,4,11,3693.227500000001,1,High-Value Customers,United Kingdom,4074,81,17,217.2486764705883
18200.0,106,1,163.8,0,Regular Customers,United Kingdom,111,29,1,163.8
18202.0,200,3,1396.99,2,At-Risk Customers,United Kingdom,581,55,3,465.66333333333336
18203.0,157,1,160.42000000000002,2,At-Risk Customers,United Kingdom,43,19,1,160.42000000000002
18204.0,71,3,1993.7,0,Regular Customers,United Kingdom,1200,159,3,664.5666666666667
18205.0,36,2,517.36,0,Regular Customers,United Kingdom,192,30,2,258.68
18209.0,29,1,139.10000000000002,0,Regular Customers,United Kingdom,58,8,1,139.10000000000002
18210.0,2,6,2621.38,1,High-Value Customers,United Kingdom,1398,109,6,436.8966666666667
18211.0,26,5,600.07,0,Regular Customers,United Kingdom,359,37,5,120.01400000000001
18212.0,326,1,248.42,2,At-Risk Customers,United Kingdom,101,30,1,248.42
18213.0,237,1,232.48000000000002,2,At-Risk Customers,United Kingdom,232,15,1,232.48000000000002
18215.0,89,1,299.34000000000003,0,Regular Customers,United Kingdom,118,13,1,299.34000000000003
18216.0,31,1,481.75,0,Regular Customers,United Kingdom,200,26,1,481.75
18217.0,29,2,621.75,0,Regular Customers,United Kingdom,491,27,2,310.875
18218.0,211,2,662.08,2,At-Risk Customers,United Kingdom,584,17,2,331.04
18219.0,3,10,2069.77,1,High-Value Customers,United Kingdom,885,58,10,206.977
18220.0,227,1,305.28000000000003,2,At-Risk Customers,United Kingdom,288,2,1,305.28000000000003
18221.0,22,5,1041.61,0,Regular Customers,United Kingdom,791,59,5,208.32199999999997
18222.0,93,1,443.0,0,Regular Customers,United Kingdom,335,19,1,443.0
18223.0,5,11,3693.227500000001,1,High-Value Customers,United Kingdom,2948,116,14,263.80196428571435
18224.0,264,1,158.95000000000002,2,At-Risk Customers,United Kingdom,69,10,1,158.95000000000002
18225.0,3,11,3693.227500000001,1,High-Value Customers,United Kingdom,3244,150,12,307.7689583333334
18226.0,44,11,3693.227500000001,1,High-Value Customers,United Kingdom,3466,141,11,335.7479545454546
18227.0,218,1,93.75,2,At-Risk Customers,United Kingdom,21,5,1,93.75
18228.0,57,2,779.9,0,Regular Customers,United Kingdom,238,23,2,389.95
18229.0,12,11,3693.227500000001,1,High-Value Customers,United Kingdom,2488,66,20,184.66137500000005
18230.0,9,7,2810.2000000000003,1,High-Value Customers,United Kingdom,1316,32,7,401.4571428571429
18231.0,192,5,2083.27,2,At-Risk Customers,United Kingdom,821,106,5,416.654
18232.0,82,4,592.97,0,Regular Customers,United Kingdom,302,31,4,148.2425
18233.0,326,1,440.0,2,At-Risk Customers,United Kingdom,4,1,1,440.0
18235.0,72,3,1796.48,0,Regular Customers,United Kingdom,1578,100,3,598.8266666666667
18236.0,30,6,882.24,0,Regular Customers,United Kingdom,403,42,6,147.04
18237.0,3,5,987.1,0,Regular Customers,United Kingdom,622,40,5,197.42000000000002
18239.0,219,5,1561.6100000000001,2,At-Risk Customers,United Kingdom,795,80,5,312.322
18240.0,46,1,422.58,0,Regular Customers,United Kingdom,126,6,1,422.58
18241.0,10,11,2073.09,1,High-Value Customers,United Kingdom,1051,60,17,121.9464705882353
18242.0,72,4,2232.4900000000002,0,Regular Customers,United Kingdom,1017,72,4,558.1225000000001
18245.0,7,7,2567.06,1,High-Value Customers,United Kingdom,1788,153,7,366.72285714285715
18246.0,24,2,596.1,0,Regular Customers,United Kingdom,166,3,2,298.05
18248.0,123,2,804.02,0,Regular Customers,United Kingdom,511,39,2,402.01
18249.0,17,1,95.34,0,Regular Customers,United Kingdom,128,8,1,95.34
18250.0,310,1,349.27,2,At-Risk Customers,United Kingdom,199,21,1,349.27
18251.0,87,1,3693.227500000001,1,High-Value Customers,United Kingdom,7824,16,1,3693.227500000001
18252.0,51,2,526.67,0,Regular Customers,United Kingdom,239,90,2,263.335
18255.0,89,1,103.3,0,Regular Customers,United Kingdom,74,6,1,103.3
18257.0,39,8,2337.63,1,High-Value Customers,United Kingdom,1041,97,8,292.20375
18259.0,25,3,2338.6000000000004,0,Regular Customers,United Kingdom,714,27,3,779.5333333333334
18260.0,173,6,2643.2000000000003,1,High-Value Customers,United Kingdom,1478,86,6,440.53333333333336
18261.0,43,2,324.24,0,Regular Customers,United Kingdom,146,19,2,162.12
18262.0,140,1,149.48,2,At-Risk Customers,United Kingdom,182,13,1,149.48
18263.0,26,3,1213.1599999999999,0,Regular Customers,United Kingdom,1468,59,3,404.3866666666666
18265.0,72,2,801.51,0,Regular Customers,United Kingdom,311,44,2,400.755
18268.0,134,1,25.5,0,Regular Customers,United Kingdom,2,1,1,25.5
18269.0,328,1,168.6,2,At-Risk Customers,United Kingdom,76,7,1,168.6
18270.0,38,2,283.15,0,Regular Customers,United Kingdom,101,11,2,141.575
18272.0,3,6,3078.58,1,High-Value Customers,United Kingdom,2050,99,6,513.0966666666667
18273.0,2,3,204.0,0,Regular Customers,United Kingdom,80,1,3,68.0
18274.0,30,1,175.92,0,Regular Customers,United Kingdom,88,11,1,175.92
18276.0,44,1,335.86,0,Regular Customers,United Kingdom,186,14,1,335.86
18277.0,58,1,110.38,0,Regular Customers,United Kingdom,68,8,1,110.38
18278.0,74,1,173.9,0,Regular Customers,United Kingdom,66,9,1,173.9
18280.0,278,1,180.60000000000002,2,At-Risk Customers,United Kingdom,45,10,1,180.60000000000002
18281.0,181,1,80.82,2,At-Risk Customers,United Kingdom,54,7,1,80.82
18282.0,8,2,178.05,0,Regular Customers,United Kingdom,103,12,2,89.025
18283.0,4,11,2094.88,1,High-Value Customers,United Kingdom,1397,263,16,130.93
18287.0,43,3,1837.28,0,Regular Customers,United Kingdom,1586,59,3,612.4266666666666
