Segment,Description,Quantity
At-Risk Customers,MEDIUM CERAMIC TOP STORAGE JAR,74288
At-Risk Customers,WORLD WAR 2 GLIDERS ASSTD DESIGNS,5041
At-Risk Customers,SMALL POPCORN HOLDER,4741
At-Risk Customers,ASSORTED COLOURS SILK FAN,3392
At-Risk Customers,MINI PAINT SET VINTAGE ,2053
At-Risk Customers,WHITE HANGING HEART T-LIGHT HOLDER,1999
At-Risk Customers,RED  HARMONICA IN BOX ,1791
At-Risk Customers,PACK OF 72 RETROSPOT CAKE CASES,1766
At-Risk Customers,ROUND SNACK BOXES SET OF 4 FRUITS ,1616
At-Risk Customers,BROCADE RING PURSE ,1593
At-Risk Customers,SMALL CERAMIC TOP STORAGE JAR ,1529
At-Risk Customers,VICTORIAN GLASS HANGING T-LIGHT,1500
At-Risk Customers,ASSORTED COLOUR BIRD ORNAMENT,1426
At-Risk Customers,PACK OF 12 TRADITIONAL CRAYONS,1259
At-Risk Customers,PARTY BUNTING,1132
At-Risk Customers,HOMEMADE JAM SCENTED CANDLES,1119
At-Risk Customers,HEART OF WICKER SMALL,1102
At-Risk Customers,LARGE CIRCULAR MIRROR MOBILE,1099
At-Risk Customers,MULTI COLOUR SILVER T-LIGHT HOLDER,1099
At-Risk Customers,HANGING HEART JAR T-LIGHT HOLDER,1092
At-Risk Customers,COLOUR GLASS T-LIGHT HOLDER HANGING,1086
At-Risk Customers,60 TEATIME FAIRY CAKE CASES,1070
At-Risk Customers,RED RETROSPOT WRAP ,1035
At-Risk Customers,CHINESE DRAGON PAPER LANTERNS,1005
At-Risk Customers,JAM MAKING SET PRINTED,1002
At-Risk Customers,PAPER CHAIN KIT EMPIRE,959
At-Risk Customers,AGED GLASS SILVER T-LIGHT HOLDER,913
At-Risk Customers,JUMBO BAG RED RETROSPOT,909
At-Risk Customers,GIRLS ALPHABET IRON ON PATCHES ,864
At-Risk Customers,MAGIC DRAWING SLATE CIRCUS PARADE  ,832
At-Risk Customers,MINI JIGSAW SPACEBOY,832
At-Risk Customers,PACK OF 60 PINK PAISLEY CAKE CASES,817
At-Risk Customers,ASSORTED INCENSE PACK,792
At-Risk Customers,JUMBO  BAG BAROQUE BLACK WHITE,790
At-Risk Customers,MAGIC DRAWING SLATE SPACEBOY ,768
At-Risk Customers,SET/20 RED RETROSPOT PAPER NAPKINS ,756
At-Risk Customers,MAGIC DRAWING SLATE PURDEY,751
At-Risk Customers,MINI JIGSAW PURDEY,749
At-Risk Customers,PACK OF 12 HEARTS DESIGN TISSUES ,709
At-Risk Customers,MINI JIGSAW CIRCUS PARADE ,699
At-Risk Customers,STRAWBERRY CERAMIC TRINKET BOX,688
At-Risk Customers,RETRO COFFEE MUGS ASSORTED,685
At-Risk Customers,ROSES REGENCY TEACUP AND SAUCER ,682
At-Risk Customers,MOROCCAN TEA GLASS,678
At-Risk Customers,TRADITIONAL MODELLING CLAY,673
At-Risk Customers,ICE CREAM SUNDAE LIP GLOSS,672
At-Risk Customers,LUNCH BAG RED RETROSPOT,658
At-Risk Customers,MAGIC DRAWING SLATE BAKE A CAKE ,652
At-Risk Customers,JAM MAKING SET WITH JARS,651
At-Risk Customers,PIECE OF CAMO STATIONERY SET,648
At-Risk Customers,PINK CREAM FELT CRAFT TRINKET BOX ,644
At-Risk Customers,REGENCY CAKESTAND 3 TIER,628
At-Risk Customers,72 SWEETHEART FAIRY CAKE CASES,618
At-Risk Customers,GREEN REGENCY TEACUP AND SAUCER,612
At-Risk Customers,PACK OF 12 RED RETROSPOT TISSUES ,610
At-Risk Customers,HAND OVER THE CHOCOLATE   SIGN ,607
At-Risk Customers,T-LIGHT GLASS FLUTED ANTIQUE,595
At-Risk Customers,RED RETROSPOT CHARLOTTE BAG,594
At-Risk Customers,CLOTHES PEGS RETROSPOT PACK 24 ,586
At-Risk Customers,GROW A FLYTRAP OR SUNFLOWER IN TIN,576
At-Risk Customers,PACK OF 72 SKULL CAKE CASES,569
At-Risk Customers,NATURAL SLATE HEART CHALKBOARD ,567
At-Risk Customers,JUMBO BAG PINK POLKADOT,554
At-Risk Customers,MINI JIGSAW BAKE A CAKE ,554
At-Risk Customers,WOODEN SCHOOL COLOURING SET,553
At-Risk Customers,SET 12 KIDS COLOUR  CHALK STICKS,545
At-Risk Customers,JUMBO STORAGE BAG SUKI,533
At-Risk Customers,ANTIQUE SILVER T-LIGHT GLASS,529
At-Risk Customers,POLKADOT PEN,528
At-Risk Customers,SKULLS AND CROSSBONES WRAP,525
At-Risk Customers,WRAP ENGLISH ROSE ,525
At-Risk Customers,CLEAR DRAWER KNOB ACRYLIC EDWARDIAN,524
At-Risk Customers,GRAND CHOCOLATECANDLE,524
At-Risk Customers,HANGING JAM JAR T-LIGHT HOLDER,522
At-Risk Customers,HEART OF WICKER LARGE,520
At-Risk Customers,ANTIQUE SILVER TEA GLASS ENGRAVED,513
At-Risk Customers,10 COLOUR SPACEBOY PEN,511
At-Risk Customers,PACK OF 20 NAPKINS PANTRY DESIGN,505
At-Risk Customers,VINTAGE SNAP CARDS,502
At-Risk Customers,PAINTED METAL PEARS ASSORTED,500
At-Risk Customers,JUMBO BAG OWLS,495
At-Risk Customers,PACK OF 60 DINOSAUR CAKE CASES,495
At-Risk Customers,ANTIQUE SILVER TEA GLASS ETCHED,494
At-Risk Customers,SWEETHEART CERAMIC TRINKET BOX,491
At-Risk Customers,FUNKY DIVA PEN,480
At-Risk Customers,WRAP PINK FAIRY CAKES ,475
At-Risk Customers,DINOSAUR KEYRINGS ASSORTED,469
At-Risk Customers,METAL TUBE CHIME ON BAMBOO,463
At-Risk Customers,SET OF 3 CAKE TINS PANTRY DESIGN ,463
At-Risk Customers,BAG 125g SWIRLY MARBLES,458
At-Risk Customers,PACK OF 60 SPACEBOY CAKE CASES,457
At-Risk Customers,ANGEL DECORATION 3 BUTTONS ,456
At-Risk Customers,HANGING HEART ZINC T-LIGHT HOLDER,455
At-Risk Customers,LUNCH BAG CARS BLUE,451
At-Risk Customers,JUMBO SHOPPER VINTAGE RED PAISLEY,443
At-Risk Customers,STRAWBERRY CHARLOTTE BAG,443
At-Risk Customers,SOMBRERO ,441
At-Risk Customers,SET/20 STRAWBERRY PAPER NAPKINS ,440
At-Risk Customers,JUMBO BAG STRAWBERRY,434
At-Risk Customers,SET OF 4 PANTRY JELLY MOULDS,427
At-Risk Customers,SMALL RED RETROSPOT WINDMILL,426
At-Risk Customers,SET OF 36 TEATIME PAPER DOILIES,425
At-Risk Customers,WRAP VINTAGE PETALS  DESIGN,425
At-Risk Customers,60 CAKE CASES DOLLY GIRL DESIGN,420
At-Risk Customers,JUMBO BAG PINK VINTAGE PAISLEY,420
At-Risk Customers,PINK REGENCY TEACUP AND SAUCER,418
At-Risk Customers,LUNCH BAG  BLACK SKULL.,414
At-Risk Customers,PLACE SETTING WHITE HEART,414
At-Risk Customers,SET OF 20 KIDS COOKIE CUTTERS,410
At-Risk Customers,SET/10 PINK POLKADOT PARTY CANDLES,408
At-Risk Customers,LUNCH BAG PINK POLKADOT,407
At-Risk Customers,RAIN PONCHO ,407
At-Risk Customers,PLEASE ONE PERSON METAL SIGN,403
At-Risk Customers,DOUGHNUT LIP GLOSS ,400
At-Risk Customers,PARTY CONES CANDY ASSORTED,390
At-Risk Customers,RED HANGING HEART T-LIGHT HOLDER,390
At-Risk Customers,VINTAGE UNION JACK BUNTING,388
At-Risk Customers,GIN + TONIC DIET METAL SIGN,384
At-Risk Customers,FINE WICKER HEART ,380
At-Risk Customers,12 PENCILS SMALL TUBE RED RETROSPOT,379
At-Risk Customers,12 PENCILS SMALL TUBE SKULL,377
At-Risk Customers,JUMBO BAG WOODLAND ANIMALS,375
At-Risk Customers,WOODEN PICTURE FRAME WHITE FINISH,371
At-Risk Customers,ASSORTED BOTTLE TOP  MAGNETS ,367
At-Risk Customers,PACK OF 12 PINK POLKADOT TISSUES,367
At-Risk Customers,EMBOSSED GLASS TEALIGHT HOLDER,365
At-Risk Customers,PACK OF 12 SKULL TISSUES,365
At-Risk Customers,PLASTERS IN TIN SPACEBOY,364
At-Risk Customers,SET OF 3 HEART COOKIE CUTTERS,364
At-Risk Customers,FELTCRAFT 6 FLOWER FRIENDS,363
At-Risk Customers,IVORY HANGING DECORATION  HEART,360
At-Risk Customers,PENS ASSORTED SPACEBALL,360
At-Risk Customers,SET/10 BLUE POLKADOT PARTY CANDLES,360
At-Risk Customers,FELTCRAFT BUTTERFLY HEARTS,357
At-Risk Customers,LUNCH BAG WOODLAND,357
At-Risk Customers,PACK OF 12 LONDON TISSUES ,357
At-Risk Customers,TRADITIONAL KNITTING NANCY,357
At-Risk Customers,PACK OF 12 SUKI TISSUES ,354
At-Risk Customers,SET 20 NAPKINS FAIRY CAKES DESIGN ,352
At-Risk Customers,RECIPE BOX PANTRY YELLOW DESIGN,350
At-Risk Customers,VINTAGE HEADS AND TAILS CARD GAME ,350
At-Risk Customers,WRAP ALPHABET DESIGN,350
At-Risk Customers,SWALLOWS GREETING CARD,348
At-Risk Customers,HEART FILIGREE DOVE  SMALL,345
At-Risk Customers,BLUE FLOCK GLASS CANDLEHOLDER,344
At-Risk Customers,CHILLI LIGHTS,343
At-Risk Customers,GINGERBREAD MAN COOKIE CUTTER,343
At-Risk Customers,6 RIBBONS RUSTIC CHARM,339
At-Risk Customers,PAPER BUNTING RETROSPOT,339
At-Risk Customers,PLASTERS IN TIN CIRCUS PARADE ,338
At-Risk Customers,LUNCH BAG SPACEBOY DESIGN ,333
At-Risk Customers,SET 3 PAPER VINTAGE CHICK PAPER EGG,332
At-Risk Customers,ZINC METAL HEART DECORATION,329
At-Risk Customers,ZINC T-LIGHT HOLDER STARS SMALL,327
At-Risk Customers,GINGHAM ROSE WRAP,325
At-Risk Customers,WRAP RED APPLES ,325
At-Risk Customers,BATHROOM METAL SIGN,324
At-Risk Customers,HANGING METAL HEART LANTERN,321
At-Risk Customers,HEART IVORY TRELLIS LARGE,321
At-Risk Customers,EASTER CRAFT 4 CHICKS ,319
At-Risk Customers,SET OF 3 BUTTERFLY COOKIE CUTTERS,317
At-Risk Customers,PACK OF 6 BIRDY GIFT TAGS,316
At-Risk Customers,JUMBO BAG SCANDINAVIAN PAISLEY,312
At-Risk Customers,SPACEBOY BIRTHDAY CARD,312
At-Risk Customers,TEA PARTY BIRTHDAY CARD,312
At-Risk Customers,FILIGRIS HEART WITH BUTTERFLY,311
At-Risk Customers,LIPSTICK PEN RED,311
At-Risk Customers,SINGLE HEART ZINC T-LIGHT HOLDER,311
At-Risk Customers,SUKI  SHOULDER BAG,311
At-Risk Customers,LUNCH BAG SUKI DESIGN ,310
At-Risk Customers,PACK OF 6 PANNETONE GIFT BOXES,310
At-Risk Customers,"KEY FOB , SHED",308
At-Risk Customers,"KEY FOB , GARAGE DESIGN",306
At-Risk Customers,SET/10 RED POLKADOT PARTY CANDLES,305
At-Risk Customers,CANDLEHOLDER PINK HANGING HEART,303
At-Risk Customers,SET OF 6 SPICE TINS PANTRY DESIGN,303
At-Risk Customers,CARD MOTORBIKE SANTA,300
At-Risk Customers,FANCY FONTS BIRTHDAY WRAP,300
At-Risk Customers,WRAP DOILEY DESIGN,300
At-Risk Customers,DOLLY GIRL LUNCH BOX,296
At-Risk Customers,SMALL GLASS HEART TRINKET POT,296
At-Risk Customers,RED RETROSPOT SHOPPER BAG,294
At-Risk Customers,CHARLOTTE BAG SUKI DESIGN,292
At-Risk Customers,JUMBO BAG TOYS ,289
At-Risk Customers,LUNCH BAG SUKI  DESIGN ,289
At-Risk Customers,PLASTERS IN TIN STRONGMAN,288
At-Risk Customers,HAND WARMER BABUSHKA DESIGN,285
At-Risk Customers,SMALL DOLLY MIX DESIGN ORANGE BOWL,285
At-Risk Customers,GUMBALL COAT RACK,284
At-Risk Customers,SET OF 3 NOTEBOOKS IN PARCEL,284
At-Risk Customers,"ASSORTED FLOWER COLOUR ""LEIS""",282
At-Risk Customers,PLASTERS IN TIN WOODLAND ANIMALS,281
At-Risk Customers,WOODLAND CHARLOTTE BAG,280
At-Risk Customers,AFGHAN SLIPPER SOCK PAIR,279
At-Risk Customers,PLASTERS IN TIN VINTAGE PAISLEY ,279
At-Risk Customers,PINK BLUE FELT CRAFT TRINKET BOX,277
At-Risk Customers,PAPER POCKET TRAVELING FAN ,276
At-Risk Customers,PINK HAPPY BIRTHDAY BUNTING,276
At-Risk Customers,60 CAKE CASES VINTAGE CHRISTMAS,275
At-Risk Customers,BLUE POLKADOT WRAP,275
At-Risk Customers,JAM JAR WITH PINK LID,275
At-Risk Customers,SPACEBOY GIFT WRAP,275
At-Risk Customers,TEA PARTY  WRAPPING PAPER ,275
At-Risk Customers,WRAP I LOVE LONDON ,275
At-Risk Customers,ASSORTED EASTER GIFT TAGS,274
At-Risk Customers,PACK OF 12 PINK PAISLEY TISSUES ,273
At-Risk Customers,PACK OF 12 BLUE PAISLEY TISSUES ,269
At-Risk Customers,TRADITIONAL WOODEN CATCH CUP GAME ,267
At-Risk Customers,HEART IVORY TRELLIS SMALL,265
At-Risk Customers,COLOURING PENCILS BROWN TUBE,261
At-Risk Customers,SET/5 RED RETROSPOT LID GLASS BOWLS,260
At-Risk Customers,LARGE CHINESE STYLE SCISSOR,259
At-Risk Customers,PICNIC BASKET WICKER SMALL,259
At-Risk Customers,SET 12 KIDS  WHITE CHALK STICKS,259
At-Risk Customers,SET OF 72 RETROSPOT PAPER  DOILIES,258
At-Risk Customers,BLUE HAPPY BIRTHDAY BUNTING,256
At-Risk Customers,BLUE POLKADOT COFFEE MUG,256
At-Risk Customers,CACTI T-LIGHT CANDLES,256
At-Risk Customers,CUPCAKE LACE PAPER SET 6,255
At-Risk Customers,BAKING SET 9 PIECE RETROSPOT ,254
At-Risk Customers,BOX OF 24 COCKTAIL PARASOLS,254
At-Risk Customers,JAM JAR WITH GREEN LID,254
At-Risk Customers,LUNCH BAG DOLLY GIRL DESIGN,254
At-Risk Customers,EASTER TIN KEEPSAKE,253
At-Risk Customers,12 PENCIL SMALL TUBE WOODLAND,252
At-Risk Customers,NO SINGING METAL SIGN,252
At-Risk Customers,REGENCY TEA SPOON,252
At-Risk Customers,SKULLS GREETING CARD,252
At-Risk Customers,SPACEBOY LUNCH BOX ,251
At-Risk Customers,PINK POLKADOT WRAP ,250
At-Risk Customers,WRAP COWBOYS  ,250
At-Risk Customers,WRAP POPPIES  DESIGN,250
At-Risk Customers,POTTERING MUG,249
At-Risk Customers,ENAMEL FLOWER JUG CREAM,248
At-Risk Customers,HANGING CHICK GREEN DECORATION,248
At-Risk Customers,TRADITIONAL WOODEN SKIPPING ROPE,248
At-Risk Customers,CREAM FELT EASTER EGG BASKET,247
At-Risk Customers,ASSTD DESIGN 3D PAPER STICKERS,246
At-Risk Customers,VICTORIAN  METAL POSTCARD SPRING,246
At-Risk Customers,GINGHAM HEART DECORATION,245
At-Risk Customers,SANDALWOOD FAN,244
At-Risk Customers,POTTERING IN THE SHED METAL SIGN,243
At-Risk Customers,RETROSPOT TEA SET CERAMIC 11 PC ,243
At-Risk Customers,LUNCH BAG DOILEY PATTERN ,242
At-Risk Customers,HAND WARMER BIRD DESIGN,241
At-Risk Customers,CAKE PLATE LOVEBIRD WHITE,240
At-Risk Customers,REGENCY TEA PLATE ROSES ,240
At-Risk Customers,LOVEBIRD HANGING DECORATION WHITE ,239
At-Risk Customers,TOILET METAL SIGN,239
At-Risk Customers,JUMBO BAG SPACEBOY DESIGN,238
At-Risk Customers,ETCHED GLASS COASTER,236
At-Risk Customers,PANTRY SCRUBBING BRUSH,236
At-Risk Customers,12 PENCILS TALL TUBE RED RETROSPOT,234
At-Risk Customers,WOODEN FRAME ANTIQUE WHITE ,234
At-Risk Customers,REX CASH+CARRY JUMBO SHOPPER,231
At-Risk Customers,JAZZ HEARTS PURSE NOTEBOOK,230
At-Risk Customers,HEART DECORATION PAINTED ZINC ,229
At-Risk Customers,SET OF 72 PINK HEART PAPER DOILIES,229
At-Risk Customers,CARD BILLBOARD FONT,228
At-Risk Customers,LUNCH BAG APPLE DESIGN,228
At-Risk Customers,HEART FILIGREE DOVE LARGE,225
At-Risk Customers,WRAP DOLLY GIRL,225
At-Risk Customers,PAPER CHAIN KIT 50'S CHRISTMAS ,224
At-Risk Customers,GREY HEART HOT WATER BOTTLE,223
At-Risk Customers,TEA TIME PARTY BUNTING,223
At-Risk Customers,4 TRADITIONAL SPINNING TOPS,222
At-Risk Customers,HEART DECORATION WITH PEARLS ,222
At-Risk Customers,PACK OF 12 WOODLAND TISSUES ,222
At-Risk Customers,POLYESTER FILLER PAD 40x40cm,221
At-Risk Customers,TRAVEL SEWING KIT,221
At-Risk Customers,CHILDRENS APRON SPACEBOY DESIGN,220
At-Risk Customers,RATTLE SNAKE EGGS,220
At-Risk Customers,COOK WITH WINE METAL SIGN ,219
At-Risk Customers,PHOTO FRAME CORNICE,219
At-Risk Customers,WOODEN UNION JACK BUNTING,219
At-Risk Customers,ASSORTED CREEPY CRAWLIES,216
At-Risk Customers,FRIDGE MAGNETS US DINER ASSORTED,216
At-Risk Customers,ICE CREAM PEN LIP GLOSS ,216
At-Risk Customers,PENS ASSORTED FUNKY JEWELED ,216
At-Risk Customers,PENS ASSORTED FUNNY FACE,216
At-Risk Customers,PAPER CHAIN KIT VINTAGE CHRISTMAS,215
At-Risk Customers,RED TOADSTOOL LED NIGHT LIGHT,214
At-Risk Customers,SET/6 RED SPOTTY PAPER PLATES,214
At-Risk Customers,RIBBON REEL HEARTS DESIGN ,212
At-Risk Customers,PACK OF 12 SPACEBOY TISSUES,210
At-Risk Customers,LADIES & GENTLEMEN METAL SIGN,208
At-Risk Customers,PACK 3 BOXES BIRD PANNETONE ,208
At-Risk Customers,PINK BABY BUNTING,208
At-Risk Customers,SWISS ROLL TOWEL PINK  SPOTS,208
At-Risk Customers,HANGING CHICK CREAM DECORATION,207
At-Risk Customers,SMALL HEART FLOWERS HOOK ,207
At-Risk Customers,FAIRY CAKE FLANNEL ASSORTED COLOUR,206
At-Risk Customers,LOVE HEART TRINKET POT,206
At-Risk Customers,POPPY'S PLAYHOUSE BEDROOM ,206
At-Risk Customers,RIBBON REEL STRIPES DESIGN ,206
At-Risk Customers,3 HOOK PHOTO SHELF ANTIQUE WHITE,205
At-Risk Customers,KNICKERBOCKERGLORY MAGNET ASSORTED ,204
At-Risk Customers,SOLDIERS EGG CUP ,204
At-Risk Customers,ENGLISH ROSE NOTEBOOK A7 SIZE,203
At-Risk Customers,RED STRIPE CERAMIC DRAWER KNOB,203
At-Risk Customers,SCOTTIE DOG HOT WATER BOTTLE,203
At-Risk Customers,PAPER CHAIN KIT RETROSPOT,202
At-Risk Customers,PORCELAIN BUDAH INCENSE HOLDER,202
At-Risk Customers,FENG SHUI PILLAR CANDLE,201
At-Risk Customers,CHARLOTTE BAG DOLLY GIRL DESIGN,200
At-Risk Customers,EMPIRE GIFT WRAP,200
At-Risk Customers,NATURAL SLATE RECTANGLE CHALKBOARD,200
At-Risk Customers,SCANDINAVIAN 3 HEARTS NAPKIN RING,200
At-Risk Customers,WRAP CIRCUS PARADE,200
At-Risk Customers,CERAMIC STRAWBERRY CAKE MONEY BANK,199
At-Risk Customers,SMALL MARSHMALLOWS PINK BOWL,199
At-Risk Customers,WOODEN BOX OF DOMINOES,198
At-Risk Customers,HANGING SPRING FLOWER EGG LARGE,197
At-Risk Customers,REGENCY TEA PLATE GREEN ,197
At-Risk Customers,PACK OF 6 SANDCASTLE FLAGS ASSORTED,196
At-Risk Customers,LAVENDER SCENTED FABRIC HEART,195
At-Risk Customers,PARTY METAL SIGN ,195
At-Risk Customers,POLKADOT COFFEE CUP & SAUCER PINK,194
At-Risk Customers,CERAMIC CHERRY CAKE MONEY BANK,193
At-Risk Customers,ASSTD FRUIT+FLOWERS FRIDGE MAGNETS,192
At-Risk Customers,BIG DOUGHNUT FRIDGE MAGNETS,192
At-Risk Customers,METAL SIGN TAKE IT OR LEAVE IT ,192
At-Risk Customers,RED BABY BUNTING ,192
At-Risk Customers,RED SPOT CERAMIC DRAWER KNOB,192
At-Risk Customers,CHILDS GARDEN FORK BLUE ,191
At-Risk Customers,GARLAND WOODEN HAPPY EASTER,191
At-Risk Customers,RECYCLED PENCIL WITH RABBIT ERASER,191
At-Risk Customers,12 MESSAGE CARDS WITH ENVELOPES,190
At-Risk Customers,DECORATION WHITE CHICK MAGIC GARDEN,190
At-Risk Customers,PACK OF 60 MUSHROOM CAKE CASES,190
At-Risk Customers,36 PENCILS TUBE RED RETROSPOT,189
At-Risk Customers,CHILDREN'S APRON DOLLY GIRL ,189
At-Risk Customers,JUMBO STORAGE BAG SKULLS,189
At-Risk Customers,GLITTER BUTTERFLY CLIPS,188
At-Risk Customers,RED RETROSPOT PLATE ,187
At-Risk Customers,JUMBO BAG SCANDINAVIAN BLUE PAISLEY,186
At-Risk Customers,BLUE HARMONICA IN BOX ,185
At-Risk Customers,HOT BATHS METAL SIGN,185
At-Risk Customers,REGENCY TEA PLATE PINK,185
At-Risk Customers,SMALL HEART MEASURING SPOONS,185
At-Risk Customers,CHILDS GARDEN FORK PINK,184
At-Risk Customers,POSTAGE,184
At-Risk Customers,WHITE SPOT RED CERAMIC DRAWER KNOB,184
At-Risk Customers,AREA PATROLLED METAL SIGN,183
At-Risk Customers,SET OF 20 VINTAGE CHRISTMAS NAPKINS,183
At-Risk Customers,PINK DRAWER KNOB ACRYLIC EDWARDIAN,182
At-Risk Customers,PLASTERS IN TIN SKULLS,181
At-Risk Customers,36 DOILIES VINTAGE CHRISTMAS,180
At-Risk Customers,ASS DES PHONE SPONGE CRAFT STICKER,180
At-Risk Customers,BUBBLEGUM RING ASSORTED,180
At-Risk Customers,CARD CHRISTMAS VILLAGE,180
At-Risk Customers,CARD CIRCUS PARADE,180
At-Risk Customers,PENNY FARTHING BIRTHDAY CARD,180
At-Risk Customers,HANGING CHICK  YELLOW DECORATION,179
At-Risk Customers,LUNCH BOX I LOVE LONDON,179
At-Risk Customers,CHILDS GARDEN TROWEL PINK,178
At-Risk Customers,SET/6 COLLAGE PAPER CUPS,178
At-Risk Customers,FOLKART ZINC HEART CHRISTMAS DEC,177
At-Risk Customers,HEN HOUSE DECORATION,177
At-Risk Customers,SMALL CHINESE STYLE SCISSOR,177
At-Risk Customers,TOILET SIGN OCCUPIED OR VACANT,177
At-Risk Customers,HOME BUILDING BLOCK WORD,176
At-Risk Customers,RED RETROSPOT CUP,176
At-Risk Customers,HOME SWEET HOME MUG,175
At-Risk Customers,WOOD BLACK BOARD ANT WHITE FINISH,174
At-Risk Customers,BEWARE OF THE CAT METAL SIGN ,172
At-Risk Customers,CITRONELLA CANDLE GARDEN POT,172
At-Risk Customers,HANGING HEN ON NEST DECORATION,172
At-Risk Customers,NO JUNK MAIL METAL SIGN,172
At-Risk Customers,PAPER BUNTING WHITE LACE,172
At-Risk Customers,POPPY'S PLAYHOUSE KITCHEN,172
At-Risk Customers,POPPY'S PLAYHOUSE LIVINGROOM ,172
At-Risk Customers,SILVER HANGING T-LIGHT HOLDER,172
At-Risk Customers,HERB MARKER MINT,171
At-Risk Customers,MINI JIGSAW DOLLY GIRL,170
At-Risk Customers,PINK POLKADOT BOWL,170
At-Risk Customers,"KEY FOB , BACK DOOR ",169
At-Risk Customers,PACK OF 6 SWEETIE GIFT BOXES,169
At-Risk Customers,PINK FAIRY CAKE CHILDRENS APRON,169
At-Risk Customers,ROBOT BIRTHDAY CARD,169
At-Risk Customers,ROUND SNACK BOXES SET OF4 WOODLAND ,169
At-Risk Customers,BLACK CHAMPAGNE GLASS,168
At-Risk Customers,CARD I LOVE LONDON ,168
At-Risk Customers,FELTCRAFT PRINCESS CHARLOTTE DOLL,168
At-Risk Customers,MINI PAINTED GARDEN DECORATION ,168
At-Risk Customers,PACK OF 12 COLOURED PENCILS,168
At-Risk Customers,CERAMIC HEART FAIRY CAKE MONEY BANK,167
At-Risk Customers,KITCHEN METAL SIGN,167
At-Risk Customers,PINK VINTAGE PAISLEY PICNIC BAG,167
At-Risk Customers,SET OF 4 NAPKIN CHARMS HEARTS,167
At-Risk Customers,CHILDS GARDEN TROWEL BLUE ,166
At-Risk Customers,PANTRY WASHING UP BRUSH,166
At-Risk Customers,RED RETROSPOT BOWL,166
At-Risk Customers,SET/6 RED SPOTTY PAPER CUPS,166
At-Risk Customers,CHOCOLATE THIS WAY METAL SIGN,165
At-Risk Customers,FELTCRAFT PRINCESS LOLA DOLL,165
At-Risk Customers,JUMBO BAG ALPHABET,165
At-Risk Customers,WHITE SPOT BLUE CERAMIC DRAWER KNOB,165
At-Risk Customers,IVORY HANGING DECORATION  BIRD,164
At-Risk Customers,RETROSPOT RED WASHING UP GLOVES,164
At-Risk Customers,LANTERN CREAM GAZEBO ,163
At-Risk Customers,RED METAL BEACH SPADE ,163
At-Risk Customers,WASHROOM METAL SIGN,163
At-Risk Customers,BLUE POLKADOT BOWL,162
At-Risk Customers,HANGING HEART MIRROR DECORATION ,162
At-Risk Customers,SET/3 RED GINGHAM ROSE STORAGE BOX,162
At-Risk Customers,LARGE RED RETROSPOT WINDMILL,161
At-Risk Customers,EDWARDIAN PARASOL NATURAL,160
At-Risk Customers,FELTCRAFT DOLL ROSIE,160
At-Risk Customers,METAL 4 HOOK HANGER FRENCH CHATEAU,160
At-Risk Customers,POTTING SHED TEA MUG,160
At-Risk Customers,HEART DECORATION RUSTIC HANGING ,159
At-Risk Customers,TEA BAG PLATE RED RETROSPOT,159
At-Risk Customers,CREAM HEART CARD HOLDER,157
At-Risk Customers,HERB MARKER ROSEMARY,157
At-Risk Customers,SCANDINAVIAN PAISLEY PICNIC BAG,157
At-Risk Customers,BLUE POLKADOT CUP,156
At-Risk Customers,CARD DOLLY GIRL ,156
At-Risk Customers,COFFEE MUG APPLES DESIGN,156
At-Risk Customers,HAIRCLIPS FORTIES FABRIC ASSORTED,156
At-Risk Customers,I'M ON HOLIDAY METAL SIGN,156
At-Risk Customers,PAPER BUNTING VINTAGE PAISLEY,156
At-Risk Customers,VINTAGE KID DOLLY CARD ,156
At-Risk Customers,BLUE SPOT CERAMIC DRAWER KNOB,155
At-Risk Customers,LOVE BUILDING BLOCK WORD,155
At-Risk Customers,PACK OF 12 STICKY BUNNIES,155
At-Risk Customers,PINK HEART SHAPE EGG FRYING PAN,155
At-Risk Customers,SET OF 36 PAISLEY FLOWER DOILIES,155
At-Risk Customers,EMERGENCY FIRST AID TIN ,154
At-Risk Customers,FELTCRAFT PRINCESS OLIVIA DOLL,154
At-Risk Customers,FIRST AID TIN,154
At-Risk Customers,LARGE HEART MEASURING SPOONS,154
At-Risk Customers,EASTER BUNNY GARLAND OF FLOWERS,153
At-Risk Customers,HEADS AND TAILS SPORTING FUN,153
At-Risk Customers,MINI CAKE STAND WITH HANGING CAKES,153
At-Risk Customers,S/4 VALENTINE DECOUPAGE HEART BOX,153
At-Risk Customers,12 PENCILS TALL TUBE POSY,152
At-Risk Customers,12 COLOURED PARTY BALLOONS,151
At-Risk Customers,CHARLOTTE BAG PINK POLKADOT,151
At-Risk Customers,PIGGY BANK RETROSPOT ,151
At-Risk Customers,SPOTTY BUNTING,151
At-Risk Customers,BLUE POLKADOT PLATE ,150
At-Risk Customers,FAIRY CAKES NOTEBOOK A7 SIZE,150
At-Risk Customers,Manual,150
At-Risk Customers,PARTY CONES CANDY TREE DECORATION,150
At-Risk Customers,WRAP MONSTER FUN ,150
At-Risk Customers,BLUE STRIPE CERAMIC DRAWER KNOB,149
At-Risk Customers,PINK  POLKADOT CUP,149
At-Risk Customers,12 PENCILS TALL TUBE WOODLAND,148
At-Risk Customers,JUMBO BAG DOILEY PATTERNS,148
At-Risk Customers,6 ROCKET BALLOONS ,147
At-Risk Customers,BLUE POLKADOT BEAKER ,147
At-Risk Customers,HERB MARKER CHIVES ,147
At-Risk Customers,SET 2 PANTRY DESIGN TEA TOWELS,147
At-Risk Customers,HERB MARKER PARSLEY,146
At-Risk Customers,MULTICOLOUR SPRING FLOWER MUG,146
At-Risk Customers,PINK  POLKADOT PLATE ,146
At-Risk Customers,BISCUIT TIN 50'S CHRISTMAS,145
At-Risk Customers,CARD BIRTHDAY COWBOY,145
At-Risk Customers,FELT EGG COSY CHICKEN,145
At-Risk Customers,HERB MARKER THYME,145
At-Risk Customers,I CAN ONLY PLEASE ONE PERSON MUG,145
At-Risk Customers, SET 2 TEA TOWELS I LOVE LONDON ,144
At-Risk Customers,"FANCY FONT BIRTHDAY CARD, ",144
At-Risk Customers,FRENCH STYLE STORAGE JAR BONBONS,144
At-Risk Customers,HERB MARKER BASIL,144
At-Risk Customers,MINI CAKE STAND T-LIGHT HOLDER,144
At-Risk Customers,PICTURE DOMINOES,143
At-Risk Customers,RED RETROSPOT PEG BAG,143
At-Risk Customers,CHOCOLATE HOT WATER BOTTLE,142
At-Risk Customers,COFFEE MUG PEARS  DESIGN,142
At-Risk Customers,BLACK RECORD COVER FRAME,141
At-Risk Customers,GLASS CHALICE BLUE SMALL ,141
At-Risk Customers,3 STRIPEY MICE FELTCRAFT,140
At-Risk Customers,BAKING SET SPACEBOY DESIGN,140
At-Risk Customers,IVORY KITCHEN SCALES,140
At-Risk Customers,PAPER BUNTING COLOURED LACE,140
At-Risk Customers,CIRCUS PARADE LUNCH BOX ,139
At-Risk Customers,RECYCLING BAG RETROSPOT ,139
At-Risk Customers,RED GINGHAM ROSE JEWELLERY BOX,139
At-Risk Customers,CALENDAR PAPER CUT DESIGN,138
At-Risk Customers,DAIRY MAID STRIPE MUG,138
At-Risk Customers,HOME SWEET HOME METAL SIGN ,138
At-Risk Customers,RETROSPOT PARTY BAG + STICKER SET,138
At-Risk Customers,SET OF 9 HEART SHAPED BALLOONS,138
At-Risk Customers,20 DOLLY PEGS RETROSPOT,137
At-Risk Customers,ANIMAL STICKERS,137
At-Risk Customers,GLASS HEART T-LIGHT HOLDER ,137
At-Risk Customers,"KEY FOB , FRONT  DOOR ",137
At-Risk Customers,MINI CAKE STAND  HANGING STRAWBERY,137
At-Risk Customers,PANTRY ROLLING PIN,137
At-Risk Customers,WATERING CAN PINK BUNNY,137
At-Risk Customers,RED RETROSPOT MUG,136
At-Risk Customers,SET/6 COLLAGE PAPER PLATES,136
At-Risk Customers,BAKING MOULD EASTER EGG MILK CHOC,135
At-Risk Customers,RED RETROSPOT SMALL MILK JUG,135
At-Risk Customers,SWEETHEART CAKESTAND 3 TIER,135
At-Risk Customers,BLUE POLKADOT EGG CUP ,134
At-Risk Customers,DANISH ROSE DELUXE COASTER,134
At-Risk Customers,DOORMAT UNION FLAG,134
At-Risk Customers,LONDON BUS COFFEE MUG,134
At-Risk Customers,JUMBO BAG APPLES,133
At-Risk Customers,STRAWBERRY   PICNIC BAG,133
At-Risk Customers,GIN & TONIC DIET GREETING CARD ,132
At-Risk Customers,GLITTER HANGING BUTTERFLY STRING,132
At-Risk Customers,SET 3 SONG BIRD PAPER EGGS ASSORTED,132
At-Risk Customers,WATERING CAN BLUE ELEPHANT,132
At-Risk Customers,CHILDRENS GARDEN GLOVES BLUE,131
At-Risk Customers,CREAM CUPID HEARTS COAT HANGER,131
At-Risk Customers,"METAL SIGN,CUPCAKE SINGLE HOOK",131
At-Risk Customers,CHARLOTTE BAG APPLES DESIGN,130
At-Risk Customers,SET 12 RETRO WHITE CHALK STICKS,130
At-Risk Customers,36 PENCILS TUBE SKULLS,129
At-Risk Customers,BUNNY EGG GARLAND,129
At-Risk Customers,FRENCH TOILET SIGN BLUE METAL,129
At-Risk Customers,GIRLS VINTAGE TIN SEASIDE BUCKET,129
At-Risk Customers,LAUNDRY 15C METAL SIGN,129
At-Risk Customers,PAINT YOUR OWN CANVAS SET,129
At-Risk Customers,RED RETROSPOT SUGAR JAM BOWL,129
At-Risk Customers,RETROSPOT CHILDRENS APRON,128
At-Risk Customers,YOU'RE CONFUSING ME METAL SIGN ,128
At-Risk Customers,ALARM CLOCK BAKELIKE RED ,127
At-Risk Customers,SET OF 12  VINTAGE POSTCARD SET,127
At-Risk Customers,VANILLA INCENSE IN TIN,127
At-Risk Customers,RED POLKADOT COFFEE  MUG,126
At-Risk Customers,BOYS VINTAGE TIN SEASIDE BUCKET,125
At-Risk Customers,CAKE PLATE LOVEBIRD PINK,125
At-Risk Customers,MINI FUNKY DESIGN TAPES,125
At-Risk Customers,WRAP GREEN PEARS ,125
At-Risk Customers,WRAP SUKI AND FRIENDS,125
At-Risk Customers,WRAP WEDDING DAY,125
At-Risk Customers,MINIATURE ANTIQUE ROSE HOOK IVORY,124
At-Risk Customers,ORIGAMI VANILLA INCENSE CONES,124
At-Risk Customers,CHILDRENS APRON APPLES DESIGN,123
At-Risk Customers,PACK OF 20 SPACEBOY NAPKINS,123
At-Risk Customers,HAND WARMER RED RETROSPOT,122
At-Risk Customers,NATURAL SLATE CHALKBOARD LARGE ,122
At-Risk Customers,TRAVEL CARD WALLET KEEP CALM,122
At-Risk Customers,ZINC FINISH 15CM PLANTER POTS,122
At-Risk Customers,FRENCH BATHROOM SIGN BLUE METAL,121
At-Risk Customers,HOT WATER BOTTLE I AM SO POORLY,121
At-Risk Customers,POPPY'S PLAYHOUSE BATHROOM,121
At-Risk Customers,RETROSPOT HEART HOT WATER BOTTLE,121
At-Risk Customers,BAKING MOULD CHOCOLATE CUPCAKES,120
At-Risk Customers,COWBOYS AND INDIANS BIRTHDAY CARD ,120
At-Risk Customers,"ELEPHANT, BIRTHDAY CARD, ",120
At-Risk Customers,GIFT BAG BIRTHDAY,120
At-Risk Customers,MINI JIGSAW DINOSAUR ,120
At-Risk Customers,SET OF 3 BIRD LIGHT PINK FEATHER ,120
At-Risk Customers,CREAM SWEETHEART EGG HOLDER,119
At-Risk Customers,TEA TIME OVEN GLOVE,119
At-Risk Customers,APPLE BATH SPONGE,118
At-Risk Customers,APRON MODERN VINTAGE COTTON,118
At-Risk Customers,TOY TIDY PINK POLKADOT,118
At-Risk Customers,ENAMEL MEASURING JUG CREAM,117
At-Risk Customers,PEARL CRYSTAL PUMPKIN T-LIGHT HLDR,117
At-Risk Customers,STRAWBERRY BATH SPONGE ,117
At-Risk Customers,CLASSIC METAL BIRDCAGE PLANT HOLDER,116
At-Risk Customers,JIGSAW TREE WITH BIRDHOUSE,116
At-Risk Customers,LARGE CERAMIC TOP STORAGE JAR,116
At-Risk Customers,MAGIC DRAWING SLATE DOLLY GIRL ,116
At-Risk Customers,SET/6 PINK  BUTTERFLY T-LIGHTS,116
At-Risk Customers,DOORMAT NEW ENGLAND,115
At-Risk Customers,HAND WARMER UNION JACK,115
At-Risk Customers,PICNIC BASKET WICKER LARGE,115
At-Risk Customers,WHITE METAL LANTERN,115
At-Risk Customers,ASSTD MULTICOLOUR CIRCLES MUG,114
At-Risk Customers,HANGING METAL RABBIT DECORATION,114
At-Risk Customers,RED SPOTTY BISCUIT TIN,114
At-Risk Customers,RETROSPOT SMALL TUBE MATCHES,114
At-Risk Customers,HANGING SPRING FLOWER EGG SMALL,113
At-Risk Customers,LUNCH BAG VINTAGE LEAF DESIGN,113
At-Risk Customers,PINK SPOTS CHOCOLATE NESTING BOXES ,113
At-Risk Customers,DOLLY GIRL CHILDRENS EGG CUP,112
At-Risk Customers,PINK PARTY BAGS,112
At-Risk Customers,PORCELAIN ROSE SMALL,112
At-Risk Customers,RETROSPOT LARGE MILK JUG,112
At-Risk Customers,SET OF SALT AND PEPPER TOADSTOOLS,112
At-Risk Customers,12 PENCILS TALL TUBE SKULLS,111
At-Risk Customers,CITRONELLA CANDLE FLOWERPOT,111
At-Risk Customers,FRENCH LAVENDER SCENT HEART,111
At-Risk Customers,GARDENERS KNEELING PAD KEEP CALM ,111
At-Risk Customers,JUMBO BAG VINTAGE LEAF,111
At-Risk Customers,TOY TIDY SPACEBOY  ,111
At-Risk Customers,WOODEN ROUNDERS GARDEN SET ,111
At-Risk Customers,BAKING MOULD HEART MILK CHOCOLATE,110
At-Risk Customers,MEDIUM CHINESE STYLE SCISSOR,110
At-Risk Customers,STARS GIFT TAPE ,110
At-Risk Customers,STRAWBERRY HONEYCOMB  GARLAND ,110
At-Risk Customers,TRAVEL CARD WALLET TRANSPORT,110
At-Risk Customers,WOODEN HAPPY BIRTHDAY GARLAND,110
At-Risk Customers,CERAMIC CAKE DESIGN SPOTTED MUG,109
At-Risk Customers,COFFEE MUG CAT + BIRD DESIGN,109
At-Risk Customers,METAL SIGN EMPIRE TEA,109
At-Risk Customers,ZINC WILLIE WINKIE  CANDLE STICK,109
At-Risk Customers,BIRDHOUSE DECORATION MAGIC GARDEN,108
At-Risk Customers,BOTANICAL ROSE GREETING CARD,108
At-Risk Customers,FRIDGE MAGNETS LES ENFANTS ASSORTED,108
At-Risk Customers,HAND WARMER OWL DESIGN,108
At-Risk Customers,PARTY CONES CARNIVAL ASSORTED,108
At-Risk Customers,RIDGED GLASS FINGER BOWL,108
At-Risk Customers,36 DOILIES DOLLY GIRL,106
At-Risk Customers,ANTIQUE GLASS DRESSING TABLE POT,106
At-Risk Customers,DOORMAT HEARTS,106
At-Risk Customers,GROW YOUR OWN PLANT IN A CAN ,106
At-Risk Customers,RED RETROSPOT OVEN GLOVE ,106
At-Risk Customers,WHITE JEWELLED HEART DECORATION,106
At-Risk Customers,HAPPY STENCIL CRAFT,105
At-Risk Customers,RED RETROSPOT CAKE STAND,105
At-Risk Customers,BISCUITS SMALL BOWL LIGHT BLUE,104
At-Risk Customers,STRAWBERRY SHOPPER BAG,104
At-Risk Customers,FELTCRAFT DOLL MOLLY,103
At-Risk Customers,PACK OF 20 NAPKINS RED APPLES,103
At-Risk Customers,RED POLKADOT BEAKER ,103
At-Risk Customers,ROUND CONTAINER SET OF 5 RETROSPOT,103
At-Risk Customers,FRENCH STYLE STORAGE JAR CAFE ,102
At-Risk Customers,FRENCH WC SIGN BLUE METAL,102
At-Risk Customers,FRIDGE MAGNETS LA VIE EN ROSE,102
At-Risk Customers,GLASS CLOCHE LARGE,102
At-Risk Customers,PACK OF 6 HANDBAG GIFT BOXES,102
At-Risk Customers,REGENCY CAKE FORK,102
At-Risk Customers,REGENCY MILK JUG PINK ,102
At-Risk Customers,CHILDRENS CUTLERY SPACEBOY ,101
At-Risk Customers,EASTER TIN CHICKS PINK DAISY,101
At-Risk Customers,METAL SIGN CUPCAKE SINGLE HOOK,101
At-Risk Customers,SMALL HANGING IVORY/RED WOOD BIRD,101
At-Risk Customers,3 TRADITIONAl BISCUIT CUTTERS  SET,100
At-Risk Customers,BALLOON WATER BOMB PACK OF 35,100
At-Risk Customers,BLUE SCANDINAVIAN PAISLEY WRAP,100
At-Risk Customers,FAIRY DREAMS INCENSE ,100
At-Risk Customers,FELTCRAFT CUSHION OWL,100
At-Risk Customers,LOVE POTION MASALA INCENSE,100
At-Risk Customers,POPART WOODEN PENCILS ASST,100
At-Risk Customers,REGENCY TEA STRAINER,100
At-Risk Customers,ROUND BLUE CLOCK WITH SUCKER,100
At-Risk Customers,ROUND PURPLE CLOCK WITH SUCKER,100
At-Risk Customers,SET/2 RED RETROSPOT TEA TOWELS ,100
At-Risk Customers,VINTAGE CARAVAN GIFT WRAP,100
At-Risk Customers,"WRAP, BILLBOARD FONTS DESIGN",100
At-Risk Customers,ASSORTED COLOUR MINI CASES,99
At-Risk Customers,CHARLIE AND LOLA FIGURES TINS,99
At-Risk Customers,DRAGONS BLOOD INCENSE,99
At-Risk Customers,GLASS JAR ENGLISH CONFECTIONERY,99
At-Risk Customers,RED RETROSPOT PICNIC BAG,99
At-Risk Customers,TRAVEL CARD WALLET VINTAGE TICKET,99
At-Risk Customers,WATERING CAN GREEN DINOSAUR,99
At-Risk Customers,EASTER DECORATION NATURAL CHICK,98
At-Risk Customers,GREEN DRAWER KNOB ACRYLIC EDWARDIAN,98
At-Risk Customers,HANGING METAL STAR LANTERN,98
At-Risk Customers,IVORY GIANT GARDEN THERMOMETER,98
At-Risk Customers,RECIPE BOX RETROSPOT ,98
At-Risk Customers,SMALL HAMMERED SILVER CANDLEPOT ,98
At-Risk Customers,TOAST ITS - I LOVE YOU ,98
At-Risk Customers,WHITE BELL HONEYCOMB PAPER GARLAND ,98
At-Risk Customers,CHILDRENS GARDEN GLOVES PINK,97
At-Risk Customers,COSY HOUR CIGAR BOX MATCHES ,97
At-Risk Customers,FELTCRAFT CHRISTMAS FAIRY,97
At-Risk Customers,MAN FLU METAL SIGN,97
At-Risk Customers,MINI JIGSAW GO TO THE FAIR,97
At-Risk Customers,PAPER CHAIN KIT SKULLS ,97
At-Risk Customers,S/6 WOODEN SKITTLES IN COTTON BAG,97
At-Risk Customers,SKULLS  STICKERS,97
At-Risk Customers,VINTAGE UNION JACK PENNANT,97
At-Risk Customers,YELLOW METAL CHICKEN HEART ,97
At-Risk Customers,ASSORTED COLOUR T-LIGHT HOLDER,96
At-Risk Customers,ASSORTED TUTTI FRUTTI PEN,96
At-Risk Customers,CAMOUFLAGE LED TORCH,96
At-Risk Customers,CARD WEDDING DAY,96
At-Risk Customers,DECORATION SITTING BUNNY,96
At-Risk Customers,FOOD/DRINK SPONGE STICKERS,96
At-Risk Customers,LUNCH BAG ALPHABET DESIGN,96
At-Risk Customers,PARTY PIZZA DISH RED RETROSPOT,96
At-Risk Customers,RAINY LADIES BIRTHDAY CARD,96
At-Risk Customers,RED LOVE HEART SHAPE CUP,96
At-Risk Customers,REGENCY SUGAR BOWL GREEN,96
At-Risk Customers,SKULL SHOULDER BAG,96
At-Risk Customers,STRAWBRY SCENTED VOTIVE CANDLE,96
At-Risk Customers,VINTAGE CARAVAN GREETING CARD ,96
At-Risk Customers,VINTAGE EMBOSSED HEART,96
At-Risk Customers,VINTAGE RED ENAMEL TRIM MUG ,96
At-Risk Customers,BATH BUILDING BLOCK WORD,95
At-Risk Customers,DOORMAT WELCOME TO OUR HOME,95
At-Risk Customers,LUNCH BOX WITH CUTLERY RETROSPOT ,95
At-Risk Customers,PARTY TIME PENCIL ERASERS,95
At-Risk Customers,RED KITCHEN SCALES,95
At-Risk Customers,SET OF 6 HERB TINS SKETCHBOOK,95
At-Risk Customers,SET/6 FROG PRINCE T-LIGHT CANDLES,95
At-Risk Customers,SLATE TILE NATURAL HANGING,95
At-Risk Customers,36 PENCILS TUBE WOODLAND,94
At-Risk Customers,BLUE PARTY BAGS ,94
At-Risk Customers,CHILDRENS DOLLY GIRL MUG,94
At-Risk Customers,CREAM SWEETHEART MINI CHEST,94
At-Risk Customers,DOORMAT RED RETROSPOT,94
At-Risk Customers,LIPSTICK PEN FUSCHIA,94
At-Risk Customers,RED RETROSPOT OVEN GLOVE DOUBLE,94
At-Risk Customers,SET/6 TURQUOISE BUTTERFLY T-LIGHTS,93
At-Risk Customers,LOVE HEART POCKET WARMER,92
At-Risk Customers,MINI WOODEN HAPPY BIRTHDAY GARLAND,92
At-Risk Customers,SET OF 2 TEA TOWELS APPLE AND PEARS,92
At-Risk Customers,SMALL CHOCOLATES PINK BOWL,92
At-Risk Customers,TRAVEL CARD WALLET SUKI,92
At-Risk Customers,36 FOIL HEART CAKE CASES,91
At-Risk Customers,BAKING MOULD HEART WHITE CHOCOLATE,91
At-Risk Customers,VICTORIAN SEWING BOX LARGE,91
At-Risk Customers,FOLKART HEART NAPKIN RINGS,90
At-Risk Customers,LETTER SHAPE PENCIL SHARPENER,90
At-Risk Customers,MAGNETS PACK OF 4 SWALLOWS,90
At-Risk Customers,MAKE YOUR OWN MONSOON CARD KIT,90
At-Risk Customers,NAMASTE SWAGAT INCENSE,90
At-Risk Customers,RETROSPOT WOODEN HEART DECORATION,90
At-Risk Customers,BOX OF VINTAGE ALPHABET BLOCKS,89
At-Risk Customers,CHARLOTTE BAG VINTAGE ALPHABET ,89
At-Risk Customers,FELT EGG COSY WHITE RABBIT ,89
At-Risk Customers,HEARTS  STICKERS,89
At-Risk Customers,RED RETROSPOT TAPE,89
At-Risk Customers,COFFEE MUG DOG + BALL DESIGN,88
At-Risk Customers,EDWARDIAN PARASOL PINK,88
At-Risk Customers,MAGNETS PACK OF 4 VINTAGE LABELS ,88
At-Risk Customers,SPACEBOY CHILDRENS EGG CUP,88
At-Risk Customers,12 IVORY ROSE PEG PLACE SETTINGS,87
At-Risk Customers,4 LAVENDER BOTANICAL DINNER CANDLES,87
At-Risk Customers,MAGNETS PACK OF 4 RETRO PHOTO,87
At-Risk Customers,SET OF 3 REGENCY CAKE TINS,87
At-Risk Customers,CHILDRENS CUTLERY DOLLY GIRL ,86
At-Risk Customers,QUEENS GUARD COFFEE MUG,86
At-Risk Customers,WHITE WOOD GARDEN PLANT LADDER,86
At-Risk Customers,COFFEE SCENT PILLAR CANDLE,85
At-Risk Customers,DECORATION  PINK CHICK MAGIC GARDEN,85
At-Risk Customers,DOORMAT TOPIARY,85
At-Risk Customers,KINGS CHOICE MUG,85
At-Risk Customers,LARGE WHITE HONEYCOMB PAPER BELL  ,85
At-Risk Customers,PINK 3 PIECE POLKADOT CUTLERY SET,85
At-Risk Customers,PORCELAIN BUTTERFLY OIL BURNER,85
At-Risk Customers,RED RETROSPOT MINI CASES,85
At-Risk Customers,RETROSPOT LAMP,85
At-Risk Customers,SINGLE ANTIQUE ROSE HOOK IVORY,85
At-Risk Customers,WHITE HEART CONFETTI IN TUBE,85
At-Risk Customers,ASSORTED CHEESE FRIDGE MAGNETS,84
At-Risk Customers,ASSORTED EASTER DECORATIONS  BELLS,84
At-Risk Customers,BAKING MOULD EASTER EGG WHITE CHOC,84
At-Risk Customers,BIRD DECORATION GREEN POLKADOT,84
At-Risk Customers,BLUE FELT EASTER EGG BASKET,84
At-Risk Customers,BLUE PUDDING SPOON,84
At-Risk Customers,CARD CAT AND TREE ,84
At-Risk Customers,EMPIRE BIRTHDAY CARD,84
At-Risk Customers,GARDENERS KNEELING PAD CUP OF TEA ,84
At-Risk Customers,PACK 3 BOXES CHRISTMAS PANNETONE,84
At-Risk Customers,RED RETROSPOT BUTTER DISH,84
At-Risk Customers,SET OF 3 WOODEN HEART DECORATIONS,84
At-Risk Customers,SET OF 4 NAPKIN CHARMS CUTLERY,84
At-Risk Customers,SMALL MEDINA STAMPED METAL BOWL ,84
At-Risk Customers,VINTAGE UNION JACK CUSHION COVER,84
At-Risk Customers,ALARM CLOCK BAKELIKE GREEN,83
At-Risk Customers,ALARM CLOCK BAKELIKE IVORY,83
At-Risk Customers,DOORMAT 3 SMILEY CATS,83
At-Risk Customers,DOORMAT WELCOME PUPPIES,83
At-Risk Customers,FUNKY WASHING UP GLOVES ASSORTED,83
At-Risk Customers,REVOLVER WOODEN RULER ,83
At-Risk Customers,SANDWICH BATH SPONGE,83
At-Risk Customers,"SET 3 RETROSPOT TEA,COFFEE,SUGAR",83
At-Risk Customers,SET 7 BABUSHKA NESTING BOXES,83
At-Risk Customers,FELTCRAFT HAIRBAND PINK AND PURPLE,82
At-Risk Customers,HOT WATER BOTTLE BABUSHKA ,82
At-Risk Customers,MEMO BOARD RETROSPOT  DESIGN,82
At-Risk Customers,RED RETROSPOT TISSUE BOX,82
At-Risk Customers,SET OF 9 BLACK SKULL BALLOONS,82
At-Risk Customers,STRAWBERRY LUNCH BOX WITH CUTLERY,82
At-Risk Customers,T-LIGHT HOLDER SWEETHEART HANGING,82
At-Risk Customers,ASSORTED TUTTI FRUTTI BRACELET,81
At-Risk Customers,BUNNY DECORATION MAGIC GARDEN,81
At-Risk Customers,EASTER DECORATION HANGING BUNNY,81
At-Risk Customers,MONSTERS STENCIL CRAFT,81
At-Risk Customers,MULTICOLOUR HONEYCOMB FAN,81
At-Risk Customers,SMOKEY GREY COLOUR D.O.F. GLASS,81
At-Risk Customers,ALUMINIUM STAMPED HEART,80
At-Risk Customers,CARTOON  PENCIL SHARPENERS,80
At-Risk Customers,DECORATION  BUTTERFLY  MAGIC GARDEN,80
At-Risk Customers,HAND WARMER SCOTTY DOG DESIGN,80
At-Risk Customers,LARGE PINK GLASS SUNDAE DISH,80
At-Risk Customers,ALARM CLOCK BAKELIKE PINK,79
At-Risk Customers,BAG 250g SWIRLY MARBLES,79
At-Risk Customers,CHARLIE & LOLA WASTEPAPER BIN FLORA,79
At-Risk Customers,DANISH ROSE ROUND SEWING BOX,79
At-Risk Customers,FELTCRAFT CUSHION BUTTERFLY,79
At-Risk Customers,MAGIC DRAWING SLATE DINOSAUR,79
At-Risk Customers,POLKADOT RAIN HAT ,79
At-Risk Customers,RECYCLED ACAPULCO MAT TURQUOISE,79
At-Risk Customers,PACK OF 20 SKULL PAPER NAPKINS,78
At-Risk Customers,PANTRY PASTRY BRUSH,78
At-Risk Customers,RECIPE BOX BLUE SKETCHBOOK DESIGN,78
At-Risk Customers,RED DRAWER KNOB ACRYLIC EDWARDIAN,78
At-Risk Customers,RED RETROSPOT UMBRELLA,78
At-Risk Customers,REGENCY SUGAR TONGS,78
At-Risk Customers,TUMBLER NEW ENGLAND,78
At-Risk Customers,WATERING CAN GARDEN MARKER,78
At-Risk Customers,ANTIQUE GLASS PEDESTAL BOWL,77
At-Risk Customers,BUNNY WOODEN PAINTED WITH BIRD ,77
At-Risk Customers,DOORMAT SPOTTY HOME SWEET HOME,77
At-Risk Customers,DOORSTOP RETROSPOT HEART,77
At-Risk Customers,FELT FARM ANIMAL CHICKEN,77
At-Risk Customers,KINGS CHOICE TEA CADDY ,77
At-Risk Customers,KNITTED UNION FLAG HOT WATER BOTTLE,77
At-Risk Customers,RIBBON REEL LACE DESIGN ,77
At-Risk Customers,WICKER STAR ,77
At-Risk Customers,YULETIDE IMAGES GIFT WRAP SET,77
At-Risk Customers,BIRTHDAY PARTY CORDON BARRIER TAPE,76
At-Risk Customers,CREAM WALL PLANTER HEART SHAPED,76
At-Risk Customers,CUTE CATS TAPE,76
At-Risk Customers,DOORMAT ENGLISH ROSE ,76
At-Risk Customers,EASTER TIN BUNNY BOUQUET,76
At-Risk Customers,ENAMEL BREAD BIN CREAM,76
At-Risk Customers,FELTCRAFT HAIRBANDS PINK AND WHITE ,76
At-Risk Customers,FRENCH KITCHEN SIGN BLUE METAL,76
At-Risk Customers,MAGIC DRAWING SLATE GO TO THE FAIR ,76
At-Risk Customers,METAL DECORATION NAUGHTY CHILDREN ,76
At-Risk Customers,SET OF 6 SOLDIER SKITTLES,76
At-Risk Customers,VINTAGE SNAKES & LADDERS,76
At-Risk Customers,WHITE LOVEBIRD LANTERN,76
At-Risk Customers,BIRTHDAY BANQUET GIFT WRAP,75
At-Risk Customers,"BLACK TEA,COFFEE,SUGAR JARS",75
At-Risk Customers,LARGE PURPLE BABUSHKA NOTEBOOK  ,75
At-Risk Customers,SET 12 LAVENDER  BOTANICAL T-LIGHTS,75
At-Risk Customers,SLEEPING CAT ERASERS,75
At-Risk Customers,WRAP BILLBOARD FONTS DESIGN,75
At-Risk Customers,BLUE 3 PIECE POLKADOT CUTLERY SET,74
At-Risk Customers,CHRISTMAS GINGHAM HEART,74
At-Risk Customers,JUMBO BAG DOLLY GIRL DESIGN,74
At-Risk Customers,LOVELY BONBON STICKER SHEET,74
At-Risk Customers,TRAVEL CARD WALLET SKULLS,74
At-Risk Customers,WHITE SKULL HOT WATER BOTTLE ,74
At-Risk Customers,CAKES AND BOWS GIFT  TAPE,73
At-Risk Customers,CHILDRENS CUTLERY POLKADOT PINK,73
At-Risk Customers,DANISH ROSE DECORATIVE PLATE,73
At-Risk Customers,LED TEA LIGHTS,73
At-Risk Customers,MINT KITCHEN SCALES,73
At-Risk Customers,SET OF 60 VINTAGE LEAF CAKE CASES ,73
At-Risk Customers,WOOD 2 DRAWER CABINET WHITE FINISH,73
At-Risk Customers,ALPHABET STENCIL CRAFT,72
At-Risk Customers,ASSORTED SANSKRIT MINI NOTEBOOK,72
At-Risk Customers,BLACK HEART CARD HOLDER,72
At-Risk Customers,BLUE DRAWER KNOB ACRYLIC EDWARDIAN,72
At-Risk Customers,BLUE EGG  SPOON,72
At-Risk Customers,CARD PSYCHEDELIC APPLES,72
At-Risk Customers,CARD SUKI BIRTHDAY,72
At-Risk Customers,CRYSTAL STUD EARRINGS ASSORTED COL ,72
At-Risk Customers,CRYSTAL STUD EARRINGS CLEAR DISPLAY,72
At-Risk Customers,DANISH ROSE PHOTO FRAME,72
At-Risk Customers,FAWN BLUE HOT WATER BOTTLE,72
At-Risk Customers,FILIGREE HEART BUTTERFLY WHITE ,72
At-Risk Customers,FLUTED ANTIQUE CANDLE HOLDER,72
At-Risk Customers,GIRAFFE WOODEN RULER,72
At-Risk Customers,GROW YOUR OWN BASIL IN ENAMEL MUG,72
At-Risk Customers,HEAVENS SCENT FRAGRANCE OILS ASSTD,72
At-Risk Customers,MAGAZINE RACK GEBRA ASSORTED ,72
At-Risk Customers,PACK OF 12 CIRCUS PARADE TISSUES ,72
At-Risk Customers,PIG KEYRING WITH LIGHT & SOUND ,72
At-Risk Customers,RED PUDDING SPOON,72
At-Risk Customers,ROTATING LEAVES T-LIGHT HOLDER,72
At-Risk Customers,SET/6 FRUIT SALAD PAPER CUPS,72
At-Risk Customers,SMALL PURPLE BABUSHKA NOTEBOOK ,72
At-Risk Customers,CHILDS BREAKFAST SET DOLLY GIRL ,71
At-Risk Customers,DECORATIVE ROSE BATHROOM BOTTLE,71
At-Risk Customers,MEMO BOARD COTTAGE DESIGN,71
At-Risk Customers,PINK PAISLEY SQUARE TISSUE BOX ,71
At-Risk Customers,SCOTTIE DOGS BABY BIB,71
At-Risk Customers,SET OF 4 JAM JAR MAGNETS,71
At-Risk Customers,CHILDS BREAKFAST SET SPACEBOY ,70
At-Risk Customers,CHOCOLATE BOX RIBBONS ,70
At-Risk Customers,DELUXE SEWING KIT ,70
At-Risk Customers,ENGLISH ROSE GARDEN SECATEURS,70
At-Risk Customers,FELT EGG COSY BLUE RABBIT ,70
At-Risk Customers,PING MICROWAVE APRON,70
At-Risk Customers,RED RETROSPOT TEA CUP AND SAUCER ,70
At-Risk Customers,SPRIG LAVENDER ARTIFICIAL FLOWER,70
At-Risk Customers,TROPICAL  HONEYCOMB PAPER GARLAND ,70
At-Risk Customers,UNION STRIPE WITH FRINGE  HAMMOCK,70
At-Risk Customers,WHITE BROCANTE SOAP DISH,70
At-Risk Customers,"DECORATION , WOBBLY RABBIT , METAL ",69
At-Risk Customers,PINK METAL CHICKEN HEART ,69
At-Risk Customers,SET OF 6 GIRLS CELEBRATION CANDLES,69
At-Risk Customers,VINTAGE PAISLEY STATIONERY SET,69
At-Risk Customers,WOOD STAMP SET THANK YOU,69
At-Risk Customers,BOX OF 9 PEBBLE CANDLES,68
At-Risk Customers,COSMETIC BAG VINTAGE ROSE PAISLEY,68
At-Risk Customers,ENAMEL WASH BOWL CREAM,68
At-Risk Customers,ENCHANTED BIRD COATHANGER 5 HOOK,68
At-Risk Customers,SAVE THE PLANET MUG,68
At-Risk Customers,TOTE BAG I LOVE LONDON,68
At-Risk Customers,WOOD S/3 CABINET ANT WHITE FINISH,68
At-Risk Customers,3 PIECE SPACEBOY COOKIE CUTTER SET,67
At-Risk Customers,FOUR HOOK  WHITE LOVEBIRDS,67
At-Risk Customers,FRENCH LAUNDRY SIGN BLUE METAL,67
At-Risk Customers,RED 3 PIECE RETROSPOT CUTLERY SET,67
At-Risk Customers,REGENCY TEAPOT ROSES ,67
At-Risk Customers,SOAP DISH BROCANTE,67
At-Risk Customers,VANILLA SCENT CANDLE JEWELLED BOX,67
At-Risk Customers,ASSORTED TUTTI FRUTTI  FOB NOTEBOOK,66
At-Risk Customers,FELTCRAFT CUSHION RABBIT,66
At-Risk Customers,FRENCH GARDEN SIGN BLUE METAL,66
At-Risk Customers,METAL SIGN NEIGHBOURHOOD WITCH ,66
At-Risk Customers,PACK 20 ENGLISH ROSE PAPER NAPKINS,66
At-Risk Customers,PARTY PIZZA DISH PINK POLKADOT,66
At-Risk Customers,EDWARDIAN PARASOL RED,65
At-Risk Customers,FAIRY CAKE BIRTHDAY CANDLE SET,65
At-Risk Customers,FAN BLACK FRAME ,65
At-Risk Customers,GREY FLORAL FELTCRAFT SHOULDER BAG,65
At-Risk Customers,RECYCLED ACAPULCO MAT GREEN,65
At-Risk Customers,ROSE COTTAGE KEEPSAKE BOX ,65
At-Risk Customers,ROUND CAKE TIN VINTAGE RED,65
At-Risk Customers,AIRLINE BAG VINTAGE TOKYO 78,64
At-Risk Customers,BIRDHOUSE GARDEN MARKER ,64
At-Risk Customers,CHOCOLATE CALCULATOR,64
At-Risk Customers,COLUMBIAN CANDLE ROUND,64
At-Risk Customers,DISCO BALL CHRISTMAS DECORATION,64
At-Risk Customers,GREEN POLKADOT BOWL,64
At-Risk Customers,HOME GARLAND PAINTED ZINC ,64
At-Risk Customers,HYACINTH BULB T-LIGHT CANDLES,64
At-Risk Customers,PACK OF 6 SKULL PAPER PLATES,64
At-Risk Customers,ROUND CAKE TIN VINTAGE GREEN,64
At-Risk Customers,SET 6 PAPER TABLE LANTERN HEARTS ,64
At-Risk Customers,BOTTLE BAG RETROSPOT ,63
At-Risk Customers,FANNY'S REST STOPMETAL SIGN,63
At-Risk Customers,IVORY DINER WALL CLOCK,63
At-Risk Customers,MONEY BOX BISCUITS DESIGN,63
At-Risk Customers,PORCELAIN ROSE LARGE ,63
At-Risk Customers,SET OF 4 ENGLISH ROSE COASTERS,63
At-Risk Customers,SKULL LUNCH BOX WITH CUTLERY ,63
At-Risk Customers,CALENDAR IN SEASON DESIGN,62
At-Risk Customers,CHICK GREY HOT WATER BOTTLE,62
At-Risk Customers,CHILDREN'S SPACEBOY MUG,62
At-Risk Customers,GLASS JAR DIGESTIVE BISCUITS,62
At-Risk Customers,LARGE CAKE TOWEL PINK SPOTS,62
At-Risk Customers,PAINTED SEA SHELL METAL WINDCHIME,62
At-Risk Customers,UNION STRIPE CUSHION COVER ,62
At-Risk Customers,5 HOOK HANGER MAGIC TOADSTOOL,61
At-Risk Customers,BOX OF VINTAGE JIGSAW BLOCKS ,61
At-Risk Customers,IF YOU CAN'T STAND THE HEAT MUG,61
At-Risk Customers,OVEN MITT APPLES DESIGN,61
At-Risk Customers,PACK OF 6 SKULL PAPER CUPS,61
At-Risk Customers,RED PAPER PARASOL,61
At-Risk Customers,ROMANTIC PINKS RIBBONS ,61
At-Risk Customers,TREASURE ISLAND BOOK BOX,61
At-Risk Customers,4 PEAR BOTANICAL DINNER CANDLES,60
At-Risk Customers,BANQUET BIRTHDAY  CARD  ,60
At-Risk Customers,BINGO SET,60
At-Risk Customers,BIRD DECORATION RED RETROSPOT,60
At-Risk Customers,CARD DOG AND BALL ,60
At-Risk Customers,DOLLY HONEYCOMB GARLAND,60
At-Risk Customers,FELT EGG COSY LADYBIRD ,60
At-Risk Customers,KITTY PENCIL ERASERS,60
At-Risk Customers,MINI  ZINC GARDEN DECORATIONS ,60
At-Risk Customers,MIRRORED WALL ART SNOWFLAKES,60
At-Risk Customers,PACK OF 6 LARGE FRUIT STRAWS ,60
At-Risk Customers,RIDGED GLASS POSY VASE ,60
At-Risk Customers,SET OF 6 T-LIGHTS TOADSTOOLS,60
At-Risk Customers,STRAWBERRY FAIRY CAKE TEAPOT,60
At-Risk Customers,WASH BAG VINTAGE ROSE PAISLEY,60
At-Risk Customers,WRAP DAISY CARPET ,60
At-Risk Customers,ALARM CLOCK BAKELIKE ORANGE,59
At-Risk Customers,BISCUIT TIN VINTAGE RED,59
At-Risk Customers,DOORMAT KEEP CALM AND COME IN,59
At-Risk Customers,EASTER TIN CHICKS IN GARDEN,59
At-Risk Customers,FOOD CONTAINER SET 3 LOVE HEART ,59
At-Risk Customers,PASTEL COLOUR HONEYCOMB FAN,59
At-Risk Customers,RAIN PONCHO RETROSPOT,59
At-Risk Customers,SMALL RED BABUSHKA NOTEBOOK ,59
At-Risk Customers,CERAMIC CAKE STAND + HANGING CAKES,58
At-Risk Customers,CERAMIC PIRATE CHEST MONEY BANK,58
At-Risk Customers,DOCTOR'S BAG SOFT TOY,58
At-Risk Customers,EDWARDIAN PARASOL BLACK,58
At-Risk Customers,HOLIDAY FUN LUDO,58
At-Risk Customers,LARGE CAKE TOWEL CHOCOLATE SPOTS,58
At-Risk Customers,SAVE THE PLANET COTTON TOTE BAG,58
At-Risk Customers,SET OF 6 T-LIGHTS EASTER CHICKS,58
At-Risk Customers,SET/6 FRUIT SALAD  PAPER PLATES,58
At-Risk Customers,TOAST ITS - BEST MUM,58
At-Risk Customers,TRAVEL CARD WALLET UNION JACK,58
At-Risk Customers,CIRCUS PARADE CHILDRENS EGG CUP ,57
At-Risk Customers,DAIRY MAID TOASTRACK,57
At-Risk Customers,PEG BAG APPLES DESIGN,57
At-Risk Customers,RIBBON REEL FLORA + FAUNA ,57
At-Risk Customers,SET/10 IVORY POLKADOT PARTY CANDLES,57
At-Risk Customers,STAR PORTABLE TABLE LIGHT ,57
At-Risk Customers,SWEETHEART RECIPE BOOK STAND,57
At-Risk Customers,WELCOME  WOODEN BLOCK LETTERS,57
At-Risk Customers,WOODEN HEART CHRISTMAS SCANDINAVIAN,57
At-Risk Customers,12 DAISY PEGS IN WOOD BOX,56
At-Risk Customers,CERAMIC CAKE BOWL + HANGING CAKES,56
At-Risk Customers,CERAMIC CAKE DESIGN SPOTTED PLATE,56
At-Risk Customers,FRENCH BLUE METAL DOOR SIGN 1,56
At-Risk Customers,"HOOK, 1 HANGER ,MAGIC GARDEN",56
At-Risk Customers,HOT BATHS SOAP HOLDER,56
At-Risk Customers,KINGS CHOICE BISCUIT TIN,56
At-Risk Customers,MONEY BOX POCKET MONEY DESIGN,56
At-Risk Customers,PINK  HEART CONFETTI IN TUBE,56
At-Risk Customers,SILK PURSE BABUSHKA PINK,56
At-Risk Customers,SMALL SILVER TRELLIS CANDLEPOT,56
At-Risk Customers,SMALL WHITE HEART OF WICKER,56
At-Risk Customers,UNION JACK FLAG PASSPORT COVER ,56
At-Risk Customers,VINTAGE CREAM CAT FOOD CONTAINER,56
At-Risk Customers,5 HOOK HANGER RED MAGIC TOADSTOOL,55
At-Risk Customers,DAISY GARDEN MARKER,55
At-Risk Customers,ENAMEL WATERING CAN CREAM,55
At-Risk Customers,HEART CALCULATOR,55
At-Risk Customers,LARGE WHITE HEART OF WICKER,55
At-Risk Customers,MAGNETS PACK OF 4 VINTAGE COLLAGE,55
At-Risk Customers,SET OF 6 3D KIT CARDS FOR KIDS,55
At-Risk Customers,SINGLE WIRE HOOK IVORY HEART,55
At-Risk Customers,VINTAGE  2 METER FOLDING RULER,55
At-Risk Customers,WHITE BELL HONEYCOMB PAPER ,55
At-Risk Customers,ZINC HERB GARDEN CONTAINER,55
At-Risk Customers,6 CHOCOLATE LOVE HEART T-LIGHTS,54
At-Risk Customers,ABC TREASURE BOOK BOX ,54
At-Risk Customers,CAMOUFLAGE DESIGN TEDDY,54
At-Risk Customers,CHRISTMAS METAL TAGS ASSORTED ,54
At-Risk Customers,FRENCH BLUE METAL DOOR SIGN 5,54
At-Risk Customers,FULL ENGLISH BREAKFAST PLATE,54
At-Risk Customers,GREEN 3 PIECE POLKADOT CUTLERY SET,54
At-Risk Customers,JAZZ HEARTS ADDRESS BOOK,54
At-Risk Customers,RED  EGG  SPOON,54
At-Risk Customers,SET OF 3 CAKE TINS SKETCHBOOK,54
At-Risk Customers,SILVER HEARTS TABLE DECORATION,54
At-Risk Customers,WOOD STAMP SET HAPPY BIRTHDAY,54
At-Risk Customers,BULL DOG BOTTLE OPENER,53
At-Risk Customers,CLASSIC GLASS COOKIE JAR,53
At-Risk Customers,DAISIES  HONEYCOMB GARLAND ,53
At-Risk Customers,DOORMAT FANCY FONT HOME SWEET HOME,53
At-Risk Customers,ENVELOPE 50 BLOSSOM IMAGES,53
At-Risk Customers,FAIRY CAKES NOTEBOOK A6 SIZE,53
At-Risk Customers,FELTCRAFT HAIRBAND RED AND BLUE,53
At-Risk Customers,FIVE HEART HANGING DECORATION,53
At-Risk Customers,HANGING METAL CHICKEN DECORATION,53
At-Risk Customers,LARGE RED BABUSHKA NOTEBOOK ,53
At-Risk Customers,NOVELTY BISCUITS CAKE STAND 3 TIER,53
At-Risk Customers,RED RETROSPOT ROUND CAKE TINS,53
At-Risk Customers,VINTAGE SEASIDE JIGSAW PUZZLES,53
At-Risk Customers,ZINC HEART LATTICE T-LIGHT HOLDER,53
At-Risk Customers,BAKING MOULD TOFFEE CUP CHOCOLATE,52
At-Risk Customers,BLOSSOM IMAGES GIFT WRAP SET,52
At-Risk Customers,BLUE OWL SOFT TOY,52
At-Risk Customers,BUTTON BOX ,52
At-Risk Customers,DOG BOWL CHASING BALL DESIGN,52
At-Risk Customers,IVORY PAPER CUP CAKE CASES ,52
At-Risk Customers,JUMBO BAG PEARS,52
At-Risk Customers,JUNGLE POPSICLES ICE LOLLY MOULDS,52
At-Risk Customers,LARGE CAKE STAND HANGING HEARTS,52
At-Risk Customers,MAGIC DRAWING SLATE BUNNIES ,52
At-Risk Customers,OPEN CLOSED METAL SIGN,52
At-Risk Customers,POTTING SHED SEED ENVELOPES,52
At-Risk Customers,RECYCLED ACAPULCO MAT PINK,52
At-Risk Customers,SET3 BOOK BOX GREEN GINGHAM FLOWER ,52
At-Risk Customers,SKULLS TAPE,52
At-Risk Customers,SMALL LICORICE DES PINK BOWL,52
At-Risk Customers,WOODLAND  STICKERS,52
At-Risk Customers,36 FOIL STAR CAKE CASES ,51
At-Risk Customers,ANTIQUE TALL SWIRLGLASS TRINKET POT,51
At-Risk Customers,BALLOONS  WRITING SET ,51
At-Risk Customers,BLACK TEA TOWEL CLASSIC DESIGN,51
At-Risk Customers,DOORMAT HOME SWEET HOME BLUE ,51
At-Risk Customers,ENAMEL COLANDER CREAM,51
At-Risk Customers,MAGNETS PACK OF 4 CHILDHOOD MEMORY,51
At-Risk Customers,MONEY BOX KINGS CHOICE DESIGN,51
At-Risk Customers,PINK ROSE FABRIC MIRROR,51
At-Risk Customers,SET 6 FOOTBALL CELEBRATION CANDLES,51
At-Risk Customers,SET OF 5 PANCAKE DAY MAGNETS,51
At-Risk Customers,WOODEN CROQUET GARDEN SET,51
At-Risk Customers,BLACK/BLUE POLKADOT UMBRELLA,50
At-Risk Customers,BLUE GIANT GARDEN THERMOMETER,50
At-Risk Customers,BUNDLE OF 3 RETRO NOTE BOOKS,50
At-Risk Customers,HEARTS GIFT TAPE,50
At-Risk Customers,IVORY ENCHANTED FOREST PLACEMAT,50
At-Risk Customers,KIDS RAIN MAC PINK,50
At-Risk Customers,PINK PAISLEY ROSE GIFT WRAP,50
At-Risk Customers,PINK PAPER PARASOL ,50
At-Risk Customers,RIBBON REEL POLKADOTS ,50
At-Risk Customers,S/4 GROOVY CAT MAGNETS,50
At-Risk Customers,SET OF 72 SKULL PAPER  DOILIES,50
At-Risk Customers,T-LIGHT HOLDER HANGING LACE,50
At-Risk Customers,TOYBOX  WRAP ,50
At-Risk Customers,TRANQUILITY MASALA INCENSE,50
At-Risk Customers,WHITE SAGE INCENSE,50
At-Risk Customers,WRAP BAD HAIR DAY,50
At-Risk Customers,WRAP GINGHAM ROSE ,50
At-Risk Customers,3 HOOK HANGER MAGIC GARDEN,49
At-Risk Customers,BLACK KITCHEN SCALES,49
At-Risk Customers,CAT BOWL VINTAGE CREAM,49
At-Risk Customers,CERAMIC PLATE STRAWBERRY DESIGN,49
At-Risk Customers,DOORMAT AIRMAIL ,49
At-Risk Customers,FAMILY ALBUM WHITE PICTURE FRAME,49
At-Risk Customers,FRENCH BLUE METAL DOOR SIGN 0,49
At-Risk Customers,JINGLE BELL HEART DECORATION,49
At-Risk Customers,LOVE GARLAND PAINTED ZINC ,49
At-Risk Customers,MODERN FLORAL STATIONERY SET,49
At-Risk Customers,PICTURE FRAME WOOD TRIPLE PORTRAIT,49
At-Risk Customers,RETROSPOT CIGAR BOX MATCHES ,49
At-Risk Customers,ANTIQUE GLASS PLACE SETTING,48
At-Risk Customers,ASSORTED LAQUERED INCENSE HOLDERS,48
At-Risk Customers,ASSORTED MINI MADRAS NOTEBOOK,48
At-Risk Customers,"BIRTHDAY CARD, RETRO SPOT",48
At-Risk Customers,BLACK FEATHER CHRISTMAS DECORATION,48
At-Risk Customers,BLACK STITCHED WALL CLOCK,48
At-Risk Customers,BLUE STONES ON WIRE FOR CANDLE,48
At-Risk Customers,BLUE/CREAM STRIPE CUSHION COVER ,48
At-Risk Customers,CARD GINGHAM ROSE ,48
At-Risk Customers,CARD PARTY GAMES ,48
At-Risk Customers,CHILDREN'S CIRCUS PARADE MUG,48
At-Risk Customers,CHILDS GARDEN BRUSH PINK,48
At-Risk Customers,COLUMBIAN  CUBE CANDLE ,48
At-Risk Customers,"DECORATION , WOBBLY CHICKEN, METAL ",48
At-Risk Customers,"DECOUPAGE,GREETING CARD,",48
At-Risk Customers,DOORMAT UNION JACK GUNS AND ROSES,48
At-Risk Customers,EASTER DECORATION SITTING BUNNY,48
At-Risk Customers,FILIGREE HEART BIRD WHITE ,48
At-Risk Customers,FILIGREE HEART DAISY WHITE,48
At-Risk Customers,FOLKART STAR CHRISTMAS DECORATIONS,48
At-Risk Customers,GLASS  BEURRE DISH,48
At-Risk Customers,GREEN HEART COMPACT MIRROR,48
At-Risk Customers,HANGING BAUBLE T-LIGHT HOLDER SMALL,48
At-Risk Customers,LARGE WHITE/PINK ROSE ART FLOWER,48
At-Risk Customers,LAVENDER SCENT CAKE CANDLE,48
At-Risk Customers,LILAC VOTIVE CANDLE,48
At-Risk Customers,MOUSE TOY WITH PINK T-SHIRT,48
At-Risk Customers,ORANGE VOTIVE CANDLE,48
At-Risk Customers,ORIGAMI OPIUM INCENSE/CANDLE SET ,48
At-Risk Customers,PACK OF 6 COCKTAIL PARASOL STRAWS,48
At-Risk Customers,PAINTED PINK RABBIT ,48
At-Risk Customers,PHOTO FRAME 3 CLASSIC HANGING,48
At-Risk Customers,PIZZA PLATE IN BOX,48
At-Risk Customers,POLYESTER FILLER PAD 45x45cm,48
At-Risk Customers,PURPLE DRAWERKNOB ACRYLIC EDWARDIAN,48
At-Risk Customers,RING OF ROSES BIRTHDAY CARD,48
At-Risk Customers,SET OF 36 DOILIES PANTRY DESIGN,48
At-Risk Customers,SET/6 BEAD COASTERS GAUZE BAG GOLD,48
At-Risk Customers,SILVER MUG BONE CHINA TREE OF LIFE,48
At-Risk Customers,SILVER PLATE CANDLE BOWL SMALL,48
At-Risk Customers,SKETCHBOOK MAGNETIC SHOPPING LIST,48
At-Risk Customers,SMALL POLKADOT CHOCOLATE GIFT BAG ,48
At-Risk Customers,SMALLFOLKART BAUBLE CHRISTMAS DEC,48
At-Risk Customers,WOODEN SKITTLES GARDEN SET,48
At-Risk Customers,BREAD BIN DINER STYLE IVORY,47
At-Risk Customers,CAKE STAND 3 TIER MAGIC GARDEN,47
At-Risk Customers,CHILDS GARDEN SPADE BLUE,47
At-Risk Customers,DOG BOWL VINTAGE CREAM,47
At-Risk Customers,HANGING WOOD AND FELT BUTTERFLY ,47
At-Risk Customers,IVORY HANGING DECORATION  EGG,47
At-Risk Customers,JUMBO BAG CHARLIE AND LOLA TOYS,47
At-Risk Customers,PICNIC BOXES SET OF 3 RETROSPOT ,47
At-Risk Customers,RED RETROSPOT CHILDRENS UMBRELLA,47
At-Risk Customers,RIBBON REEL CHRISTMAS SOCK BAUBLE,47
At-Risk Customers,ROMANTIC IMAGES GIFT WRAP SET,47
At-Risk Customers,S/12 MINI RABBIT EASTER,47
At-Risk Customers,TRADITIONAL CHRISTMAS RIBBONS,47
At-Risk Customers,VINTAGE CREAM DOG FOOD CONTAINER,47
At-Risk Customers,WOODLAND PARTY BAG + STICKER SET,47
At-Risk Customers,ANGEL DECORATION STARS ON DRESS,46
At-Risk Customers,ASSORTED TUTTI FRUTTI MIRROR,46
At-Risk Customers,CERAMIC BOWL WITH LOVE HEART DESIGN,46
At-Risk Customers,CHERRY BLOSSOM DECORATIVE FLASK,46
At-Risk Customers,CHILDRENS CUTLERY CIRCUS PARADE,46
At-Risk Customers,CHILDS GARDEN SPADE PINK,46
At-Risk Customers,GREEN POLKADOT PLATE ,46
At-Risk Customers,PARTY INVITES SPACEMAN,46
At-Risk Customers,PINK LOVE HEART SHAPE CUP,46
At-Risk Customers,RED HEART SHAPE LOVE BUCKET ,46
At-Risk Customers,SET OF 4 PISTACHIO LOVEBIRD COASTER,46
At-Risk Customers,"SWISS ROLL TOWEL, CHOCOLATE  SPOTS",46
At-Risk Customers,TRAVEL CARD WALLET RETRO PETALS,46
At-Risk Customers,TV DINNER TRAY AIR HOSTESS ,46
At-Risk Customers,TV DINNER TRAY VINTAGE PAISLEY,46
At-Risk Customers,VINTAGE BILLBOARD LOVE/HATE MUG,46
At-Risk Customers,WHITE STITCHED WALL CLOCK,46
At-Risk Customers,CHILDS BREAKFAST SET CIRCUS PARADE,45
At-Risk Customers,COTTON APRON PANTRY DESIGN,45
At-Risk Customers,DOORMAT FAIRY CAKE,45
At-Risk Customers,EASTER DECORATION EGG BUNNY ,45
At-Risk Customers,FELTCRAFT DOLL EMILY,45
At-Risk Customers,MAKE YOUR OWN PLAYTIME CARD KIT,45
At-Risk Customers,RIBBON REEL CHRISTMAS PRESENT ,45
At-Risk Customers,SCANDINAVIAN REDS RIBBONS,45
At-Risk Customers,SEASIDE FLYING DISC,45
At-Risk Customers,SET OF 4 KNICK KNACK TINS DOILEY ,45
At-Risk Customers,SKULL AND CROSSBONES  GARLAND ,45
At-Risk Customers,SMALL PINK GLASS SUNDAE DISH,45
At-Risk Customers,TRIPLE HOOK ANTIQUE IVORY ROSE,45
At-Risk Customers,WALL TIDY RETROSPOT ,45
At-Risk Customers,CERAMIC STRAWBERRY DESIGN MUG,44
At-Risk Customers,FLORAL FOLK STATIONERY SET,44
At-Risk Customers,POTTING SHED TWINE,44
At-Risk Customers,RECYCLED ACAPULCO MAT RED,44
At-Risk Customers,S/4 PINK FLOWER CANDLES IN BOWL,44
At-Risk Customers,TOAST ITS - HAPPY BIRTHDAY,44
At-Risk Customers,TRIPLE PHOTO FRAME CORNICE ,44
At-Risk Customers,200 RED + WHITE BENDY STRAWS,43
At-Risk Customers,3 HEARTS HANGING DECORATION RUSTIC,43
At-Risk Customers,BOHEMIAN COLLAGE STATIONERY SET,43
At-Risk Customers,FELT FARM ANIMAL WHITE BUNNY ,43
At-Risk Customers,GINGHAM HEART  DOORSTOP RED,43
At-Risk Customers,PANTRY MAGNETIC  SHOPPING LIST,43
At-Risk Customers,PINK OWL SOFT TOY,43
At-Risk Customers,RETROSPOT PADDED SEAT CUSHION,43
At-Risk Customers,SET OF 6 VINTAGE NOTELETS KIT,43
At-Risk Customers,UNION JACK FLAG LUGGAGE TAG,43
At-Risk Customers,BLUE COAT RACK PARIS FASHION,42
At-Risk Customers,BLUE VINTAGE SPOT BEAKER,42
At-Risk Customers,BUFFALO BILL TREASURE BOOK BOX,42
At-Risk Customers,CHARLIE AND LOLA TABLE TINS,42
At-Risk Customers,CHILDRENS CUTLERY POLKADOT BLUE,42
At-Risk Customers,COLOUR GLASS. STAR T-LIGHT HOLDER,42
At-Risk Customers,FRENCH FLORAL CUSHION COVER ,42
At-Risk Customers,GOLD MUG BONE CHINA TREE OF LIFE,42
At-Risk Customers,ILLUSTRATED CAT BOWL ,42
At-Risk Customers,MAGIC GARDEN FELT GARLAND ,42
At-Risk Customers,MAGNETS PACK OF 4 HOME SWEET HOME,42
At-Risk Customers,PARTY INVITES FOOTBALL,42
At-Risk Customers,PARTY INVITES JAZZ HEARTS,42
At-Risk Customers,RED CHARLIE+LOLA PERSONAL DOORSIGN,42
At-Risk Customers,RED RETROSPOT STORAGE JAR,42
At-Risk Customers,RED RETROSPOT TRADITIONAL TEAPOT ,42
At-Risk Customers,RED WOOLLY HOTTIE WHITE HEART.,42
At-Risk Customers,SET 10 LIGHTS NIGHT OWL,42
At-Risk Customers,SILVER STARS TABLE DECORATION,42
At-Risk Customers,VINTAGE UNION JACK MEMOBOARD,42
At-Risk Customers,6 EGG HOUSE PAINTED WOOD,41
At-Risk Customers,BLUE BIRDHOUSE DECORATION,41
At-Risk Customers,BLUE PAPER PARASOL ,41
At-Risk Customers,EMPIRE TISSUE BOX,41
At-Risk Customers,FUSCHIA VOILE POINTY SHOE DEC,41
At-Risk Customers,GREEN GIANT GARDEN THERMOMETER,41
At-Risk Customers,LARGE CAKE STAND  HANGING STRAWBERY,41
At-Risk Customers,POPCORN HOLDER,41
At-Risk Customers,TEA TIME KITCHEN APRON,41
At-Risk Customers,AIRLINE BAG VINTAGE JET SET RED,40
At-Risk Customers,ASS FLORAL PRINT MULTI SCREWDRIVER,40
At-Risk Customers,CREAM SLICE FLANNEL PINK SPOT ,40
At-Risk Customers,FELT FARM ANIMAL RABBIT,40
At-Risk Customers,FELTCRAFT HAIRBAND PINK AND BLUE,40
At-Risk Customers,FRYING PAN UNION FLAG,40
At-Risk Customers,JIGSAW RABBIT AND BIRDHOUSE,40
At-Risk Customers,PENCIL CASE LIFE IS BEAUTIFUL,40
At-Risk Customers,PINK STITCHED WALL CLOCK,40
At-Risk Customers,RED FLORAL FELTCRAFT SHOULDER BAG,40
At-Risk Customers,ROSE SCENT CANDLE IN JEWELLED BOX,40
At-Risk Customers,SET OF 36 DOILIES SPACEBOY DESIGN ,40
At-Risk Customers,6 RIBBONS EMPIRE  ,39
At-Risk Customers,ASSORTED TUTTI FRUTTI HEART BOX,39
At-Risk Customers,ASSORTED TUTTI FRUTTI KEYRING BALL,39
At-Risk Customers,BAG 500g SWIRLY MARBLES,39
At-Risk Customers,BLACK CANDELABRA T-LIGHT HOLDER,39
At-Risk Customers,KINGS CHOICE GIANT TUBE MATCHES,39
At-Risk Customers,LARGE MEDINA STAMPED METAL BOWL ,39
At-Risk Customers,PANTRY APPLE CORER,39
At-Risk Customers,RED RETROSPOT PURSE ,39
At-Risk Customers,RETRO PLASTIC DAISY TRAY,39
At-Risk Customers,ROSE FOLKART HEART DECORATIONS,39
At-Risk Customers,SET OF 12 ROSE BOTANICAL T-LIGHTS,39
At-Risk Customers,SET OF 4 ROSE BOTANICAL CANDLES,39
At-Risk Customers,SET/4 SPRING FLOWER DECORATION,39
At-Risk Customers,TEA TIME DES TEA COSY,39
At-Risk Customers,VINTAGE CREAM 3 BASKET CAKE STAND,39
At-Risk Customers,VINTAGE UNION JACK APRON,39
At-Risk Customers,ZINC T-LIGHT HOLDER STAR LARGE,39
At-Risk Customers,BALLOON ART MAKE YOUR OWN FLOWERS,38
At-Risk Customers,BREAD BIN DINER STYLE MINT,38
At-Risk Customers,BUNNY WOODEN PAINTED WITH FLOWER ,38
At-Risk Customers,CURIOUS IMAGES GIFT WRAP SET,38
At-Risk Customers,DINOSAUR LUNCH BOX WITH CUTLERY,38
At-Risk Customers,MINI JIGSAW BUNNIES,38
At-Risk Customers,PHARMACIE FIRST AID TIN,38
At-Risk Customers,RECYCLED ACAPULCO MAT BLUE,38
At-Risk Customers,RIBBONS PURSE ,38
At-Risk Customers,S/12 VANILLA  BOTANICAL T-LIGHTS,38
At-Risk Customers,SALLE DE BAIN HOOK,38
At-Risk Customers,SET/3 ROSE CANDLE IN JEWELLED BOX,38
At-Risk Customers,STAR WOODEN CHRISTMAS DECORATION,38
At-Risk Customers,SWISS CHALET TREE DECORATION ,38
At-Risk Customers,TABLE LAMP WHITE SHADE WOOD BASE,38
At-Risk Customers,WOOD STAMP SET FLOWERS,38
At-Risk Customers,BABUSHKA LIGHTS STRING OF 10,37
At-Risk Customers,CHILDS GARDEN BRUSH BLUE,37
At-Risk Customers,CHRISTMAS TREE HEART DECORATION,37
At-Risk Customers,DINOSAUR PARTY BAG + STICKER SET,37
At-Risk Customers,FELTCRAFT GIRL AMELIE KIT,37
At-Risk Customers,FRENCH BLUE METAL DOOR SIGN 2,37
At-Risk Customers,FRENCH BLUE METAL DOOR SIGN 9,37
At-Risk Customers,FRENCH ENAMEL WATER BASIN,37
At-Risk Customers,GLASS STAR FROSTED T-LIGHT HOLDER,37
At-Risk Customers,RED RETROSPOT LUGGAGE TAG,37
At-Risk Customers,ROTATING SILVER ANGELS T-LIGHT HLDR,37
At-Risk Customers,SET OF 60 I LOVE LONDON CAKE CASES ,37
At-Risk Customers,SWEETHEART WIRE MAGAZINE RACK,37
At-Risk Customers,4 LILY  BOTANICAL DINNER CANDLES,36
At-Risk Customers,"ACRYLIC JEWEL ICICLE, PINK",36
At-Risk Customers,"AIRLINE LOUNGE,METAL SIGN",36
At-Risk Customers,ASSORTED FARMYARD ANIMALS IN BUCKET,36
At-Risk Customers,BLUE  DIAMANTE PEN IN GIFT BOX,36
At-Risk Customers,BLUE TEA TOWEL CLASSIC DESIGN,36
At-Risk Customers,BOOZE & WOMEN GREETING CARD ,36
At-Risk Customers,"CHARLIE+LOLA""EXTREMELY BUSY"" SIGN",36
At-Risk Customers,CHRISTMAS TREE STAR DECORATION,36
At-Risk Customers,CLASSIC SUGAR DISPENSER,36
At-Risk Customers,CLASSICAL ROSE CANDLESTAND,36
At-Risk Customers,COSY HOUR GIANT TUBE MATCHES,36
At-Risk Customers,DOORMAT MULTICOLOUR STRIPE,36
At-Risk Customers,ENAMEL PINK COFFEE CONTAINER,36
At-Risk Customers,FAMILY PHOTO FRAME CORNICE,36
At-Risk Customers,"FEATHER PEN,COAL BLACK",36
At-Risk Customers,GIN AND TONIC MUG,36
At-Risk Customers,"GREETING CARD, STICKY GORDON",36
At-Risk Customers,HANGING RIDGE GLASS T-LIGHT HOLDER,36
At-Risk Customers,HOT WATER BOTTLE TEA AND SYMPATHY,36
At-Risk Customers,METAL SIGN HER DINNER IS SERVED ,36
At-Risk Customers,PARTY CHARMS 50 PIECES,36
At-Risk Customers,RETRO MOD TRAY,36
At-Risk Customers,SET OF 4 BLACK LOVEBIRD COASTERS,36
At-Risk Customers,SMALL SILVER FLOWER CANDLE POT,36
At-Risk Customers,SMALL SKULL WINDMILL,36
At-Risk Customers,VINTAGE GLASS T-LIGHT HOLDER,36
At-Risk Customers,"WHITE TEA,COFFEE,SUGAR JARS",36
At-Risk Customers,WOODEN STAR CHRISTMAS SCANDINAVIAN,36
At-Risk Customers,75 GREEN PETIT FOUR CASES,35
At-Risk Customers,BISCUIT TIN VINTAGE GREEN,35
At-Risk Customers,BOOM BOX SPEAKER GIRLS,35
At-Risk Customers,CERAMIC LOVE HEART MONEY BANK,35
At-Risk Customers,CHRISTMAS LIGHTS 10 VINTAGE BAUBLES,35
At-Risk Customers,CUPBOARD 3 DRAWER MA CAMPAGNE,35
At-Risk Customers,DINOSAURS  WRITING SET ,35
At-Risk Customers,DOVE DECORATION PAINTED ZINC ,35
At-Risk Customers,FRENCH ENAMEL CANDLEHOLDER,35
At-Risk Customers,RETROSPOT BABUSHKA DOORSTOP,35
At-Risk Customers,ROUND SNACK BOXES SET OF 4 SKULLS,35
At-Risk Customers,SET 6 PAPER TABLE LANTERN STARS ,35
At-Risk Customers,VICTORIAN SEWING BOX SMALL ,35
At-Risk Customers,BALLOON PUMP WITH 10 BALLOONS,34
At-Risk Customers,BLUE PAISLEY POCKET BOOK,34
At-Risk Customers,CHILDRENS CUTLERY RETROSPOT RED ,34
At-Risk Customers,FRENCH BLUE METAL DOOR SIGN 3,34
At-Risk Customers,GLASS JAR DAISY FRESH COTTON WOOL,34
At-Risk Customers,MAKE YOUR OWN FLOWERPOWER CARD KIT,34
At-Risk Customers,MOODY GIRL DOOR HANGER ,34
At-Risk Customers,PURPLE PAPER PARASOL,34
At-Risk Customers,RED TEA TOWEL CLASSIC DESIGN,34
At-Risk Customers,SET OF 3 BLACK FLYING DUCKS,34
At-Risk Customers,SET OF 4 FAIRY CAKE PLACEMATS ,34
At-Risk Customers,SET OF TEA COFFEE SUGAR TINS PANTRY,34
At-Risk Customers,SMALL YELLOW BABUSHKA NOTEBOOK ,34
At-Risk Customers,TRAVEL CARD WALLET RETROSPOT,34
At-Risk Customers,ZINC  HEART T-LIGHT HOLDER,34
At-Risk Customers,4 VANILLA BOTANICAL CANDLES,33
At-Risk Customers,BLUE DINER WALL CLOCK,33
At-Risk Customers,CHARLIE + LOLA BISCUITS TINS,33
At-Risk Customers,CHILDS GARDEN RAKE PINK,33
At-Risk Customers,CRAZY DAISY HEART DECORATION,33
At-Risk Customers,ENGLISH ROSE HOT WATER BOTTLE,33
At-Risk Customers,FAIRY CAKE DESIGN UMBRELLA,33
At-Risk Customers,FELTCRAFT DOLL MARIA,33
At-Risk Customers,FOOD COVER WITH BEADS SET 2 ,33
At-Risk Customers,FRENCH BLUE METAL DOOR SIGN 4,33
At-Risk Customers,FRENCH BLUE METAL DOOR SIGN 8,33
At-Risk Customers,GLASS JAR MARMALADE ,33
At-Risk Customers,GLASS JAR PEACOCK BATH SALTS,33
At-Risk Customers,HOME SMALL WOOD LETTERS,33
At-Risk Customers,I LOVE LONDON BABY GIFT SET,33
At-Risk Customers,LIGHT GARLAND BUTTERFILES PINK,33
At-Risk Customers,MIRROR MOSAIC T-LIGHT HOLDER ,33
At-Risk Customers,ORGANISER WOOD ANTIQUE WHITE ,33
At-Risk Customers,RABBIT NIGHT LIGHT,33
At-Risk Customers,RED HEART LUGGAGE TAG,33
At-Risk Customers,RED HEARTS LIGHT CHAIN ,33
At-Risk Customers,RED RETROSPOT PUDDING BOWL,33
At-Risk Customers,ROSE 3 WICK MORRIS BOX CANDLE,33
At-Risk Customers,SET OF 4 ENGLISH ROSE PLACEMATS,33
At-Risk Customers,TOADSTOOL MONEY BOX,33
At-Risk Customers,TWO DOOR CURIO CABINET,33
At-Risk Customers,CLASSIC CAFE SUGAR DISPENSER,32
At-Risk Customers,DAIRY MAID LARGE MILK JUG,32
At-Risk Customers,FRENCH BLUE METAL DOOR SIGN 7,32
At-Risk Customers,FRENCH ENAMEL POT W LID,32
At-Risk Customers,GENTLEMAN SHIRT REPAIR KIT ,32
At-Risk Customers,GREEN VINTAGE SPOT BEAKER,32
At-Risk Customers,LARGE HANGING IVORY & RED WOOD BIRD,32
At-Risk Customers,LOVE HEART SOCK HANGER,32
At-Risk Customers,PINK HEART SHAPE PHOTO FRAME,32
At-Risk Customers,ROSE 1 WICK MORRIS BOXED CANDLE,32
At-Risk Customers,SET OF 2 WOODEN MARKET CRATES,32
At-Risk Customers,SKULLS  WATER TRANSFER TATTOOS ,32
At-Risk Customers,SMALL PARISIENNE HEART PHOTO FRAME ,32
At-Risk Customers,SMALL STRIPES CHOCOLATE GIFT BAG ,32
At-Risk Customers,VINTAGE UNION JACK DOORSTOP,32
At-Risk Customers,WHITE HONEYCOMB PAPER GARLAND ,32
At-Risk Customers,BREAD BIN DINER STYLE RED ,31
At-Risk Customers,CHILDS GARDEN RAKE BLUE,31
At-Risk Customers,CHRISTMAS TOILET ROLL,31
At-Risk Customers,FELT FARM ANIMAL HEN,31
At-Risk Customers,GAOLERS KEYS DECORATIVE GARDEN ,31
At-Risk Customers,GLASS BON BON JAR,31
At-Risk Customers,HEART BEADED TRELLIS DECORATION,31
At-Risk Customers,IVORY LOVE BIRD CANDLE,31
At-Risk Customers,PAINTED YELLOW WOODEN DAISY,31
At-Risk Customers,PINK  HONEYCOMB PAPER FAN,31
At-Risk Customers,RED COAT RACK PARIS FASHION,31
At-Risk Customers,RED DINER WALL CLOCK,31
At-Risk Customers,SET OF 2 TINS VINTAGE BATHROOM ,31
At-Risk Customers,SET OF 6 T-LIGHTS SNOWMEN,31
At-Risk Customers,SET/3 VANILLA SCENTED CANDLE IN BOX,31
At-Risk Customers,SWALLOW WOODEN CHRISTMAS DECORATION,31
At-Risk Customers,TOOTHPASTE TUBE PEN,31
At-Risk Customers,TRAVEL CARD WALLET PANTRY,31
At-Risk Customers,VICTORIAN SEWING KIT,31
At-Risk Customers,VINTAGE BILLBOARD DRINK ME MUG,31
At-Risk Customers,WICKER WREATH LARGE,31
At-Risk Customers,15CM CHRISTMAS GLASS BALL 20 LIGHTS,30
At-Risk Customers,3D HEARTS  HONEYCOMB PAPER GARLAND,30
At-Risk Customers,75 BLACK PETIT FOUR CASES,30
At-Risk Customers,ALARM CLOCK BAKELIKE CHOCOLATE,30
At-Risk Customers,APRON APPLE DELIGHT,30
At-Risk Customers,BASKET OF FLOWERS SEWING KIT,30
At-Risk Customers,BUTTERFLIES STICKERS,30
At-Risk Customers,CANDY SHOP  STICKER SHEET,30
At-Risk Customers,CARD HOLDER GINGHAM HEART,30
At-Risk Customers,CHRISTMAS CRAFT HEART STOCKING ,30
At-Risk Customers,CLASSIC FRENCH STYLE BASKET NATURAL,30
At-Risk Customers,CLOCK MAGNET MUM'S KITCHEN,30
At-Risk Customers,FELTCRAFT GIRL NICOLE KIT,30
At-Risk Customers,FLOWERS  STICKERS,30
At-Risk Customers,FRENCH BLUE METAL DOOR SIGN 6,30
At-Risk Customers,FROSTED WHITE BASE ,30
At-Risk Customers,HEART WOODEN CHRISTMAS DECORATION,30
At-Risk Customers,KEY CABINET MA CAMPAGNE,30
At-Risk Customers,PARTY CONE CHRISTMAS DECORATION ,30
At-Risk Customers,PARTY INVITES WOODLAND,30
At-Risk Customers,PINK FLORAL FELTCRAFT SHOULDER BAG,30
At-Risk Customers,PINK RETRO BIG FLOWER BAG,30
At-Risk Customers,SET OF 4 NAPKIN CHARMS INSTRUMENT,30
At-Risk Customers,SET OF 60 PANTRY DESIGN CAKE CASES ,30
At-Risk Customers,SKULLS WRITING SET ,30
At-Risk Customers,SMALL REGAL  SILVER CANDLEPOT ,30
At-Risk Customers,SWEETHEART WIRE WALL TIDY,30
At-Risk Customers,200 BENDY SKULL STRAWS,29
At-Risk Customers,BEADED CRYSTAL HEART PINK LARGE,29
At-Risk Customers,BRIGHT BLUES RIBBONS ,29
At-Risk Customers,CHILDRENS CUTLERY POLKADOT GREEN ,29
At-Risk Customers,CURIOUS  IMAGES NOTEBOOK SET,29
At-Risk Customers,GREEN SQUARE COMPACT MIRROR,29
At-Risk Customers,GUMBALL MAGAZINE RACK,29
At-Risk Customers,MOODY BOY  DOOR HANGER ,29
At-Risk Customers,MULTICOLOUR RABBIT EGG WARMER,29
At-Risk Customers,PARTY FOOD SHOPPER BAG,29
At-Risk Customers,PETIT TRAY CHIC,29
At-Risk Customers,POLKA DOT RAFFIA FOOD COVER,29
At-Risk Customers,RETRO PLASTIC ELEPHANT TRAY,29
At-Risk Customers,SET OF 2 TINS JARDIN DE PROVENCE,29
At-Risk Customers,SET OF 4 NAPKIN CHARMS STARS   ,29
At-Risk Customers,SET/6 PURPLE BUTTERFLY T-LIGHTS,29
At-Risk Customers,ANTIQUE GLASS HEART DECORATION ,28
At-Risk Customers,EGG CUP NATURAL CHICKEN,28
At-Risk Customers,FIVE CATS HANGING DECORATION,28
At-Risk Customers,GREEN METAL SWINGING BUNNY,28
At-Risk Customers,NURSE'S BAG SOFT TOY,28
At-Risk Customers,POCKET BAG BLUE PAISLEY RED SPOT,28
At-Risk Customers,RED RETROSPOT BIG BOWL,28
At-Risk Customers,RED RETROSPOT SHOPPING BAG,28
At-Risk Customers,SET OF 10 LED DOLLY LIGHTS,28
At-Risk Customers,SKULLS PARTY BAG + STICKER SET,28
At-Risk Customers,SMALL TALL CAMPHOR WOOD TOADSTOOL,28
At-Risk Customers,4 IVORY DINNER CANDLES SILVER FLOCK,27
At-Risk Customers,6 RIBBONS SHIMMERING PINKS ,27
At-Risk Customers,BEADED PEARL HEART WHITE LARGE,27
At-Risk Customers,BLUE PAISLEY SKETCHBOOK,27
At-Risk Customers,BLUE POLKADOT WASHING UP GLOVES,27
At-Risk Customers,CHARLIE + LOLA RED HOT WATER BOTTLE,27
At-Risk Customers,CHRISTMAS CRAFT LITTLE FRIENDS,27
At-Risk Customers,COFFEE MUG BLUE PAISLEY DESIGN,27
At-Risk Customers,FAIRY TALE COTTAGE NIGHTLIGHT,27
At-Risk Customers,FRAPPUCINO SCARF KNITTING KIT,27
At-Risk Customers,HANGING FAIRY CAKE DECORATION,27
At-Risk Customers,PARTY INVITES DINOSAURS,27
At-Risk Customers,RED RETROSPOT APRON ,27
At-Risk Customers,S/6 SEW ON CROCHET FLOWERS,27
At-Risk Customers,SET/3 OCEAN SCENT CANDLE JEWEL BOX,27
At-Risk Customers,SMALL GLASS SUNDAE DISH CLEAR,27
At-Risk Customers,SUMMER FUN DESIGN SHOWER CAP,27
At-Risk Customers,SUNSET CHECK HAMMOCK,27
At-Risk Customers,VINTAGE RED TEATIME MUG,27
At-Risk Customers,WHITE TALL PORCELAIN T-LIGHT HOLDER,27
At-Risk Customers,ABSTRACT CIRCLES SKETCHBOOK ,26
At-Risk Customers,AIRLINE BAG VINTAGE JET SET WHITE,26
At-Risk Customers,ANT WHITE WIRE HEART SPIRAL,26
At-Risk Customers,BATHROOM METAL SIGN ,26
At-Risk Customers,BLOSSOM  IMAGES NOTEBOOK SET,26
At-Risk Customers,CHRISTMAS HANGING TREE WITH BELL,26
At-Risk Customers,DO NOT TOUCH MY STUFF DOOR HANGER ,26
At-Risk Customers,DOLLY GIRL BABY GIFT SET,26
At-Risk Customers,GLASS APOTHECARY BOTTLE TONIC,26
At-Risk Customers,GLASS CLOCHE SMALL,26
At-Risk Customers,GRASS HOPPER WOODEN WALL CLOCK ,26
At-Risk Customers,GYMKHANA TREASURE BOOK BOX,26
At-Risk Customers,HAPPY EASTER HANGING DECORATION,26
At-Risk Customers,KIDS RAIN MAC BLUE,26
At-Risk Customers,PACK OF 6 SMALL FRUIT STRAWS,26
At-Risk Customers,PHOTO CUBE,26
At-Risk Customers,PINK DOUGHNUT TRINKET POT ,26
At-Risk Customers,RECYCLED ACAPULCO MAT LAVENDER,26
At-Risk Customers,RED/CREAM STRIPE CUSHION COVER ,26
At-Risk Customers,RETRO LEAVES MAGNETIC NOTEPAD,26
At-Risk Customers,RETROSPOT GIANT TUBE MATCHES,26
At-Risk Customers,RIBBON REEL MAKING SNOWMEN ,26
At-Risk Customers,RIBBON REEL SNOWY VILLAGE,26
At-Risk Customers,SET 3 WICKER STORAGE BASKETS ,26
At-Risk Customers,SET/6 GREEN SPRING PAPER CUPS,26
At-Risk Customers,TABLECLOTH RED APPLES DESIGN ,26
At-Risk Customers,VICTORIAN SEWING BOX MEDIUM,26
At-Risk Customers,ZINC HEART FLOWER T-LIGHT HOLDER,26
At-Risk Customers,3 ROSE MORRIS BOXED CANDLES,25
At-Risk Customers,ALPHABET HEARTS STICKER SHEET,25
At-Risk Customers,ASSORTED TUTTI FRUTTI SMALL PURSE,25
At-Risk Customers,BOTANICAL LILY GREETING CARD,25
At-Risk Customers,CHERRY CROCHET FOOD COVER,25
At-Risk Customers,CLAM SHELL SMALL ,25
At-Risk Customers,DAISY FOLKART HEART DECORATION,25
At-Risk Customers,FELT FARM ANIMAL SHEEP,25
At-Risk Customers,HANGING WOOD AND FELT HEART,25
At-Risk Customers,MA CAMPAGNE CUTLERY BOX,25
At-Risk Customers,MINI JIGSAW LEAP FROG,25
At-Risk Customers,ORIGAMI JASMINE INCENSE/CANDLE SET,25
At-Risk Customers,ORIGAMI LAVENDER INCENSE/CANDL SET ,25
At-Risk Customers,ORIGAMI VANILLA INCENSE/CANDLE SET ,25
At-Risk Customers,RED METAL BOX TOP SECRET,25
At-Risk Customers,SKULLS DESIGN FLANNEL,25
At-Risk Customers,STRAWBERRY RAFFIA FOOD COVER,25
At-Risk Customers,TOAST ITS - FAIRY FLOWER,25
At-Risk Customers,WICKER WREATH SMALL,25
At-Risk Customers,WRAP 50'S  CHRISTMAS,25
At-Risk Customers,WRAP CAROUSEL,25
At-Risk Customers,WRAP CHRISTMAS SCREEN PRINT,25
At-Risk Customers,WRAP SUMMER ROSE DESIGN,25
At-Risk Customers,16 PIECE CUTLERY SET PANTRY DESIGN,24
At-Risk Customers,ASS COLOUR GLOWING TIARAS,24
At-Risk Customers,BAKING MOULD ROSE MILK CHOCOLATE,24
At-Risk Customers,BASKET OF TOADSTOOLS,24
At-Risk Customers,BEADED CRYSTAL HEART GREEN LARGE,24
At-Risk Customers,BEADED CRYSTAL HEART PINK SMALL,24
At-Risk Customers,BELL HEART DECORATION,24
At-Risk Customers,BIRTHDAY BANNER TAPE,24
At-Risk Customers,BLACK CHRISTMAS FLOCK DROPLET ,24
At-Risk Customers,BLUE PATCH PURSE PINK HEART,24
At-Risk Customers,BOTANICAL LAVENDER BIRTHDAY CARD,24
At-Risk Customers,CANDY HEART HANGING DECORATION,24
At-Risk Customers,CANDY SPOT EGG WARMER HARE,24
At-Risk Customers,CANDY SPOT TEA COSY,24
At-Risk Customers,CHRISTMAS CARD SINGING ANGEL,24
At-Risk Customers,CHRISTMAS CARD STACK OF PRESENTS,24
At-Risk Customers,COFFEE MUG PINK PAISLEY DESIGN,24
At-Risk Customers,CUBIC MUG PINK POLKADOT,24
At-Risk Customers,ENAMEL PINK TEA CONTAINER,24
At-Risk Customers,"FEATHER PEN,HOT PINK",24
At-Risk Customers,FRENCH LATTICE CUSHION COVER ,24
At-Risk Customers,GIFT BAG PSYCHEDELIC APPLES,24
At-Risk Customers,GOLD WINE GOBLET,24
At-Risk Customers,"GREETING CARD, OVERCROWDED POOL.",24
At-Risk Customers,GYMKHANNA TREASURE BOOK BOX,24
At-Risk Customers,INFLATABLE POLITICAL GLOBE ,24
At-Risk Customers,JAM CLOCK MAGNET,24
At-Risk Customers,JASMINE VOTIVE CANDLE,24
At-Risk Customers,KNEELING MAT HOUSEWORK  DESIGN,24
At-Risk Customers,MEDIUM MEDINA STAMPED METAL BOWL ,24
At-Risk Customers,MEDIUM WHITE/PINK ROSE ART FLOWER,24
At-Risk Customers,MIDNIGHT GLAMOUR SCARF KNITTING KIT,24
At-Risk Customers,MIRROR MOSAIC T-LIGHT HOLDER ROUND,24
At-Risk Customers,ORIGAMI SANDLEWOOD INCENSE/CAND SET,24
At-Risk Customers,PAPERWEIGHT KINGS CHOICE ,24
At-Risk Customers,PINK AND WHITE CHRISTMAS TREE 120CM,24
At-Risk Customers,PINK CANDYSTUFT ARTIFICIAL FLOWER,24
At-Risk Customers,PINK FLUFFY CHRISTMAS DECORATION,24
At-Risk Customers,PINK METAL SWINGING BUNNY,24
At-Risk Customers,PINK/WHITE CHRISTMAS TREE 60CM,24
At-Risk Customers,POP ART PUSH DOWN RUBBER ,24
At-Risk Customers,PORCELAIN T-LIGHT HOLDERS ASSORTED,24
At-Risk Customers,RETRO PLASTIC POLKA TRAY,24
At-Risk Customers,RIDGED GLASS T-LIGHT HOLDER,24
At-Risk Customers,SCENTED VELVET LOUNGE CANDLE ,24
At-Risk Customers,SET 4 NURSERY DES ROUND BOXES,24
At-Risk Customers,SMALL FOLDING SCISSOR(POINTED EDGE),24
At-Risk Customers,SPACEBOY TV DINNER TRAY,24
At-Risk Customers,TEATIME ROUND PENCIL SHARPENER ,24
At-Risk Customers,VINTAGE BEAD PINK EVENING BAG,24
At-Risk Customers,VINTAGE DONKEY TAIL GAME ,24
At-Risk Customers,VINTAGE NOTEBOOK PARIS DAYS,24
At-Risk Customers,VINTAGE RED TRIM ENAMEL BOWL ,24
At-Risk Customers,WAKE UP COCKEREL TILE COASTER,24
At-Risk Customers,WHITE CHRISTMAS FLOCK DROPLET ,24
At-Risk Customers,WHITE ROCKING HORSE HAND PAINTED,24
At-Risk Customers,WOODLAND  HEIGHT CHART STICKERS ,24
At-Risk Customers, SPACEBOY BABY GIFT SET,23
At-Risk Customers,BROWN CHECK CAT DOORSTOP ,23
At-Risk Customers,BUNDLE OF 3 ALPHABET EXERCISE BOOKS,23
At-Risk Customers,CHRISTMAS HANGING HEART WITH BELL,23
At-Risk Customers,CHRISTMAS METAL POSTCARD WITH BELLS,23
At-Risk Customers,CLASSIC FRENCH STYLE BASKET BROWN,23
At-Risk Customers,GARDENIA 3 WICK MORRIS BOXED CANDLE,23
At-Risk Customers,GINGHAM BABUSHKA DOORSTOP,23
At-Risk Customers,HEART SHAPE WIRELESS DOORBELL,23
At-Risk Customers,LOVE HEART NAPKIN BOX ,23
At-Risk Customers,MOTORING TISSUE BOX,23
At-Risk Customers,PARISIENNE KEY CABINET ,23
At-Risk Customers,PARLOUR CERAMIC WALL HOOK,23
At-Risk Customers,RED ENCHANTED FOREST PLACEMAT,23
At-Risk Customers,ROSE CARAVAN DOORSTOP,23
At-Risk Customers,S/4 CACTI CANDLES,23
At-Risk Customers,SET/4 SKULL BADGES,23
At-Risk Customers,SMALL HANGING GLASS+ZINC LANTERN,23
At-Risk Customers,SWEETHEART WIRE FRUIT BOWL,23
At-Risk Customers,TOXIC AREA  DOOR HANGER ,23
At-Risk Customers,TV DINNER TRAY DOLLY GIRL,23
At-Risk Customers,4 WILDFLOWER BOTANICAL CANDLES,22
At-Risk Customers,BLACK ENCHANTED FOREST PLACEMAT,22
At-Risk Customers,CHOCOLATE 3 WICK MORRIS BOX CANDLE,22
At-Risk Customers,CHRISTMAS PUDDING TRINKET POT ,22
At-Risk Customers,CLASSIC FRENCH STYLE BASKET GREEN ,22
At-Risk Customers,DAIRY MAID TRADITIONAL TEAPOT ,22
At-Risk Customers,DECORATIVE PLANT POT WITH FRIEZE,22
At-Risk Customers,MONEY BOX HOUSEKEEPING DESIGN,22
At-Risk Customers,OWL DOORSTOP,22
At-Risk Customers,PAPER CHAIN KIT LONDON,22
At-Risk Customers,PINK FAIRY CAKE CUSHION COVER,22
At-Risk Customers,PINK UNION JACK  PASSPORT COVER ,22
At-Risk Customers,SET OF 4 KNICK KNACK TINS POPPIES,22
At-Risk Customers,SET OF 4 NAPKIN CHARMS 3 KEYS ,22
At-Risk Customers,SET OF 4 POLKADOT COASTERS,22
At-Risk Customers,SET/4 WHITE RETRO STORAGE CUBES ,22
At-Risk Customers,SILK PURSE BABUSHKA RED,22
At-Risk Customers,TUB 24 PINK FLOWER PEGS,22
At-Risk Customers,WOOD STAMP SET BEST WISHES,22
At-Risk Customers,WOOD STOCKING CHRISTMAS SCANDISPOT,22
At-Risk Customers,3 WHITE CHOC MORRIS BOXED CANDLES,21
At-Risk Customers,ASSORTED COLOUR METAL CAT ,21
At-Risk Customers,CHRISTMAS DECOUPAGE CANDLE,21
At-Risk Customers,CHRISTMAS GINGHAM STAR,21
At-Risk Customers,CREAM SLICE FLANNEL CHOCOLATE SPOT ,21
At-Risk Customers,DANISH ROSE FOLDING CHAIR,21
At-Risk Customers,DOORMAT BLACK FLOCK ,21
At-Risk Customers,EIGHT PIECE SNAKE  SET,21
At-Risk Customers,ENAMEL FIRE BUCKET CREAM,21
At-Risk Customers,ENGLISH ROSE SCENTED HANGING FLOWER,21
At-Risk Customers,FRYING PAN RED RETROSPOT,21
At-Risk Customers,GOLD MINI TAPE MEASURE ,21
At-Risk Customers,HANGING ENGRAVED METAL HEART,21
At-Risk Customers,HANGING WOOD AND FELT FLOWER,21
At-Risk Customers,HAWAIIAN GRASS SKIRT ,21
At-Risk Customers,MISTLETOE HEART WREATH CREAM,21
At-Risk Customers,MORE BUTTER METAL SIGN ,21
At-Risk Customers,PINK UNION JACK  LUGGAGE TAG,21
At-Risk Customers,RELAX LARGE WOOD LETTERS,21
At-Risk Customers,SET/12 TAPER CANDLES,21
At-Risk Customers,WOODLAND DESIGN  COTTON TOTE BAG,21
At-Risk Customers,12 RED ROSE PEG PLACE SETTINGS,20
At-Risk Customers,3 TIER CAKE TIN GREEN AND CREAM,20
At-Risk Customers,3 TIER CAKE TIN RED AND CREAM,20
At-Risk Customers,3D SHEET OF CAT STICKERS,20
At-Risk Customers,AIRLINE BAG VINTAGE JET SET BROWN,20
At-Risk Customers,AIRLINE BAG VINTAGE WORLD CHAMPION ,20
At-Risk Customers,ASSORTED CIRCULAR MOBILE,20
At-Risk Customers,BUNNY EGG BOX,20
At-Risk Customers,CERAMIC BIRDHOUSE CRESTED TIT SMALL,20
At-Risk Customers,CERAMIC BOWL WITH STRAWBERRY DESIGN,20
At-Risk Customers,CHOCOLATE 1 WICK MORRIS BOX CANDLE,20
At-Risk Customers,CHRISTMAS LIGHTS 10 REINDEER,20
At-Risk Customers,CINAMMON SET OF 9 T-LIGHTS,20
At-Risk Customers,CUSHION COVER PINK UNION JACK,20
At-Risk Customers,DOLLCRAFT GIRL NICOLE,20
At-Risk Customers,DOORMAT RESPECTABLE HOUSE,20
At-Risk Customers,EMPIRE DESIGN ROSETTE,20
At-Risk Customers,GOLD SCROLL GLASS T-LIGHT HOLDER,20
At-Risk Customers,HANGING MEDINA LANTERN SMALL,20
At-Risk Customers,IVORY PILLAR CANDLE SILVER FLOCK,20
At-Risk Customers,LARGE YELLOW BABUSHKA NOTEBOOK ,20
At-Risk Customers,OFFICE MUG WARMER CHOC+BLUE,20
At-Risk Customers,ORANGE SCENTED SET/9 T-LIGHTS,20
At-Risk Customers,RED GINGHAM TEDDY BEAR ,20
At-Risk Customers,SET OF 2 ROUND TINS CAMEMBERT ,20
At-Risk Customers,SET OF 4 NAPKIN CHARMS CROWNS ,20
At-Risk Customers,SET/4 BADGES DOGS,20
At-Risk Customers,SILVER VANILLA  FLOWER CANDLE POT,20
At-Risk Customers,"TRAY, BREAKFAST IN BED",20
At-Risk Customers,YELLOW GIANT GARDEN THERMOMETER,20
At-Risk Customers,BLUE KNITTED HEN ,19
At-Risk Customers,CAMPHOR WOOD PORTOBELLO MUSHROOM,19
At-Risk Customers,CHARLIE+LOLA PINK HOT WATER BOTTLE,19
At-Risk Customers,CHEST OF DRAWERS GINGHAM HEART ,19
At-Risk Customers,CUPID DESIGN SCENTED CANDLES,19
At-Risk Customers,DOORMAT NEIGHBOURHOOD WITCH ,19
At-Risk Customers,GOLD PRINT PAPER BAG,19
At-Risk Customers,IVORY SWEETHEART WIRE LETTER RACK ,19
At-Risk Customers,JIGSAW TOADSTOOLS 3 PIECE,19
At-Risk Customers,LARGE ANTIQUE WHITE PHOTO FRAME,19
At-Risk Customers,LOCAL CAFE MUG,19
At-Risk Customers,MIRRORED DISCO BALL ,19
At-Risk Customers,MULTICOLOUR HONEYCOMB PAPER GARLAND,19
At-Risk Customers,NUMBER TILE COTTAGE GARDEN 9,19
At-Risk Customers,SILK PURSE BABUSHKA BLUE,19
At-Risk Customers,STRIPEY CHOCOLATE NESTING BOXES,19
At-Risk Customers,TEA FOR ONE POLKADOT,19
At-Risk Customers,VINTAGE BILLBOARD TEA MUG,19
At-Risk Customers,18PC WOODEN CUTLERY SET DISPOSABLE,18
At-Risk Customers,ABSTRACT CIRCLE JOURNAL ,18
At-Risk Customers,BLACK SILOUETTE CANDLE PLATE,18
At-Risk Customers,BLUE CALCULATOR RULER,18
At-Risk Customers,BLUE PAISLEY JOURNAL ,18
At-Risk Customers,BLUE POT PLANT CANDLE ,18
At-Risk Customers,BREAD BIN DINER STYLE PINK,18
At-Risk Customers,CANDLE PLATE LACE WHITE,18
At-Risk Customers,CANDY SPOT EGG WARMER RABBIT,18
At-Risk Customers,CARAVAN SQUARE TISSUE BOX,18
At-Risk Customers,CARROT CHARLIE+LOLA COASTER SET,18
At-Risk Customers,CERAMIC STRAWBERRY MONEY BOX,18
At-Risk Customers,DOORMAT WELCOME SUNRISE,18
At-Risk Customers,DRAWER KNOB CERAMIC IVORY,18
At-Risk Customers,DRAWER KNOB CERAMIC RED,18
At-Risk Customers,ENAMEL BLUE RIM COFFEE CONTAINER,18
At-Risk Customers,FOLDING UMBRELLA RED/WHITE POLKADOT,18
At-Risk Customers,FRENCH PAISLEY CUSHION COVER ,18
At-Risk Customers,FROG CANDLE,18
At-Risk Customers,GARDENIA 1 WICK MORRIS BOXED CANDLE,18
At-Risk Customers,HANGING GLASS ETCHED TEALIGHT,18
At-Risk Customers,JOY LARGE WOOD LETTERS,18
At-Risk Customers,LE GRAND TRAY CHIC SET,18
At-Risk Customers,MEASURING TAPE BABUSHKA RED,18
At-Risk Customers,MILK PAN RED RETROSPOT,18
At-Risk Customers,MULTI HEARTS  STICKERS,18
At-Risk Customers,OCEAN SCENT CANDLE IN JEWELLED BOX,18
At-Risk Customers,PAPERWEIGHT HOME SWEET HOME,18
At-Risk Customers,PAPERWEIGHT VINTAGE COLLAGE,18
At-Risk Customers,PARTY PIZZA DISH BLUE POLKADOT,18
At-Risk Customers,PEACE WOODEN BLOCK LETTERS,18
At-Risk Customers,PINK GINGHAM CAT WITH SCARF,18
At-Risk Customers,PINK VINTAGE SPOT BEAKER,18
At-Risk Customers,POMPOM CURTAIN,18
At-Risk Customers,RED FLOCK LOVE HEART PHOTO FRAME,18
At-Risk Customers,S/4 IVORY MINI ROSE CANDLE IN BOWL,18
At-Risk Customers,SET 3 WICKER OVAL BASKETS W LIDS,18
At-Risk Customers,SMALL IVORY HEART WALL ORGANISER,18
At-Risk Customers,TOY TIDY DOLLY GIRL DESIGN,18
At-Risk Customers,TRIPLE WIRE HOOK IVORY HEART,18
At-Risk Customers,VINTAGE RED ENAMEL TRIM JUG ,18
At-Risk Customers,VINTAGE RED MUG,18
At-Risk Customers,WHEELBARROW FOR CHILDREN ,18
At-Risk Customers,WHITE CANDYSTUFT ARTIFICIAL FLOWER,18
At-Risk Customers,WHITE GOOSE FEATHER CHRISTMAS TREE ,18
At-Risk Customers,WHITE HEARTS WIRE PLANT POT HOLDER,18
At-Risk Customers,12 EGG HOUSE PAINTED WOOD,17
At-Risk Customers,BIRD HOUSE HOT WATER BOTTLE,17
At-Risk Customers,BROCANTE COAT RACK,17
At-Risk Customers,CHERRY BLOSSOM  DECORATIVE FLASK,17
At-Risk Customers,CHRISTMAS RETROSPOT HEART WOOD,17
At-Risk Customers,COLUMBIAN CANDLE ROUND ,17
At-Risk Customers,DECORATIVE FLORE BATHROOM BOTTLE,17
At-Risk Customers,DOORMAT VINTAGE LEAVES DESIGN ,17
At-Risk Customers,EAU DE NILE JEWELLED T-LIGHT HOLDER,17
At-Risk Customers,FAIRY CAKE NOTEBOOK A5 SIZE,17
At-Risk Customers,GARDEN PATH JOURNAL,17
At-Risk Customers,GREEN BIRDHOUSE DECORATION,17
At-Risk Customers,HANGING PHOTO CLIP ROPE LADDER,17
At-Risk Customers,JIGSAW TREE WITH WATERING CAN,17
At-Risk Customers,KEEP OUT BOYS DOOR HANGER ,17
At-Risk Customers,LADS ONLY TISSUE BOX,17
At-Risk Customers,LOVE LARGE WOOD LETTERS ,17
At-Risk Customers,METAL SIGN HIS DINNER IS SERVED,17
At-Risk Customers,MULTICOLOUR 3D BALLS GARLAND,17
At-Risk Customers,NUMBER TILE COTTAGE GARDEN 1,17
At-Risk Customers,NUMBER TILE COTTAGE GARDEN 3 ,17
At-Risk Customers,NUMBER TILE COTTAGE GARDEN 5,17
At-Risk Customers,NUMBER TILE COTTAGE GARDEN 6,17
At-Risk Customers,NUMBER TILE COTTAGE GARDEN 8,17
At-Risk Customers,PACK/12 XMAS FUN CARD,17
At-Risk Customers,ROSE SCENT CANDLE JEWELLED DRAWER,17
At-Risk Customers,SET OF 12 FAIRY CAKE BAKING CASES,17
At-Risk Customers,SET OF 16 VINTAGE PISTACHIO CUTLERY,17
At-Risk Customers,SET/4 BUTTERFLY MIRROR MAGNETS,17
At-Risk Customers,ASSTD DESIGN RACING CAR PEN,16
At-Risk Customers,BLACK ORANGE SQUEEZER,16
At-Risk Customers,BLUE POLKADOT LUGGAGE TAG ,16
At-Risk Customers,BOUDOIR SQUARE TISSUE BOX,16
At-Risk Customers,CHRISTMAS CRAFT TREE TOP ANGEL,16
At-Risk Customers,CHRISTMAS TABLE CANDLE SILVER SPIKE,16
At-Risk Customers,CITRUS GARLAND FELT FLOWERS ,16
At-Risk Customers,DENIM PATCH PURSE PINK BUTTERFLY,16
At-Risk Customers,DOORSTOP RACING CAR DESIGN,16
At-Risk Customers,FRENCH CHATEAU LARGE PLATTER ,16
At-Risk Customers,GLASS JAR KINGS CHOICE,16
At-Risk Customers,GLITTER HEART GARLAND WITH BELLS ,16
At-Risk Customers,GREEN CHRISTMAS TREE CARD HOLDER,16
At-Risk Customers,LADYBIRD + BEE RAFFIA FOOD COVER,16
At-Risk Customers,LARGE DECO JEWELLERY STAND,16
At-Risk Customers,LARGE IVORY HEART WALL ORGANISER,16
At-Risk Customers,LARGE STRIPES CHOCOLATE GIFT BAG,16
At-Risk Customers,LAVENDER INCENSE IN TIN,16
At-Risk Customers,NUMBER TILE COTTAGE GARDEN 0 ,16
At-Risk Customers,NUMBER TILE COTTAGE GARDEN 2,16
At-Risk Customers,NUMBER TILE COTTAGE GARDEN 4,16
At-Risk Customers,NUMBER TILE COTTAGE GARDEN 7,16
At-Risk Customers,PARISIENNE JEWELLERY DRAWER ,16
At-Risk Customers,PINK FLOWER FABRIC PONY,16
At-Risk Customers,PINK/BLUE DISC/MIRROR STRING,16
At-Risk Customers,RED DAISY POCKET BOOK ,16
At-Risk Customers,ROCKING HORSE RED CHRISTMAS ,16
At-Risk Customers,ROSE DU SUD OVEN GLOVE,16
At-Risk Customers,SET/4 MODERN VINTAGE COTTON NAPKINS,16
At-Risk Customers,SPACE FROG,16
At-Risk Customers,ZINC  STAR T-LIGHT HOLDER ,16
At-Risk Customers,BABY BOOM RIBBONS ,15
At-Risk Customers,BEADED CRYSTAL HEART GREEN SMALL,15
At-Risk Customers,BLUE POLKADOT PUDDING BOWL,15
At-Risk Customers,CABIN BAG VINTAGE RETROSPOT,15
At-Risk Customers,CHRISTMAS MUSICAL ZINC HEART ,15
At-Risk Customers,"DECORATION HEN ON NEST, HANGING",15
At-Risk Customers,FLOWER VINE RAFFIA FOOD COVER,15
At-Risk Customers,FRENCH BLUE METAL DOOR SIGN No,15
At-Risk Customers,GREEN FERN SKETCHBOOK ,15
At-Risk Customers,MEASURING TAPE BABUSHKA BLUE,15
At-Risk Customers,MINI LADLE LOVE HEART RED ,15
At-Risk Customers,MIRROR MOSAIC HURRICANE LAMP ,15
At-Risk Customers,PINK HEARTS LIGHT CHAIN ,15
At-Risk Customers,SET OF 5 MINI GROCERY MAGNETS,15
At-Risk Customers,SET OF 6 T-LIGHTS SANTA,15
At-Risk Customers,SET/4 BADGES BEETLES,15
At-Risk Customers,SET/4 BADGES CUTE CREATURES,15
At-Risk Customers,SNOWSTORM PHOTO FRAME FRIDGE MAGNET,15
At-Risk Customers,SPOTTY PINK DUCK DOORSTOP,15
At-Risk Customers,WAY OUT METAL SIGN ,15
At-Risk Customers,WOODEN OWLS LIGHT GARLAND ,15
At-Risk Customers,ASS COL CIRCLE MOBILE ,14
At-Risk Customers,ASS COL LARGE SAND FROG P'WEIGHT,14
At-Risk Customers,BLACK WINE GLASS,14
At-Risk Customers,BLUE & WHITE BREAKFAST TRAY,14
At-Risk Customers,BLUE GLASS GEMS IN BAG,14
At-Risk Customers,CAKE STAND VICTORIAN FILIGREE MED,14
At-Risk Customers,CHRISTMAS GINGHAM TREE,14
At-Risk Customers,CLEAR MILKSHAKE GLASS,14
At-Risk Customers,CROCHET BEAR RED/BLUE  KEYRING,14
At-Risk Customers,DOOR HANGER  MUM + DADS ROOM,14
At-Risk Customers,EAU DE NILE JEWELLED PHOTOFRAME,14
At-Risk Customers,ESSENTIAL BALM 3.5g TIN IN ENVELOPE,14
At-Risk Customers,FRYING PAN PINK POLKADOT,14
At-Risk Customers,GARDEN METAL SIGN ,14
At-Risk Customers,GARDEN PATH SKETCHBOOK,14
At-Risk Customers,GLAMOROUS  MUG,14
At-Risk Customers,GROW YOUR OWN FLOWERS SET OF 3,14
At-Risk Customers,LARGE TORTILLA DESIGN RED BOWL,14
At-Risk Customers,MIRRORED WALL ART SKULLS,14
At-Risk Customers,MUSICAL ZINC HEART DECORATION ,14
At-Risk Customers,PARISIENNE CURIO CABINET,14
At-Risk Customers,PIG MUG IN TWO COLOUR DESIGNS,14
At-Risk Customers,PINK POLKADOT CHILDRENS UMBRELLA,14
At-Risk Customers,ROUND PINK HEART MIRROR,14
At-Risk Customers,SAVOY ART DECO CLOCK,14
At-Risk Customers,SET OF 36 DINOSAUR PAPER DOILIES,14
At-Risk Customers,SMALL WHITE RETROSPOT MUG IN BOX ,14
At-Risk Customers,STRAWBERRIES  DESIGN FLANNEL ,14
At-Risk Customers,TEA TIME TEAPOT IN GIFT BOX,14
At-Risk Customers,TRAVEL CARD WALLET VINTAGE ROSE ,14
At-Risk Customers,TREASURE TIN BUFFALO BILL ,14
At-Risk Customers,TRIPLE WIRE HOOK PINK HEART,14
At-Risk Customers,VINTAGE LEAF MAGNETIC NOTEPAD,14
At-Risk Customers,WHITE WIRE EGG HOLDER,14
At-Risk Customers,WHITE/PINK CHICK DECORATION,14
At-Risk Customers,WOODEN REGATTA BUNTING,14
At-Risk Customers,YELLOW FELT HANGING HEART W FLOWER,14
At-Risk Customers,2 PICTURE BOOK EGGS EASTER DUCKS,13
At-Risk Customers,4 PINK FLOCK CHRISTMAS BALLS,13
At-Risk Customers,BROCANTE SHELF WITH HOOKS,13
At-Risk Customers,CHRISTMAS RETROSPOT TREE WOOD,13
At-Risk Customers,DANISH ROSE TRINKET TRAYS,13
At-Risk Customers,DINOSAUR HEIGHT CHART STICKER SET,13
At-Risk Customers,FELT TOADSTOOL  SMALL,13
At-Risk Customers,FELT TOADSTOOL LARGE,13
At-Risk Customers,"FLOWER FAIRY,5 SUMMER B'DRAW LINERS",13
At-Risk Customers,FOLDING BUTTERFLY MIRROR IVORY ,13
At-Risk Customers,HELLO SAILOR BLUE SOAP HOLDER,13
At-Risk Customers,HIPPY CHIC DECORATIVE PARASOL,13
At-Risk Customers,JUMBO BAG 50'S CHRISTMAS ,13
At-Risk Customers,LARGE SKULL WINDMILL,13
At-Risk Customers,LETS GO SHOPPING COTTON TOTE BAG,13
At-Risk Customers,LIPSTICK PEN BABY PINK,13
At-Risk Customers,MIRRORED WALL ART POPPIES,13
At-Risk Customers,MOBILE VINTAGE HEARTS ,13
At-Risk Customers,MRS ROBOT SOFT TOY,13
At-Risk Customers,NUMBER TILE COTTAGE GARDEN No,13
At-Risk Customers,ORIGAMI ROSE INCENSE IN TUBE,13
At-Risk Customers,PEACH KNITTED HEN ,13
At-Risk Customers,PINK  HEART SHAPE LOVE BUCKET ,13
At-Risk Customers,"RECORD FRAME 7"" SINGLE SIZE ",13
At-Risk Customers,ROMANTIC IMAGES NOTEBOOK SET,13
At-Risk Customers,SET/3 CHRISTMAS DECOUPAGE CANDLES,13
At-Risk Customers,SET/4 RED MINI ROSE CANDLE IN BOWL,13
At-Risk Customers,SEWING BOX RETROSPOT DESIGN ,13
At-Risk Customers,SKULLS  DESIGN  COTTON TOTE BAG,13
At-Risk Customers,TEA TIME TABLE CLOTH,13
At-Risk Customers,VINTAGE BILLBOARD MUG ,13
At-Risk Customers,YELLOW EASTER EGG HUNT START POST,13
At-Risk Customers,2 PICTURE BOOK EGGS EASTER BUNNY,12
At-Risk Customers,2 PICTURE BOOK EGGS EASTER CHICKS,12
At-Risk Customers,3D TRADITIONAL CHRISTMAS STICKERS,12
At-Risk Customers,50CM METAL STRING WITH  7 CLIPS,12
At-Risk Customers,6PC WOOD PLATE SET DISPOSABLE,12
At-Risk Customers,ALUMINIUM HEART,12
At-Risk Customers,ASSORTED CAKES FRIDGE MAGNETS,12
At-Risk Customers,BLACK ENAMEL FLOWER RING,12
At-Risk Customers,BLACK LOVE BIRD CANDLE,12
At-Risk Customers,BLOND DOLL DOORSTOP,12
At-Risk Customers,BLUE  VOILE LAMPSHADE,12
At-Risk Customers,BLUE CAT BISCUIT BARREL PINK HEART,12
At-Risk Customers,BLUE POLKADOT PASSPORT COVER,12
At-Risk Customers,BLUE SQUARE COMPACT MIRROR,12
At-Risk Customers,BLUE VICTORIAN FABRIC OVAL BOX,12
At-Risk Customers,CARRIAGE,12
At-Risk Customers,CHARLIE & LOLA WASTEPAPER BIN BLUE,12
At-Risk Customers,CHRISTMAS CARD SCREEN PRINT ,12
At-Risk Customers,CHRISTMAS MUSICAL ZINC STAR,12
At-Risk Customers,CLASSICAL ROSE SMALL VASE,12
At-Risk Customers,COCKLE SHELL DISH,12
At-Risk Customers,DRAWER KNOB CERAMIC BLACK,12
At-Risk Customers,DRAWER KNOB CRACKLE GLAZE GREEN,12
At-Risk Customers,FAUX FUR CHOCOLATE THROW,12
At-Risk Customers,FAWN AND MUSHROOM GREETING CARD,12
At-Risk Customers,"FEATHER PEN,LIGHT PINK",12
At-Risk Customers,FIRE POLISHED GLASS BRACELET GREEN,12
At-Risk Customers,FOLK ART METAL STAR T-LIGHT HOLDER,12
At-Risk Customers,FOUR RABBIT EASTER DECORATIONS,12
At-Risk Customers,FRENCH CHATEAU SMALL FRUITBOWL,12
At-Risk Customers,FRENCH PAISLEY CUSHION COVER,12
At-Risk Customers,FUNKY MONKEY GIFT BAG MEDIUM,12
At-Risk Customers,GARLAND WITH HEARTS AND BELLS,12
At-Risk Customers,GLASS TWIST BON BON JAR,12
At-Risk Customers,"GREETING CARD,SQUARE, DOUGHNUTS",12
At-Risk Customers,GROW YOUR OWN HERBS SET OF 3,12
At-Risk Customers,HAND WARMER RED POLKA DOT,12
At-Risk Customers,HEART WREATH DECORATION WITH BELL,12
At-Risk Customers,HEN HOUSE W CHICK STANDING,12
At-Risk Customers,HOUSE SHAPE PENCIL SHARPENER,12
At-Risk Customers,JARDIN ETCHED GLASS FRUITBOWL,12
At-Risk Customers,JARDIN ETCHED GLASS SMALL BELL JAR,12
At-Risk Customers,JUNGLE POPSICLES ICE LOLLY HOLDERS,12
At-Risk Customers,LA PALMIERA TILE COASTER,12
At-Risk Customers,MINITURE ANTIQUE ROSE HOOK IVORY,12
At-Risk Customers,MIRRORED WALL ART STARS,12
At-Risk Customers,MULTICOLOUR  CONFETTI IN TUBE,12
At-Risk Customers,NINJA RABBIT PINK,12
At-Risk Customers,OFFICE MUG WARMER POLKADOT,12
At-Risk Customers,PANDA AND BUNNIES STICKER SHEET,12
At-Risk Customers,PAPERWEIGHT VINTAGE PAISLEY,12
At-Risk Customers,PHOTO CLIP LINE,12
At-Risk Customers,PINK  HONEYCOMB PAPER BALL ,12
At-Risk Customers,PINK CHICK EGG WARMER + EGG CUP,12
At-Risk Customers,PINK FELT HANGING HEART W FLOWER,12
At-Risk Customers,PINK/PURPLE RETRO RADIO,12
At-Risk Customers,PLACE SETTING WHITE STAR,12
At-Risk Customers,POLYESTER FILLER PAD 45x30cm,12
At-Risk Customers,RED VICTORIAN FABRIC OVAL BOX,12
At-Risk Customers,RIDGED BONNE JAM JAR T-LIGHT HOLDER,12
At-Risk Customers,S/3 POT POURI CUSHIONS BLUE COLOURS,12
At-Risk Customers,SET OF 16 VINTAGE RED CUTLERY,12
At-Risk Customers,SET OF 2 CERAMIC CHRISTMAS REINDEER,12
At-Risk Customers,SET OF 3 WOODEN SLEIGH DECORATIONS,12
At-Risk Customers,SET OF 4 KNICK KNACK TINS LONDON ,12
At-Risk Customers,SET/6 EAU DE NIL BIRD T-LIGHTS,12
At-Risk Customers,SEWING SUSAN 21 NEEDLE SET,12
At-Risk Customers,SILVER BELLS TABLE DECORATION,12
At-Risk Customers,SILVER GLITTER FLOWER VOTIVE HOLDER,12
At-Risk Customers,SILVER ROCOCO CANDLE STICK,12
At-Risk Customers,SMALL DECO JEWELLERY STAND,12
At-Risk Customers,SMALL PINK MAGIC CHRISTMAS TREE,12
At-Risk Customers,SQUARE CHERRY BLOSSOM CABINET,12
At-Risk Customers,SQUARE METAL CANDLEHOLDER BASE,12
At-Risk Customers,STANDING FAIRY POLE SUPPORT ,12
At-Risk Customers,STAR T-LIGHT HOLDER WILLIE WINKIE,12
At-Risk Customers,STAR WREATH DECORATION WITH BELL,12
At-Risk Customers,TREE T-LIGHT HOLDER WILLIE WINKIE,12
At-Risk Customers,"TUMBLER, BAROQUE",12
At-Risk Customers,VINTAGE ENGRAVED HEART,12
At-Risk Customers,VINTAGE RED ENAMEL TRIM PLATE,12
At-Risk Customers,VINTAGE UNION JACK SHOPPING BAG,12
At-Risk Customers,WAKE UP COCKEREL CALENDAR SIGN ,12
At-Risk Customers,3 TIER SWEETHEART GARDEN SHELF,11
At-Risk Customers,BAKING MOULD ROSE WHITE CHOCOLATE,11
At-Risk Customers,BIRDS MOBILE VINTAGE DESIGN,11
At-Risk Customers,BLACK AND WHITE DOG BOWL,11
At-Risk Customers,BLUE  TILE HOOK,11
At-Risk Customers,BUTTERFLY CROCHET FOOD COVER,11
At-Risk Customers,CAKE STAND WHITE TWO TIER LACE,11
At-Risk Customers,CHARLIE+LOLA MY ROOM DOOR SIGN,11
At-Risk Customers,CIRCUS PARADE BABY GIFT SET,11
At-Risk Customers,DOG TOY WITH PINK CROCHET SKIRT,11
At-Risk Customers,DOLLY MIXTURE CHILDREN'S UMBRELLA,11
At-Risk Customers,FELTCRAFT BOY JEAN-PAUL KIT,11
At-Risk Customers,GLASS APOTHECARY BOTTLE PERFUME,11
At-Risk Customers,GLASS CHALICE GREEN  LARGE ,11
At-Risk Customers,LUNCH BOX WITH CUTLERY FAIRY CAKES ,11
At-Risk Customers,MEASURING TAPE BABUSHKA PINK,11
At-Risk Customers,MR ROBOT SOFT TOY,11
At-Risk Customers,"NURSERY A,B,C PAINTED LETTERS",11
At-Risk Customers,OFFICE MUG WARMER BLACK+SILVER ,11
At-Risk Customers,PAPER LANTERN 9 POINT SNOW STAR ,11
At-Risk Customers,SCOTTIES CHILDRENS APRON,11
At-Risk Customers,SET 2 TEA TOWELS I LOVE LONDON ,11
At-Risk Customers,SET OF 3 COLOURED  FLYING DUCKS,11
At-Risk Customers,SMALL RED RETROSPOT MUG IN BOX ,11
At-Risk Customers,SNOWFLAKE PORTABLE TABLE LIGHT ,11
At-Risk Customers,SPACE CADET WHITE,11
At-Risk Customers,STRIPY DESIGN SHOWER CAP,11
At-Risk Customers,TEA TIME TEA SET IN GIFT BOX,11
At-Risk Customers,VINTAGE RED KITCHEN CABINET,11
At-Risk Customers,VIPPASSPORT COVER ,11
At-Risk Customers, OVAL WALL MIRROR DIAMANTE ,10
At-Risk Customers,4 PINK DINNER CANDLE SILVER FLOCK,10
At-Risk Customers,6 RIBBONS ELEGANT CHRISTMAS ,10
At-Risk Customers,ASS COL SMALL SAND GECKO P'WEIGHT,10
At-Risk Customers,BEADED CHANDELIER T-LIGHT HOLDER,10
At-Risk Customers,BLACK AND WHITE CAT BOWL,10
At-Risk Customers,BLUE CHECK BAG W HANDLE 34X20CM,10
At-Risk Customers,BLUE CHENILLE SHAGGY CUSHION COVER ,10
At-Risk Customers,BLUE DRAGONFLY HELICOPTER,10
At-Risk Customers,BLUE TV TRAY TABLE ,10
At-Risk Customers,BOOM BOX SPEAKER BOYS,10
At-Risk Customers,BULL DOG BOTTLE TOP WALL CLOCK,10
At-Risk Customers,CAKE STAND LOVEBIRD 2 TIER PINK,10
At-Risk Customers,CAKE STAND LOVEBIRD 2 TIER WHITE,10
At-Risk Customers,CHARLOTTE BAG ALPHABET  DESIGN,10
At-Risk Customers,CHEST 7 DRAWER MA CAMPAGNE,10
At-Risk Customers,CLASSIC GLASS SWEET JAR,10
At-Risk Customers,DISCO BALL ROTATOR BATTERY OPERATED,10
At-Risk Customers,ELEPHANT CLIP W SUCTION CUP,10
At-Risk Customers,ENGLISH ROSE SMALL SCENTED FLOWER,10
At-Risk Customers,ENVELOPE 50 CURIOUS IMAGES,10
At-Risk Customers,FLOWERS CHANDELIER T-LIGHT HOLDER,10
At-Risk Customers,FOLDING UMBRELLA PINKWHITE POLKADOT,10
At-Risk Customers,GARAGE KEY FOB,10
At-Risk Customers,GLASS APOTHECARY BOTTLE ELIXIR,10
At-Risk Customers,GREEN METAL BOX ARMY SUPPLIES,10
At-Risk Customers,HAND OPEN SHAPE GOLD,10
At-Risk Customers,HEART T-LIGHT HOLDER ,10
At-Risk Customers,METAL BASE FOR CANDLES,10
At-Risk Customers,MIRRORED WALL ART PHOTO FRAMES,10
At-Risk Customers,PAPER LANTERN 9 POINT SNOW STAR,10
At-Risk Customers,PINK POT PLANT CANDLE,10
At-Risk Customers,PINK ROSE WASHBAG,10
At-Risk Customers,POLYESTER FILLER PAD 30CMx30CM,10
At-Risk Customers,RAINBOW PEGS PHOTO CLIP STRING,10
At-Risk Customers,RED VINTAGE SPOT BEAKER,10
At-Risk Customers,SET OF 10 LANTERNS FAIRY LIGHT STAR,10
At-Risk Customers,SET OF 16 VINTAGE BLACK CUTLERY,10
At-Risk Customers,SET OF 3 BABUSHKA STACKING TINS,10
At-Risk Customers,SET OF 4 DIAMOND NAPKIN RINGS,10
At-Risk Customers,SET OF 4 FAIRY CAKE PLACEMATS,10
At-Risk Customers,SET OF 6 CAKE CHOPSTICKS,10
At-Risk Customers,SET OF 6 FUNKY BEAKERS,10
At-Risk Customers,SET OF 72 GREEN PAPER DOILIES,10
At-Risk Customers,SET/4 BADGES BALLOON GIRL,10
At-Risk Customers,SMALL CAMPHOR WOOD FIELD  MUSHROOM,10
At-Risk Customers,UNION FLAG WINDSOCK,10
At-Risk Customers,BEACH HUT SHELF W 3 DRAWERS,9
At-Risk Customers,BLACK DIAMANTE EXPANDABLE RING,9
At-Risk Customers,BLACK PIRATE TREASURE CHEST,9
At-Risk Customers,BLUE CUSHION COVER WITH FLOWER,9
At-Risk Customers,CAST IRON HOOK GARDEN FORK,9
At-Risk Customers,CAST IRON HOOK GARDEN TROWEL,9
At-Risk Customers,CHRISTMAS RETROSPOT ANGEL WOOD,9
At-Risk Customers,CREAM DELPHINIUM ARTIFICIAL FLOWER,9
At-Risk Customers,DAISY NOTEBOOK ,9
At-Risk Customers,FAIRY SOAP SOAP HOLDER,9
At-Risk Customers,FLAMES SUNGLASSES PINK LENSES,9
At-Risk Customers,FLYING PIG WATERING CAN,9
At-Risk Customers,FOLDING UMBRELLA BLACKBLUE POLKADOT,9
At-Risk Customers,FOLDING UMBRELLA CHOCOLATE POLKADOT,9
At-Risk Customers,GLASS  SONGBIRD STORAGE JAR,9
At-Risk Customers,GREEN JUICY FRUIT PHOTO FRAME,9
At-Risk Customers,IVORY EMBROIDERED QUILT ,9
At-Risk Customers,JARDIN ETCHED GLASS CHEESE DISH,9
At-Risk Customers,LARGE POPCORN HOLDER ,9
At-Risk Customers,LARGE ROUND WICKER PLATTER ,9
At-Risk Customers,MOTHER'S KITCHEN SPOON REST ,9
At-Risk Customers,OLD DOC RUSSEL METAL SIGN,9
At-Risk Customers,ORANGE TV TRAY TABLE ,9
At-Risk Customers,PAPER LANTERN 9 POINT HOLLY STAR S,9
At-Risk Customers,PARISIENNE SEWING BOX,9
At-Risk Customers,PARTY INVITES BALLOON GIRL,9
At-Risk Customers,PEACE SMALL WOOD LETTERS,9
At-Risk Customers,PINK HORSE SOCK PUPPET,9
At-Risk Customers,RED POLKADOT PUDDING BOWL,9
At-Risk Customers,RED STAR CARD HOLDER,9
At-Risk Customers,REGENCY CAKE SLICE,9
At-Risk Customers,SET/3 RABBITS FLOWER SKIPPPING ROPE,9
At-Risk Customers,SHOE SHINE BOX ,9
At-Risk Customers,SQUARECUSHION COVER PINK UNION FLAG,9
At-Risk Customers,YELLOW COAT RACK PARIS FASHION,9
At-Risk Customers,36 PENCILS TUBE POSY,8
At-Risk Customers,3D CHRISTMAS STAMPS STICKERS ,8
At-Risk Customers,4 BLUE DINNER CANDLES SILVER FLOCK,8
At-Risk Customers,5 STRAND GLASS NECKLACE CRYSTAL,8
At-Risk Customers,ASSORTED TUTTI FRUTTI NOTEBOOK,8
At-Risk Customers,ASSTD COL BUTTERFLY/CRYSTAL W/CHIME,8
At-Risk Customers,BEADED PEARL HEART WHITE ON STICK,8
At-Risk Customers,BLACK CHERRY LIGHTS,8
At-Risk Customers,BLACK DINER WALL CLOCK,8
At-Risk Customers,BLUE CHARLIE+LOLA PERSONAL DOORSIGN,8
At-Risk Customers,BLUE POLKADOT GARDEN PARASOL,8
At-Risk Customers,BLUE ROSE FABRIC MIRROR,8
At-Risk Customers,BOX OF 6 ASSORTED COLOUR TEASPOONS,8
At-Risk Customers,CARDHOLDER HOLLY WREATH METAL,8
At-Risk Customers,CHOC TRUFFLE GOLD TRINKET POT ,8
At-Risk Customers,CHRISTMAS HANGING STAR WITH BELL,8
At-Risk Customers,COOKING SET RETROSPOT,8
At-Risk Customers,CORONA MEXICAN TRAY,8
At-Risk Customers,CRYSTAL DIAMANTE EXPANDABLE RING,8
At-Risk Customers,CUT GLASS HEXAGON T-LIGHT HOLDER,8
At-Risk Customers,DIAMANTE BOW BROOCH RED COLOUR,8
At-Risk Customers,DOORMAT I LOVE LONDON,8
At-Risk Customers,EASTER TIN BUCKET,8
At-Risk Customers,EDWARDIAN PHOTO FRAME,8
At-Risk Customers,ELEPHANT CARNIVAL POUFFE,8
At-Risk Customers,ELVIS WALLHANGING / CURTAIN,8
At-Risk Customers,EUCALYPTUS & PINECONE  WREATH,8
At-Risk Customers,FOLDING UMBRELLA WHITE/RED POLKADOT,8
At-Risk Customers,FRENCH CARRIAGE LANTERN,8
At-Risk Customers,GLASS SPHERE CANDLE STAND MEDIUM,8
At-Risk Customers,GOLD FLOWER CUSHION COVER ,8
At-Risk Customers,GREEN ROSE WASHBAG,8
At-Risk Customers,GUMBALL MONOCHROME COAT RACK,8
At-Risk Customers,HOT WATER BOTTLE BABUSHKA LARGE,8
At-Risk Customers,ICE CREAM DESIGN GARDEN PARASOL,8
At-Risk Customers,ICON MUG REVOLUTIONARY,8
At-Risk Customers,IVORY WIRE SWEETHEART LETTER TRAY,8
At-Risk Customers,MINT GREEN ROSE TOWEL,8
At-Risk Customers,NOEL WOODEN BLOCK LETTERS ,8
At-Risk Customers,PAPER LANTERN 5 POINT SEQUIN STAR,8
At-Risk Customers,PAPER LANTERN 6 POINT SNOW STAR,8
At-Risk Customers,PING! MICROWAVE PLATE,8
At-Risk Customers,PINK & WHITE BREAKFAST TRAY,8
At-Risk Customers,PINK BUTTERFLY CUSHION COVER ,8
At-Risk Customers,PINK CHRISTMAS FLOCK DROPLET ,8
At-Risk Customers,PINK FLY SWAT,8
At-Risk Customers,PINK PADDED MOBILE,8
At-Risk Customers,RED FLOWER CROCHET FOOD COVER,8
At-Risk Customers,RETRO PLASTIC 70'S TRAY,8
At-Risk Customers,RIBBON REEL SOCKS AND MITTENS,8
At-Risk Customers,ROMANTIC IMAGES SCRAP BOOK SET,8
At-Risk Customers,S/2 ZINC HEART DESIGN PLANTERS,8
At-Risk Customers,SET OF 12 MINI LOAF BAKING CASES,8
At-Risk Customers,SET OF 2 ROUND TINS DUTCH CHEESE,8
At-Risk Customers,SET OF 3 GOLD FLYING DUCKS,8
At-Risk Customers,SET OF 36 MUSHROOM PAPER DOILIES,8
At-Risk Customers,SET/6 PINK BIRD T-LIGHT CANDLES,8
At-Risk Customers,SILVER BRACELET W PASTEL FLOWER,8
At-Risk Customers,SKULL DESIGN TV DINNER TRAY,8
At-Risk Customers,SMALL ZINC HEART WALL ORGANISER,8
At-Risk Customers,SOFT PINK ROSE TOWEL ,8
At-Risk Customers,STRAWBERRY DREAM CHILDS UMBRELLA,8
At-Risk Customers,SUNFLOWER DECORATIVE PARASOL,8
At-Risk Customers,TOMATO CHARLIE+LOLA COASTER SET,8
At-Risk Customers,VINTAGE KEEPSAKE BOX TRAVELOGUE,8
At-Risk Customers,WHITE BAMBOO RIBS LAMPSHADE,8
At-Risk Customers,WHITE WIRE PLANT POT HOLDER,8
At-Risk Customers,WOVEN BUBBLE GUM CUSHION COVER,8
At-Risk Customers,WOVEN ROSE GARDEN CUSHION COVER ,8
At-Risk Customers,WOVEN SUNSET CUSHION COVER ,8
At-Risk Customers,YELLOW BREAKFAST CUP AND SAUCER,8
At-Risk Customers,YELLOW/ORANGE FLOWER DESIGN PLATE,8
At-Risk Customers,ZINC HEART LATTICE CHARGER LARGE,8
At-Risk Customers,ZINC HEARTS PLANT POT HOLDER,8
At-Risk Customers,ZINC STAR T-LIGHT HOLDER ,8
At-Risk Customers,12 PINK ROSE PEG PLACE SETTINGS,7
At-Risk Customers,ABSTRACT CIRCLES POCKET BOOK,7
At-Risk Customers,AMBER DIAMANTE EXPANDABLE RING,7
At-Risk Customers,AMETHYST DIAMANTE EXPANDABLE RING,7
At-Risk Customers,BLACK GRAND BAROQUE PHOTO FRAME,7
At-Risk Customers,BLUE NEW BAROQUE CANDLESTICK CANDLE,7
At-Risk Customers,BLUE PAISLEY TISSUE BOX,7
At-Risk Customers,BLUE SCOTTIE DOG W FLOWER PATTERN,7
At-Risk Customers,BOX/12 CHICK & EGG IN BASKET,7
At-Risk Customers,BUNDLE OF 3 SCHOOL EXERCISE BOOKS  ,7
At-Risk Customers,CHARLIE+LOLA RED HOT WATER BOTTLE ,7
At-Risk Customers,CHRISTMAS RETROSPOT STAR WOOD,7
At-Risk Customers,CHRYSANTHEMUM NOTEBOOK,7
At-Risk Customers,CINAMMON & ORANGE WREATH,7
At-Risk Customers,COSY SLIPPER SHOES SMALL GREEN,7
At-Risk Customers,DOORSTOP FOOTBALL DESIGN,7
At-Risk Customers,DROP DIAMANTE EARRINGS CRYSTAL,7
At-Risk Customers,ENCHANTED BIRD PLANT CAGE,7
At-Risk Customers,FORKED CACTUS CANDLE,7
At-Risk Customers,GLASS CHALICE GREEN  SMALL ,7
At-Risk Customers,GLITTER CHRISTMAS TREE,7
At-Risk Customers,GOLD FISHING GNOME,7
At-Risk Customers,GREEN EASTER EGG HUNT START POST,7
At-Risk Customers,GREEN HEART OF GLASS BRACELET,7
At-Risk Customers,IVORY CHANDELIER T-LIGHT HOLDER,7
At-Risk Customers,JOY WOODEN BLOCK LETTERS,7
At-Risk Customers,KENSINGTON COFFEE SET,7
At-Risk Customers,MEDINA STAMPED METAL STOOL,7
At-Risk Customers,METAL MERRY CHRISTMAS WREATH,7
At-Risk Customers,MIRROR MOSAIC VOTIVE HOLDER,7
At-Risk Customers,MIRRORED WALL ART TABLE LAMP,7
At-Risk Customers,MISTLETOE HEART WREATH GREEN,7
At-Risk Customers,PACK 6 HEART/ICE-CREAM PATCHES,7
At-Risk Customers,PAINTED METAL HEART WITH HOLLY BELL,7
At-Risk Customers,PAPER LANTERN 7 POINT SNOW STAR,7
At-Risk Customers,PAPER LANTERN 9 POINT DELUXE STAR,7
At-Risk Customers,PINK SCOTTIE DOG W FLOWER PATTERN,7
At-Risk Customers,RETRO PINK BALL ASHTRAY ,7
At-Risk Customers,SET/3 DECOUPAGE STACKING TINS,7
At-Risk Customers,SET/9 CHRISTMAS T-LIGHTS SCENTED ,7
At-Risk Customers,SILVER FISHING GNOME ,7
At-Risk Customers,SQUARE FLOOR CUSHION VINTAGE RED,7
At-Risk Customers,STAR DECORATION RUSTIC,7
At-Risk Customers,STARFISH SOAP DISH,7
At-Risk Customers,TOOL BOX SOFT TOY ,7
At-Risk Customers,TRAVEL CARD WALLET I LOVE LONDON,7
At-Risk Customers,WAKE UP COCKEREL TILE HOOK,7
At-Risk Customers,WHITE HAND TOWEL WITH BUTTERFLY,7
At-Risk Customers,WHITE HANGING BEADS CANDLE HOLDER,7
At-Risk Customers,WHITE SOAP RACK WITH 2 BOTTLES,7
At-Risk Customers,WHITE WICKER STAR ,7
At-Risk Customers, 4 PURPLE FLOCK DINNER CANDLES,6
At-Risk Customers,3 GARDENIA MORRIS BOXED CANDLES,6
At-Risk Customers,3D DOG PICTURE PLAYING CARDS,6
At-Risk Customers,"ACRYLIC JEWEL SNOWFLAKE,PINK",6
At-Risk Customers,ANTIQUE ALL GLASS CANDLESTICK,6
At-Risk Customers,ANTIQUE IVORY WIRE BOWL SMALL,6
At-Risk Customers,ASSORTED TUTTI FRUTTI LARGE PURSE,6
At-Risk Customers,BIRDCAGE DECORATION TEALIGHT HOLDER,6
At-Risk Customers,BLACK BIRD GARDEN DESIGN MUG,6
At-Risk Customers,BLUE FLY SWAT,6
At-Risk Customers,BLUE HANGING GINGHAM EASTER HEN,6
At-Risk Customers,BLUE KNITTED EGG COSY,6
At-Risk Customers,BLUE/YELLOW FLOWER DESIGN BIG MUG,6
At-Risk Customers,"BUNTING , SPOTTY ",6
At-Risk Customers,BUTTERFLY HAIR BAND,6
At-Risk Customers,CABIN BAG VINTAGE PAISLEY,6
At-Risk Customers,CALENDAR FAMILY FAVOURITES,6
At-Risk Customers,CANDY SPOT CUSHION COVER,6
At-Risk Customers,CERAMIC STRAWBERRY TRINKET TRAY,6
At-Risk Customers,CHEST NATURAL WOOD 20 DRAWERS,6
At-Risk Customers,CHRYSANTHEMUM  JOURNAL,6
At-Risk Customers,CHRYSANTHEMUM SKETCHBOOK ,6
At-Risk Customers,DIAMANTE BOW BROOCH BLACK COLOUR,6
At-Risk Customers,DOGGY RUBBER,6
At-Risk Customers,DOUBLE CERAMIC PARLOUR HOOK,6
At-Risk Customers,DRAWER KNOB CRACKLE GLAZE BLUE,6
At-Risk Customers,DRAWER KNOB CRACKLE GLAZE IVORY,6
At-Risk Customers,DRAWER KNOB CRACKLE GLAZE PINK,6
At-Risk Customers,DRAWER KNOB VINTAGE GLASS BALL,6
At-Risk Customers,DRAWER KNOB VINTAGE GLASS HEXAGON,6
At-Risk Customers,DRAWER KNOB VINTAGE GLASS STAR,6
At-Risk Customers,DROP DIAMANTE EARRINGS BLACK DIAMON,6
At-Risk Customers,ENGLISH ROSE METAL WASTE BIN,6
At-Risk Customers,ENGLISH ROSE SPIRIT LEVEL ,6
At-Risk Customers,FIRE POLISHED GLASS BRACELET MONTAN,6
At-Risk Customers,FIRE POLISHED GLASS BRACELET RED,6
At-Risk Customers,FIRST CLASS HOLIDAY PURSE ,6
At-Risk Customers,FIRST CLASS LUGGAGE TAG ,6
At-Risk Customers,FLOWERS TILE HOOK,6
At-Risk Customers,FOLDING UMBRELLA CREAM POLKADOT,6
At-Risk Customers,GOLD/AMBER DROP EARRINGS W LEAF,6
At-Risk Customers,GOLDIE LOOKING MIRROR,6
At-Risk Customers,GREEN ENAMEL FLOWER RING,6
At-Risk Customers,GREEN GOOSE FEATHER CHRISTMAS TREE ,6
At-Risk Customers,HI TEC ALPINE HAND WARMER,6
At-Risk Customers,HOUSE WRECKING METAL SIGN ,6
At-Risk Customers,INCENSE BAZAAR PEACH,6
At-Risk Customers,IVORY PILLAR CANDLE GOLD FLOCK,6
At-Risk Customers,IVORY WIRE KITCHEN ORGANISER,6
At-Risk Customers,IVY HEART WREATH,6
At-Risk Customers,LADLE LOVE HEART PINK,6
At-Risk Customers,LADLE LOVE HEART RED ,6
At-Risk Customers,LARGE JEWELLERY STAND,6
At-Risk Customers,LARGE ZINC HEART WALL ORGANISER,6
At-Risk Customers,LAUREL HEART ANTIQUE SILVER,6
At-Risk Customers,LAUREL STAR ANTIQUE SILVER ,6
At-Risk Customers,LUSH GREENS RIBBONS,6
At-Risk Customers,MADRAS NOTEBOOK MEDIUM,6
At-Risk Customers,MAGIC DRAWING SLATE LEAP FROG ,6
At-Risk Customers,MEDIUM PINK BUDDHA HEAD ,6
At-Risk Customers,MONEY BOX CONFECTIONERY DESIGN,6
At-Risk Customers,ORANGE/WHT/FUSCHIA STONES NECKLACE,6
At-Risk Customers,OVERNIGHT BAG VINTAGE ROSE PAISLEY,6
At-Risk Customers,PAISLEY PATTERN  STICKERS,6
At-Risk Customers,PAPER LANTERN 9 POINT HOLLY STAR L,6
At-Risk Customers,PARTY PIZZA DISH GREEN POLKADOT,6
At-Risk Customers,PIN CUSHION BABUSHKA RED,6
At-Risk Customers,PINK BUTTERFLY CUSHION COVER,6
At-Risk Customers,PINK FLOCK GLASS CANDLEHOLDER,6
At-Risk Customers,PINK HANGING GINGHAM EASTER HEN,6
At-Risk Customers,PINK HYDRANGEA ART FLOWER,6
At-Risk Customers,PINK KNITTED EGG COSY,6
At-Risk Customers,PINK POLKADOT GARDEN PARASOL,6
At-Risk Customers,PINK/BLUE STRING CURTAIN ,6
At-Risk Customers,PURPLE ENAMEL FLOWER RING,6
At-Risk Customers,PURPLE FOXGLOVE ARTIIFCIAL FLOWER,6
At-Risk Customers,RED ENAMEL FLOWER RING,6
At-Risk Customers,RIDGED GLASS STORAGE JAR CREAM LID,6
At-Risk Customers,ROCKING HORSE GREEN CHRISTMAS ,6
At-Risk Customers,SCENTED CANDLE IN DIGITALIS TIN,6
At-Risk Customers,SET OF 16 VINTAGE ROSE CUTLERY,6
At-Risk Customers,SET OF 2 CERAMIC PAINTED HEARTS ,6
At-Risk Customers,SET OF 4 KNICK KNACK TINS LEAVES ,6
At-Risk Customers,SET OF 6 T-LIGHTS WEDDING CAKE ,6
At-Risk Customers,SET OF SKULL WALL STICKERS,6
At-Risk Customers,SET/3 POT PLANT CANDLES,6
At-Risk Customers,SILVER APERITIF GLASS,6
At-Risk Customers,SILVER DIAMANTE PEN IN GIFT BOX,6
At-Risk Customers,SILVER DISCO HANDBAG,6
At-Risk Customers,SILVER FABRIC MIRROR,6
At-Risk Customers,SILVER/CRYSTAL DROP EARRINGS W LEAF,6
At-Risk Customers,SINGLE WIRE HOOK PINK HEART,6
At-Risk Customers,SMALL BONNE JAM JAR  T-LIGHT HOLDER,6
At-Risk Customers,SMALL CHUNKY GLASS ROMAN  BOWL,6
At-Risk Customers,SMALL JEWELLERY STAND,6
At-Risk Customers,SMALL SINGLE FLAME CANDLE HOLDER,6
At-Risk Customers,SMALL WHITE/PINK ROSE ART FLOWER,6
At-Risk Customers,STEEL SWEETHEART ROUND TABLE CREAM,6
At-Risk Customers,STORAGE TIN VINTAGE LEAF,6
At-Risk Customers,STRING OF STARS CARD HOLDER,6
At-Risk Customers,STRIPES DESIGN MONKEY DOLL,6
At-Risk Customers,SUMMER DAISIES BAG CHARM,6
At-Risk Customers,SWALLOW SQUARE TISSUE BOX,6
At-Risk Customers,TEA COSY BLUE STRIPE,6
At-Risk Customers,TROPICAL PASSPORT COVER ,6
At-Risk Customers,VINTAGE ENAMEL & CRYSTAL EARRINGS,6
At-Risk Customers,VINTAGE KITCHEN PRINT SEAFOOD,6
At-Risk Customers,VINTAGE KITCHEN PRINT VEGETABLES,6
At-Risk Customers,VINTAGE NOTEBOOK TRAVELOGUE,6
At-Risk Customers,WHITE CHRYSANTHEMUMS ART FLOWER,6
At-Risk Customers,WHITE SQUARE TABLE CLOCK,6
At-Risk Customers,WINE BOTTLE DRESSING DARK BLUE,6
At-Risk Customers,WOVEN BERRIES CUSHION COVER ,6
At-Risk Customers,WOVEN CANDY CUSHION COVER ,6
At-Risk Customers,ZINC SWEETHEART SOAP DISH,6
At-Risk Customers,ZINC SWEETHEART WIRE LETTER RACK,6
At-Risk Customers,BLUE FLOWER DES PURSE,5
At-Risk Customers,BLUE HEART COMPACT MIRROR,5
At-Risk Customers,BLUE JUICY FRUIT PHOTO FRAME,5
At-Risk Customers,BLUE STRIPES SHOULDER BAG,5
At-Risk Customers,CAROUSEL PONIES BABY BIB,5
At-Risk Customers,CHARLIE LOLA BLUE HOT WATER BOTTLE ,5
At-Risk Customers,CHUNKY SILVER NECKLACE PASTEL FLOWE,5
At-Risk Customers,COLOURFUL FLOWER FRUIT BOWL,5
At-Risk Customers,CUPID SCENTED CANDLE IN GLASS,5
At-Risk Customers,DECORATION WOBBLY CHICKEN,5
At-Risk Customers,DIAMANTE BOW BROOCH GREEN COLOUR,5
At-Risk Customers,EASTER TREE YELLOW BIRDS,5
At-Risk Customers,EIGHT PIECE DINOSAUR SET,5
At-Risk Customers,FUSCHIA FLOWER PURSE WITH BEADS,5
At-Risk Customers,GIANT 50'S CHRISTMAS CRACKER,5
At-Risk Customers,GLITTER CHRISTMAS STAR ,5
At-Risk Customers,GLITTER HEART DECORATION,5
At-Risk Customers,HILDA CANDY SPOT RABBIT,5
At-Risk Customers,HOLLY TOP CHRISTMAS STOCKING,5
At-Risk Customers,LA PALMIERA TILE HOOK,5
At-Risk Customers,LARGE  TALL CAMPHOR WOOD TOADSTOOL ,5
At-Risk Customers,MILK PAN PINK POLKADOT,5
At-Risk Customers,MIRROR CORNICE,5
At-Risk Customers,PERIWINKLE T-LIGHT HOLDER,5
At-Risk Customers,PINK BOUDICCA LARGE BRACELET,5
At-Risk Customers,PINK HEART OF GLASS BRACELET,5
At-Risk Customers,ROSE DU SUD WASHBAG ,5
At-Risk Customers,SET OF 16 VINTAGE SKY BLUE CUTLERY,5
At-Risk Customers,SET/4 BLUE FLOWER CANDLES IN BOWL,5
At-Risk Customers,SET/4 DAISY MIRROR MAGNETS,5
At-Risk Customers,SILVER CHRISTMAS TREE BAUBLE STAND ,5
At-Risk Customers,SILVER TEDDY BEAR,5
At-Risk Customers,SPACE CADET RED,5
At-Risk Customers,STAR  T-LIGHT HOLDER ,5
At-Risk Customers,URBAN BLACK RIBBONS ,5
At-Risk Customers,WHITE ALLIUM  ARTIFICIAL FLOWER,5
At-Risk Customers,WHITE TISSUE REAM,5
At-Risk Customers,4 BURGUNDY WINE DINNER CANDLES,4
At-Risk Customers,ANTIQUE CREAM CUTLERY SHELF ,4
At-Risk Customers,ASS FLORAL PRINT SPIRIT LEVEL ,4
At-Risk Customers,BAG OF SILVER STONES,4
At-Risk Customers,BEACH HUT MIRROR,4
At-Risk Customers,BLACK VINTAGE  CRYSTAL EARRINGS,4
At-Risk Customers,BLUE GEISHA GIRL ,4
At-Risk Customers,BLUE ROUND COMPACT MIRROR,4
At-Risk Customers,BROWN  PIRATE TREASURE CHEST ,4
At-Risk Customers,CAKE STAND VICTORIAN FILIGREE SMALL,4
At-Risk Customers,CHRISTMAS CRAFT WHITE FAIRY ,4
At-Risk Customers,CHRISTMAS LIGHTS 10 SANTAS ,4
At-Risk Customers,COLUMBIAN CANDLE RECTANGLE,4
At-Risk Customers,COSY SLIPPER SHOES SMALL  RED ,4
At-Risk Customers,CREAM SWEETHEART WALL CABINET,4
At-Risk Customers,DAIRY MAID  PUDDING BOWL,4
At-Risk Customers,DECORATION WOBBLY RABBIT METAL ,4
At-Risk Customers,DOLLCRAFT BOY JEAN-PAUL ,4
At-Risk Customers,DOLLCRAFT GIRL AMELIE,4
At-Risk Customers,DOORMAT CHRISTMAS VILLAGE,4
At-Risk Customers,DOORMAT PEACE ON EARTH BLUE,4
At-Risk Customers,EDWARDIAN HEART PHOTO FRAME,4
At-Risk Customers,EGG FRYING PAN IVORY ,4
At-Risk Customers,EMPIRE UNION JACK TV DINNER TRAY,4
At-Risk Customers,FLOOR CUSHION ELEPHANT CARNIVAL,4
At-Risk Customers,FRENCH CHATEAU OVAL PLATTER,4
At-Risk Customers,FUSCHIA TABLE RUN FLOWER ,4
At-Risk Customers,GEMSTONE CHANDELIER T-LIGHT HOLDER,4
At-Risk Customers,GEORGIAN TRINKET BOX,4
At-Risk Customers,GLASS BEAD HOOP EARRINGS AMETHYST,4
At-Risk Customers,GLASS BEAD HOOP EARRINGS BLACK,4
At-Risk Customers,GLASS BELL JAR SMALL,4
At-Risk Customers,GLOW IN DARK DOLPHINS,4
At-Risk Customers,GOLD EAR MUFF HEADPHONES,4
At-Risk Customers,GREEN DROP EARRINGS W BEAD CLUSTER,4
At-Risk Customers,GREEN FERN NOTEBOOK,4
At-Risk Customers,GREEN FERN POCKET BOOK,4
At-Risk Customers,GREEN GEISHA GIRL ,4
At-Risk Customers,GREEN MURANO TWIST BRACELET,4
At-Risk Customers,GREEN WIRE STANDING CANDLE HOLDER,4
At-Risk Customers,GREEN/BLUE FLOWER DESIGN BIG MUG,4
At-Risk Customers,HAND TOWEL PALE BLUE W FLOWERS,4
At-Risk Customers,HANGING BAUBLE T-LIGHT HOLDER LARGE,4
At-Risk Customers,HEART SHAPED HOLLY WREATH,4
At-Risk Customers,HEARTS WRAPPING TAPE ,4
At-Risk Customers,HEN PARTY CORDON BARRIER TAPE,4
At-Risk Customers,IVORY STRING CURTAIN WITH POLE ,4
At-Risk Customers,JARDIN ETCHED GLASS LARGE BELL JAR,4
At-Risk Customers,JINGLE BELL HEART ANTIQUE SILVER,4
At-Risk Customers,KITCHEN FLOWER POTS WALL PLAQUE,4
At-Risk Customers,KITTENS DESIGN FLANNEL,4
At-Risk Customers,LOVE SEAT ANTIQUE WHITE METAL,4
At-Risk Customers,MADRAS NOTEBOOK LARGE ,4
At-Risk Customers,MILK BOTTLE WITH GLASS STOPPER ,4
At-Risk Customers,MIRRORED WALL ART SPLODGES,4
At-Risk Customers,MOP PENDANT SHELL NECKLACE,4
At-Risk Customers,MURANO STYLE GLASS BRACELET BLACK,4
At-Risk Customers,Next Day Carriage,4
At-Risk Customers,PAIR BUTTERFLY HAIR CLIPS,4
At-Risk Customers,PAIR PADDED HANGERS PINK CHECK,4
At-Risk Customers,PAPER LANTERN 5 POINT STAR MOON 30,4
At-Risk Customers,PAPER LANTERN 9 POINT HOLLY STAR 40,4
At-Risk Customers,"PEARL & SHELL 42""NECKL. GREEN",4
At-Risk Customers,PINK CAT BOWL,4
At-Risk Customers,PINK CHERRY LIGHTS,4
At-Risk Customers,PINK DOG BOWL,4
At-Risk Customers,PINK FLOWER CROCHET FOOD COVER,4
At-Risk Customers,PINK SWEETHEART BRACELET,4
At-Risk Customers,PINK TALL PORCELAIN T-LIGHT HOLDER ,4
At-Risk Customers,POLYESTER FILLER PAD 65CMx65CM,4
At-Risk Customers,QUEEN OF THE SKIES PASSPORT COVER ,4
At-Risk Customers,RED DRAGONFLY HELICOPTER,4
At-Risk Customers,RED RETROSPOT WASHBAG,4
At-Risk Customers,"RETRO PILL BOX , REVOLUTIONARY",4
At-Risk Customers,"RETRO TIN ASHTRAY,REVOLUTIONARY",4
At-Risk Customers,SET OF 4 NAPKIN CHARMS LEAVES   ,4
At-Risk Customers,SET OF 6 ICE CREAM SKITTLES,4
At-Risk Customers,SET/3 POLKADOT STACKING TINS,4
At-Risk Customers,SILVER DROP EARRINGS WITH FLOWER,4
At-Risk Customers,SILVER M.O.P ORBIT BRACELET,4
At-Risk Customers,SILVER STANDING GNOME   ,4
At-Risk Customers,SKULLS SQUARE TISSUE BOX,4
At-Risk Customers,SMALL POP BOX FUNKY MONKEY,4
At-Risk Customers,"STRING OF 8 BUTTERFLIES,PINK",4
At-Risk Customers,STRIPES DESIGN TEDDY,4
At-Risk Customers,TEATIME PEN CASE & PENS,4
At-Risk Customers,TRAVEL CARD WALLET FLOWER MEADOW,4
At-Risk Customers,TROPICAL LUGGAGE TAG,4
At-Risk Customers,VINTAGE BLUE KITCHEN CABINET,4
At-Risk Customers,VINTAGE ENAMEL & CRYSTAL NECKLACE,4
At-Risk Customers,VINTAGE GLASS COFFEE CADDY,4
At-Risk Customers,VINTAGE KEEPSAKE BOX PARIS DAYS,4
At-Risk Customers,VINTAGE ROSE BEAD BRACELET RASPBERR,4
At-Risk Customers,VINTAGE WOODEN BAR STOOL,4
At-Risk Customers,VINYL RECORD FRAME SILVER,4
At-Risk Customers,WHITE CHRISTMAS GARLAND STARS TREES,4
At-Risk Customers,WHITE STITCHED CUSHION COVER,4
At-Risk Customers,WHITE TRAVEL ALARM CLOCK,4
At-Risk Customers,WHITE VINTAGE CRYSTAL BRACELET,4
At-Risk Customers,WHITE VINTAGE CRYSTAL EARRINGS,4
At-Risk Customers,WHITE/PINK MINI CRYSTALS NECKLACE,4
At-Risk Customers,WOODEN BOX ADVENT CALENDAR ,4
At-Risk Customers,WOODEN TREE CHRISTMAS SCANDINAVIAN,4
At-Risk Customers,ZINC HEART LATTICE CHARGER SMALL,4
At-Risk Customers,ADVENT CALENDAR GINGHAM SACK,3
At-Risk Customers,AMETHYST HOOP EARRING FLORAL LEAF,3
At-Risk Customers,ANT COPPER RED BOUDICCA BRACELET,3
At-Risk Customers,BEST DAD CANDLE LETTERS,3
At-Risk Customers,BLACK CHUNKY BEAD BRACELET W STRAP,3
At-Risk Customers,BLACK SWEETHEART BRACELET,3
At-Risk Customers,BLUE CIRCLES DESIGN MONKEY DOLL,3
At-Risk Customers,BLUE PAISLEY NOTEBOOK,3
At-Risk Customers,BUTTONS AND STRIPES NOTEBOOK ,3
At-Risk Customers,CANDY SPOT BUNNY,3
At-Risk Customers,CINDERELLA CHANDELIER ,3
At-Risk Customers,CLAM SHELL LARGE,3
At-Risk Customers,COPPER/OLIVE GREEN FLOWER NECKLACE,3
At-Risk Customers,CRACKED GLAZE NECKLACE IVORY,3
At-Risk Customers,CRACKED GLAZE NECKLACE RED,3
At-Risk Customers,CROCHET ROSE PURSE WITH SUEDE BACK,3
At-Risk Customers,CRYSTAL CHANDELIER T-LIGHT HOLDER,3
At-Risk Customers,DIAMANTE HAIR GRIP PACK/2 RUBY,3
At-Risk Customers,DOILEY STORAGE TIN,3
At-Risk Customers,EAU DE NILE HEART SHAPE PHOTO FRAME,3
At-Risk Customers,ECONOMY LUGGAGE TAG,3
At-Risk Customers,ENAMEL BLUE RIM BISCUIT BIN,3
At-Risk Customers,ENGLISH ROSE NOTEBOOK A6 SIZE,3
At-Risk Customers,ENGLISH ROSE SCENTED HANGING HEART,3
At-Risk Customers,FLOWER BLUE CLOCK WITH SUCKER,3
At-Risk Customers,FLOWER GARLAND NECKLACE RED,3
At-Risk Customers,"FLOWER GLASS GARLAND NECKL.36""BLACK",3
At-Risk Customers,"FLOWER GLASS GARLAND NECKL.36""GREEN",3
At-Risk Customers,FLOWER PURPLE CLOCK W/SUCKER,3
At-Risk Customers,FOLK FELT HANGING MULTICOL GARLAND,3
At-Risk Customers,FRENCH ENAMEL UTENSIL HOLDER,3
At-Risk Customers,FRENCH STYLE EMBOSSED HEART CABINET,3
At-Risk Customers,FRESHWATER PEARL BRACELET GOLD,3
At-Risk Customers,GLASS BONNE JAM JAR,3
At-Risk Customers,GOLD M.O.P ORBIT DROP EARRINGS,3
At-Risk Customers,GOLD/M.O.P PENDANT ORBIT NECKLACE,3
At-Risk Customers,GREEN FERN JOURNAL ,3
At-Risk Customers,HEART GARLAND RUSTIC PADDED,3
At-Risk Customers,IVORY PENDANT TRIPLE SHELL NECKLACE,3
At-Risk Customers,JET BLACK LAS VEGAS BRACELET ROUND,3
At-Risk Customers,JINGLE BELLS TREE DECORATION,3
At-Risk Customers,"LARGE CAKE TOWEL, CHOCOLATE SPOTS",3
At-Risk Customers,LARGE CAMPHOR WOOD FIELD MUSHROOM ,3
At-Risk Customers,LONG SILVER NECKLACE PASTEL FLOWER,3
At-Risk Customers,MIDNIGHT BLUE COPPER FLOWER NECKLAC,3
At-Risk Customers,MIRRORED WALL ART GENTS,3
At-Risk Customers,MONEY BOX FIRST ADE DESIGN,3
At-Risk Customers,MURANO STYLE GLASS BRACELET RED,3
At-Risk Customers,NECKLACE+BRACELET SET FRUIT SALAD ,3
At-Risk Customers,NINJA RABBIT BLACK,3
At-Risk Customers,OYSTER TRINKET BOX,3
At-Risk Customers,PAINTED METAL STAR WITH HOLLY BELLS,3
At-Risk Customers,PALE PINK/AMETHYST STONE NECKLACE,3
At-Risk Customers,PASTEL PINK PHOTO ALBUM ,3
At-Risk Customers,PINK FELT EASTER RABBIT GARLAND,3
At-Risk Customers,PINK FOXGLOVE ARTIIFCIAL FLOWER,3
At-Risk Customers,PINK HAWAIIAN PICNIC HAMPER FOR 2,3
At-Risk Customers,PINK HEARTS PAPER GARLAND,3
At-Risk Customers,PINK JEWELLED PHOTO FRAME,3
At-Risk Customers,PINK YELLOW PATCH CUSHION COVER,3
At-Risk Customers,PINK/FLOWER RABBIT EGG WARMER ,3
At-Risk Customers,PURPLE BOUDICCA LARGE BRACELET,3
At-Risk Customers,PURPLE LAS VEGAS BRACELET ROUND,3
At-Risk Customers,QUEEN OF SKIES LUGGAGE TAG,3
At-Risk Customers,RASPBERRY ANT COPPER FLOWER NECKLAC,3
At-Risk Customers,ROBIN CHRISTMAS CARD,3
At-Risk Customers,ROSE DU SUD DRAWSTRING BAG,3
At-Risk Customers,RUSTIC  SEVENTEEN DRAWER SIDEBOARD,3
At-Risk Customers,S/15 SILVER GLASS BAUBLES IN BAG,3
At-Risk Customers,S/2 BEACH HUT TREASURE CHESTS,3
At-Risk Customers,SET 10 NIGHT OWL LIGHTS,3
At-Risk Customers,SET OF 2 CHRISTMAS DECOUPAGE CANDLE,3
At-Risk Customers,SET OF 4 POLKADOT PLACEMATS ,3
At-Risk Customers,SET OF 6 HEART CHOPSTICKS,3
At-Risk Customers,SET/12 FUNKY FELT FLOWER PEG IN BAG,3
At-Risk Customers,SET/4 COLOURFUL MIXING BOWLS,3
At-Risk Customers,SILVER JEWELLED MIRROR TRINKET TRAY,3
At-Risk Customers,SKULLS STORAGE BOX SMALL,3
At-Risk Customers,SPACE OWL,3
At-Risk Customers,SPOTS ON RED BOOKCOVER TAPE,3
At-Risk Customers,SUNSET COLOUR CHUNKY KNITTED THROW,3
At-Risk Customers,TREASURE TIN GYMKHANA DESIGN,3
At-Risk Customers,VINTAGE BEAD PINK PURSE ,3
At-Risk Customers,WOODEN ADVENT CALENDAR CREAM,3
At-Risk Customers,YELLOW SHARK HELICOPTER,3
At-Risk Customers,YELLOW/PINK FLOWER DESIGN BIG MUG,3
At-Risk Customers,3D VINTAGE CHRISTMAS STICKERS ,2
At-Risk Customers,5 STRAND GLASS NECKLACE BLACK,2
At-Risk Customers,75 GREEN FAIRY CAKE CASES,2
At-Risk Customers,AMBER CHUNKY GLASS+BEAD NECKLACE,2
At-Risk Customers,AMETHYST CHUNKY BEAD BRACELET W STR,2
At-Risk Customers,ANTIQUE CREAM CUTLERY CUPBOARD,2
At-Risk Customers,ANTIQUE MID BLUE FLOWER EARRINGS,2
At-Risk Customers,ANTIQUE OLIVE GREEN FLOWER EARRINGS,2
At-Risk Customers,ANTIQUE RASPBERRY FLOWER EARRINGS,2
At-Risk Customers,BIRD BOX CHRISTMAS TREE DECORATION,2
At-Risk Customers,BLACK BAROQUE WALL CLOCK ,2
At-Risk Customers,BLACK MEDIUM GLASS CAKE STAND,2
At-Risk Customers,BLACK MINI TAPE MEASURE ,2
At-Risk Customers,BLUE CRUSOE CHECK LAMPSHADE,2
At-Risk Customers,BLUE DAISY MOBILE,2
At-Risk Customers,BLUE GINGHAM ROSE CUSHION COVER,2
At-Risk Customers,BLUE ROSE PATCH PURSE PINK BUTTERFL,2
At-Risk Customers,BLUE SAVANNAH PICNIC HAMPER FOR 2,2
At-Risk Customers,BLUE TABLE RUN FLOWER,2
At-Risk Customers,Bank Charges,2
At-Risk Customers,"CAKESTAND, 3 TIER, LOVEHEART",2
At-Risk Customers,CAMOUFLAGE EAR MUFF HEADPHONES,2
At-Risk Customers,CAROUSEL DESIGN WASHBAG,2
At-Risk Customers,CHALKBOARD KITCHEN ORGANISER,2
At-Risk Customers,CHERRY BLOSSOM CANVAS ART PICTURE,2
At-Risk Customers,CHERUB HEART DECORATION GOLD,2
At-Risk Customers,"CHRISTMAS GARLAND STARS,TREES",2
At-Risk Customers,CHRISTMAS TREE T-LIGHT HOLDER,2
At-Risk Customers,COTE D'AZURE NECKLACE,2
At-Risk Customers,DANISH ROSE BEDSIDE CABINET,2
At-Risk Customers,DECORATIVE CATS BATHROOM BOTTLE,2
At-Risk Customers,DIAMANTE HAIR GRIP PACK/2 BLACK DIA,2
At-Risk Customers,EASTER BUNNY WREATH,2
At-Risk Customers,ECONOMY HOLIDAY PURSE,2
At-Risk Customers,EGG FRYING PAN RED ,2
At-Risk Customers,FLOWER PURPLE CLOCK WITH SUCKER,2
At-Risk Customers,FOLDING SHOE TIDY,2
At-Risk Customers,FREESTYLE CANVAS ART PICTURE,2
At-Risk Customers,FRUIT TREE AND BIRDS WALL PLAQUE,2
At-Risk Customers,GARLAND WITH STARS AND BELLS,2
At-Risk Customers,GLASS BEAD HOOP NECKLACE BLACK,2
At-Risk Customers,GLASS BELL JAR LARGE,2
At-Risk Customers,GLITTER STAR GARLAND WITH BELLS ,2
At-Risk Customers,GREEN GLASS TASSLE BAG CHARM,2
At-Risk Customers,GREEN METAL BOX TOP SECRET,2
At-Risk Customers,GREEN SWEETHEART BRACELET,2
At-Risk Customers,HEART BUTTONS JEWELLERY BOX,2
At-Risk Customers,JET BLACK LAS VEGAS NECKLACE 45CM,2
At-Risk Customers,LAUREL HEART ANTIQUE GOLD,2
At-Risk Customers,LAVENDER INCENSE 40 CONES IN TIN,2
At-Risk Customers,LIGHTHOUSE PRINTED METAL SIGN,2
At-Risk Customers,LITTLE PINK MONSTER SOFT TOY,2
At-Risk Customers,MAGIC SHEEP WOOL GROWING FROM PAPER,2
At-Risk Customers,MARIE ANTOINETTE TRINKET BOX GOLD,2
At-Risk Customers,MARIE ANTOINETTE TRINKET BOX SILVER,2
At-Risk Customers,MIRRORED WALL ART FOXY,2
At-Risk Customers,MIRRORED WALL ART LADIES,2
At-Risk Customers,MIXED NUTS LIGHT GREEN BOWL,2
At-Risk Customers,MOROCCAN BEATEN METAL DISH,2
At-Risk Customers,MOROCCAN BEATEN METAL DISH LARGE,2
At-Risk Customers,MULTICOLOUR EASTER RABBIT ,2
At-Risk Customers,NEW BAROQUE B'FLY NECKLACE CRYSTAL,2
At-Risk Customers,NEW BAROQUE B'FLY NECKLACE GREEN,2
At-Risk Customers,NEW BAROQUE BLACK PHOTO ALBUM,2
At-Risk Customers,NEW BAROQUE SMALL NECKLACE BLACK,2
At-Risk Customers,NUMBER TILE VINTAGE FONT 2,2
At-Risk Customers,OCEAN STRIPE HAMMOCK ,2
At-Risk Customers,OFFICE MUG WARMER PINK,2
At-Risk Customers,PACK 3 IRON ON DOG PATCHES,2
At-Risk Customers,PACK/12 BLUE FOLKART CARDS,2
At-Risk Customers,PAIR OF ENAMEL BUTTERFLY HAIRCLIP,2
At-Risk Customers,PAPER LANTERN 5 POINT STUDDED STAR,2
At-Risk Customers,PAPER LANTERN 9 POINT HOLLY STAR 23,2
At-Risk Customers,PINK BAROQUE FLOCK CANDLE HOLDER,2
At-Risk Customers,PINK DINER WALL CLOCK,2
At-Risk Customers,PINK DOG CANNISTER,2
At-Risk Customers,PINK HEART RED HANDBAG,2
At-Risk Customers,PINK JEWELLED PHOTO FRAME ,2
At-Risk Customers,PINK PAISLEY CUSHION COVER ,2
At-Risk Customers,PINK ROSEBUD & PEARL NECKLACE,2
At-Risk Customers,PINK ROSEBUD PEARL BRACELET,2
At-Risk Customers,PINK STRING CURTAIN WITH POLE,2
At-Risk Customers,PINK/GREEN FLOWER DESIGN BIG MUG,2
At-Risk Customers,POCKET BAG PINK PAISELY BROWN SPOT,2
At-Risk Customers,PSYCHEDELIC WALL THERMOMETER,2
At-Risk Customers,PURPLE SWEETHEART BRACELET,2
At-Risk Customers,RED DAISY PAPER LAMPSHADE,2
At-Risk Customers,RED SHARK HELICOPTER,2
At-Risk Customers,RETRO BROWN BALL ASHTRAY ,2
At-Risk Customers,RETROSPOT CANDLE  SMALL,2
At-Risk Customers,RIVIERA NECKLACE,2
At-Risk Customers,ROSE DU SUD COSMETICS BAG,2
At-Risk Customers,RUBY GLASS CLUSTER BRACELET,2
At-Risk Customers,SET OF 12 MINI BUNNIES IN A BUCKET,2
At-Risk Customers,SET OF 6 KASHMIR FOLKART BAUBLES,2
At-Risk Customers,SET OF 6 STRAWBERRY CHOPSTICKS,2
At-Risk Customers,SET OF PICTURE FRAME  STICKERS,2
At-Risk Customers,SET/6 POSIES PAPER PLATES,2
At-Risk Customers,SILVER LARIAT BLACK STONE EARRINGS,2
At-Risk Customers,SILVER OVAL SHAPE TRINKET BOX,2
At-Risk Customers,SMALL APOTHECARY MEASURING JAR ,2
At-Risk Customers,SMALL KITCHEN FLOWER POTS PLAQUE,2
At-Risk Customers,SMALL ROUND CUT GLASS CANDLESTICK,2
At-Risk Customers,SPACE CADET BLACK,2
At-Risk Customers,ST TROPEZ NECKLACE,2
At-Risk Customers,SWIRLY CIRCULAR RUBBERS IN BAG,2
At-Risk Customers,TALL ROCOCO CANDLE HOLDER,2
At-Risk Customers,TOADSTOOL BEDSIDE LIGHT ,2
At-Risk Customers,TOAST ITS - DINOSAUR,2
At-Risk Customers,TRIANGULAR POUFFE VINTAGE ,2
At-Risk Customers,TURQ+RED BOUDICCA LARGE BRACELET,2
At-Risk Customers,VINTAGE BEAD NOTEBOOK,2
At-Risk Customers,VINTAGE BLUE TINSEL REEL,2
At-Risk Customers,WHITE  ROSEBUD PEARL BRACELET,2
At-Risk Customers,WHITE ROSEBUD & PEARL NECKLACE,2
At-Risk Customers,WHITE VINT ART DECO CRYSTAL NECKLAC,2
At-Risk Customers,WHITE/PINK CHICK EASTER DECORATION,2
At-Risk Customers,WOOD AND GLASS MEDICINE CABINET,2
At-Risk Customers,WOODEN ADVENT CALENDAR RED,2
At-Risk Customers,WOVEN FROST CUSHION COVER,2
At-Risk Customers,YELLOW POT PLANT CANDLE,2
At-Risk Customers,ZINC HEART LATTICE 2 WALL PLANTER,2
At-Risk Customers,ZINC TOP  2 DOOR WOODEN SHELF ,2
At-Risk Customers,ZINC WIRE KITCHEN ORGANISER,2
At-Risk Customers,3D SHEET OF DOG STICKERS,1
At-Risk Customers,"ACRYLIC JEWEL SNOWFLAKE, PINK",1
At-Risk Customers,AMBER BERTIE GLASS BEAD BAG CHARM,1
At-Risk Customers,AMBER CHUNKY BEAD BRACELET W STRAP,1
At-Risk Customers,AMBER FINE BEAD NECKLACE W TASSEL,1
At-Risk Customers,AMBER GLASS/SILVER BRACELET,1
At-Risk Customers,ANTIQUE OPAL WHITE FLOWER EARRINGS,1
At-Risk Customers,AQUA BERTIE GLASS BEAD BAG CHARM,1
At-Risk Customers,BAROQUE BUTTERFLY EARRINGS BLACK,1
At-Risk Customers,BATHROOM SCALES FOOTPRINTS IN SAND,1
At-Risk Customers,BEACH HUT KEY CABINET,1
At-Risk Customers,BLACK CHRISTMAS TREE 60CM,1
At-Risk Customers,BLACK DROP EARRINGS W LONG BEADS,1
At-Risk Customers,BLACK EAR MUFF HEADPHONES,1
At-Risk Customers,BLACK GEMSTONE BRACELET,1
At-Risk Customers,BLACK LOVE BIRD T-LIGHT HOLDER,1
At-Risk Customers,BLACK+WHITE NECKLACE W TASSEL,1
At-Risk Customers,BLACK/WHITE GLASS/SILVER BRACELET,1
At-Risk Customers,BLING KEY RING STAND,1
At-Risk Customers,BLUE DISCO HANDBAG,1
At-Risk Customers,BLUE EASTER EGG HUNT START POST,1
At-Risk Customers,BLUE GLASS CHUNKY CHARM BRACELET,1
At-Risk Customers,BLUE MURANO TWIST NECKLACE,1
At-Risk Customers,BLUE ORGANDY ROUND LAMPSHADE W BEA,1
At-Risk Customers,BLUE REFECTORY CLOCK ,1
At-Risk Customers,BLUE SWEETHEART BRACELET,1
At-Risk Customers,BLUE TILED TRAY,1
At-Risk Customers,BLUE TRAVEL FIRST AID KIT,1
At-Risk Customers,CAKE STAND LACE WHITE,1
At-Risk Customers,CARNIVAL BRACELET,1
At-Risk Customers,CHERUB HEART DECORATION SILVER ,1
At-Risk Customers,CHRISTMAS MUSICAL ZINC TREE,1
At-Risk Customers,CHRISTMAS TREE DECORATION WITH BELL,1
At-Risk Customers,CINNAMON SCENTED VOTIVE CANDLE,1
At-Risk Customers,CLASSIC WHITE FRAME,1
At-Risk Customers,CLEAR ACRYLIC FACETED BANGLE,1
At-Risk Customers,COLUMBIAN CUBE CANDLE,1
At-Risk Customers,CONDIMENT TRAY 4 BOWLS AND 4 SPOONS,1
At-Risk Customers,CREAM AND PINK FLOWERS PONY ,1
At-Risk Customers,CREAM SWEETHEART LETTER RACK,1
At-Risk Customers,CRYSTAL HOOP EARRING FLORAL LEAF,1
At-Risk Customers,CRYSTAL PAIR HEART HAIR SLIDES,1
At-Risk Customers,CUBIC MUG FLOCK BLUE ON BROWN,1
At-Risk Customers,DIAMANTE HAIR GRIP PACK/2 MONTANA,1
At-Risk Customers,"DIAMANTE HEART SHAPED WALL MIRROR, ",1
At-Risk Customers,DOORMAT MERRY CHRISTMAS RED ,1
At-Risk Customers,EASTER BUNNY WITH BASKET ON BACK,1
At-Risk Customers,EDWARDIAN DROP EARRINGS JET BLACK,1
At-Risk Customers,EGG FRYING PAN PINK ,1
At-Risk Customers,EIGHT PIECE CREEPY CRAWLIE SET,1
At-Risk Customers,ENAMEL BLUE RIM TEA CONTAINER,1
At-Risk Customers,FIRE POLISHED GLASS NECKL BRONZE,1
At-Risk Customers,FIRE POLISHED GLASS NECKL GOLD,1
At-Risk Customers,FLOOR LAMP SHADE WOOD BASE,1
At-Risk Customers,FLORAL BLUE MONSTER,1
At-Risk Customers,FLORAL PINK MONSTER,1
At-Risk Customers,FLORAL SOFT CAR TOY,1
At-Risk Customers,FLOWER BURST SILVER RING CRYSTAL,1
At-Risk Customers,FOLDING BUTTERFLY MIRROR HOT PINK ,1
At-Risk Customers,FOLDING BUTTERFLY MIRROR RED  ,1
At-Risk Customers,FUSCHIA RETRO BAR STOOL,1
At-Risk Customers,GARDEN PATH POCKET BOOK,1
At-Risk Customers,GLASS BEAD HOOP NECKLACE AMETHYST,1
At-Risk Customers,GLASS BEAD HOOP NECKLACE GREEN,1
At-Risk Customers,GLASS BEAD HOOP NECKLACE MONTANA,1
At-Risk Customers,GLITTER CHRISTMAS HEART ,1
At-Risk Customers,GOLD COSMETIC BAG PINK STAR,1
At-Risk Customers,GOLD M PEARL  ORBIT NECKLACE,1
At-Risk Customers,GOLD STANDING GNOME,1
At-Risk Customers,GREEN CHRISTMAS TREE STRING 20LIGHT,1
At-Risk Customers,GREEN PENDANT TRIPLE SHELL NECKLACE,1
At-Risk Customers,HANGING HEART BASKET,1
At-Risk Customers,HEART STRING MEMO HOLDER HANGING,1
At-Risk Customers,IVORY CAFE HANGING LAMP ,1
At-Risk Customers,IVORY KNITTED MUG COSY ,1
At-Risk Customers,IVORY REFECTORY CLOCK,1
At-Risk Customers,IVORY SCULPTED RND CANDLE ,1
At-Risk Customers,IVORY SWEETHEART SOAP DISH,1
At-Risk Customers,JARDIN ETCHED GLASS BUTTER DISH,1
At-Risk Customers,LA PALMIERA WALL THERMOMETER,1
At-Risk Customers,LASER CUT MULTI STRAND NECKLACE,1
At-Risk Customers,LILAC DIAMANTE PEN IN GIFT BOX,1
At-Risk Customers,LILAC GAUZE BUTTERFLY LAMPSHADE,1
At-Risk Customers,LILY BROOCH AMETHYST COLOUR,1
At-Risk Customers,LOLITA  DESIGN  COTTON TOTE BAG,1
At-Risk Customers,MAGIC TREE -PAPER FLOWERS,1
At-Risk Customers,METAL RABBIT LADDER EASTER ,1
At-Risk Customers,MIDNIGHT BLUE GLASS/SILVER BRACELET,1
At-Risk Customers,MIDNIGHT BLUE PAIR HEART HAIR SLIDE,1
At-Risk Customers,MINT DINER WALL CLOCK,1
At-Risk Customers,MIRROR LOVE BIRD T-LIGHT HOLDER,1
At-Risk Customers,MOUSEY LONG LEGS SOFT TOY,1
At-Risk Customers,NEW ENGLAND MUG W GIFT BOX,1
At-Risk Customers,NEWSPAPER STAND,1
At-Risk Customers,PADS TO MATCH ALL CUSHIONS,1
At-Risk Customers,PAPER LANTERN 5 POINT STAR MOON ,1
At-Risk Customers,PIN CUSHION BABUSHKA BLUE,1
At-Risk Customers,PIN CUSHION BABUSHKA PINK,1
At-Risk Customers,PINK B'FLY C/COVER W BOBBLES,1
At-Risk Customers,PINK BERTIE GLASS BEAD BAG CHARM,1
At-Risk Customers,PINK BUTTERFLY WASHBAG,1
At-Risk Customers,PINK DIAMANTE PEN IN GIFT BOX,1
At-Risk Customers,PINK DISCO HANDBAG,1
At-Risk Customers,PINK HEART DOTS HOT WATER BOTTLE,1
At-Risk Customers,PINK NEW BAROQUE FLOCK CANDLESTICK,1
At-Risk Customers,PINK NEW BAROQUECANDLESTICK CANDLE,1
At-Risk Customers,PINK OVAL JEWELLED MIRROR,1
At-Risk Customers,PINK PARTY SUNGLASSES,1
At-Risk Customers,PINK RIVIERA HANDBAG,1
At-Risk Customers,PINK SMALL JEWELLED PHOTOFRAME,1
At-Risk Customers,PINK VINTAGE VICTORIAN EARRINGS,1
At-Risk Customers,"POCKET MIRROR ""GLAMOROUS""",1
At-Risk Customers,POTTING SHED ROSE CANDLE,1
At-Risk Customers,POTTING SHED SOW 'N' GROW SET,1
At-Risk Customers,PSYCHEDELIC TILE HOOK,1
At-Risk Customers,PURPLE AMETHYST NECKLACE W TASSEL,1
At-Risk Customers,PURPLE BERTIE GLASS BEAD BAG CHARM,1
At-Risk Customers,PURPLE GEMSTONE BRACELET,1
At-Risk Customers,PURPLE GEMSTONE NECKLACE 45CM,1
At-Risk Customers,RABBIT  DESIGN  COTTON TOTE BAG,1
At-Risk Customers,RABBIT EASTER DECORATION,1
At-Risk Customers,RED BOUDICCA LARGE BRACELET,1
At-Risk Customers,RED GLASS TASSLE BAG CHARM,1
At-Risk Customers,RED REFECTORY CLOCK ,1
At-Risk Customers,REGENCY MIRROR WITH SHUTTERS,1
At-Risk Customers,RETRO LONGBOARD IRONING BOARD COVER,1
At-Risk Customers,"RETRO PILL BOX KEY CHAIN,THE KING",1
At-Risk Customers,RETROSPOT CANDLE  LARGE,1
At-Risk Customers,ROSE COLOUR PAIR HEART HAIR SLIDES,1
At-Risk Customers,ROUND WHITE CONFETTI IN TUBE,1
At-Risk Customers,S/3 PINK SQUARE PLANTERS ROSES,1
At-Risk Customers,SCHOOL DESK AND CHAIR ,1
At-Risk Customers,SCOTTIES DESIGN WASHBAG,1
At-Risk Customers,SET OF 3 CONEY ISLAND OVAL BOXES,1
At-Risk Customers,SET OF 5 LUCKY CAT MAGNETS ,1
At-Risk Customers,SET OF 6 SNACK LOAF BAKING CASES,1
At-Risk Customers,SET OF 6 TEA TIME BAKING CASES,1
At-Risk Customers,SET/4 BIRD MIRROR MAGNETS ,1
At-Risk Customers,SET/4 GARDEN ROSE DINNER CANDLE,1
At-Risk Customers,SET/6 IVORY BIRD T-LIGHT CANDLES,1
At-Risk Customers,SILVER HOOP EARRINGS WITH FLOWER,1
At-Risk Customers,SILVER LARIAT 40CM,1
At-Risk Customers,SILVER LATTICE VANILLA CANDLE POT,1
At-Risk Customers,SILVER ROCCOCO CHANDELIER,1
At-Risk Customers,SILVER/AMETHYST DROP EARRINGS LEAF,1
At-Risk Customers,SILVER/M.O.P PENDANT ORBIT NECKLACE,1
At-Risk Customers,SWEETHEART CARRY-ALL BASKET,1
At-Risk Customers,SWEETHEART CREAM STEEL TABLE RECT,1
At-Risk Customers,TEA COSY RED  STRIPE,1
At-Risk Customers,TEA TIME BREAKFAST BASKET,1
At-Risk Customers,TEAL/FUSCHIA COL BEAD NECKLACE,1
At-Risk Customers,THREE CANVAS LUGGAGE TAGS,1
At-Risk Customers,TOP SECRET PEN SET,1
At-Risk Customers,TROPICAL HOLIDAY PURSE ,1
At-Risk Customers,TURQ PENDANT TRIPLE SHELL NECKLACE,1
At-Risk Customers,TURQUOISE BERTIE GLASS BEAD CHARM,1
At-Risk Customers,TURQUOISE CHRISTMAS TREE ,1
At-Risk Customers,UTILTY CABINET WITH HOOKS,1
At-Risk Customers,VANILLA INCENSE 40 CONES IN TIN,1
At-Risk Customers,VINTAGE BEAD PINK JEWEL BOX,1
At-Risk Customers,VINTAGE BEAD PINK SCARF ,1
At-Risk Customers,VINTAGE GLASS TEA CADDY,1
At-Risk Customers,VINTAGE POST OFFICE CABINET,1
At-Risk Customers,VINTAGE SHELLS PRINT,1
At-Risk Customers,WHITE 3 FRAME BIRDS AND TREE ,1
At-Risk Customers,WHITE AND BLUE CERAMIC OIL BURNER,1
At-Risk Customers,WHITE BAROQUE WALL CLOCK ,1
At-Risk Customers,WHITE BEADED GARLAND STRING 20LIGHT,1
At-Risk Customers,WHITE CHRISTMAS STAR DECORATION,1
At-Risk Customers,WOODLAND STORAGE BOX SMALL,1
At-Risk Customers,YULETIDE IMAGES S/6 PAPER BOXES,1
High-Value Customers,"PAPER CRAFT , LITTLE BIRDIE",80995
High-Value Customers,WORLD WAR 2 GLIDERS ASSTD DESIGNS,39338
High-Value Customers,JUMBO BAG RED RETROSPOT,38602
High-Value Customers,WHITE HANGING HEART T-LIGHT HOLDER,29557
High-Value Customers,POPCORN HOLDER,27160
High-Value Customers,PACK OF 72 RETROSPOT CAKE CASES,27121
High-Value Customers,ASSORTED COLOUR BIRD ORNAMENT,25843
High-Value Customers,RABBIT NIGHT LIGHT,23844
High-Value Customers,PACK OF 12 LONDON TISSUES ,23476
High-Value Customers,MINI PAINT SET VINTAGE ,20603
High-Value Customers,PACK OF 60 PINK PAISLEY CAKE CASES,20455
High-Value Customers,VICTORIAN GLASS HANGING T-LIGHT,17569
High-Value Customers,JUMBO BAG PINK POLKADOT,17436
High-Value Customers,RED  HARMONICA IN BOX ,16889
High-Value Customers,BROCADE RING PURSE ,15761
High-Value Customers,LUNCH BAG RED RETROSPOT,14724
High-Value Customers,JUMBO BAG STRAWBERRY,14674
High-Value Customers,ASSORTED COLOURS SILK FAN,14140
High-Value Customers,60 TEATIME FAIRY CAKE CASES,13965
High-Value Customers,GROW A FLYTRAP OR SUNFLOWER IN TIN,13515
High-Value Customers,HEART OF WICKER SMALL,12773
High-Value Customers,SMALL POPCORN HOLDER,12567
High-Value Customers,SPACEBOY LUNCH BOX ,12327
High-Value Customers,JUMBO BAG APPLES,12012
High-Value Customers,PARTY BUNTING,11762
High-Value Customers,PACK OF 72 SKULL CAKE CASES,11674
High-Value Customers,PLACE SETTING WHITE HEART,11619
High-Value Customers,JAM MAKING SET PRINTED,11478
High-Value Customers,RED TOADSTOOL LED NIGHT LIGHT,11273
High-Value Customers,PAPER CHAIN KIT 50'S CHRISTMAS ,11214
High-Value Customers,60 CAKE CASES VINTAGE CHRISTMAS,11187
High-Value Customers,COLOUR GLASS T-LIGHT HOLDER HANGING,11038
High-Value Customers,72 SWEETHEART FAIRY CAKE CASES,10997
High-Value Customers,LUNCH BOX I LOVE LONDON,10447
High-Value Customers,REGENCY CAKESTAND 3 TIER,10394
High-Value Customers,GIN + TONIC DIET METAL SIGN,10259
High-Value Customers,JUMBO BAG ALPHABET,10231
High-Value Customers,PLEASE ONE PERSON METAL SIGN,10145
High-Value Customers,SET/20 RED RETROSPOT PAPER NAPKINS ,10099
High-Value Customers,TRAVEL CARD WALLET KEEP CALM,9885
High-Value Customers,DOLLY GIRL LUNCH BOX,9866
High-Value Customers,JUMBO  BAG BAROQUE BLACK WHITE,9797
High-Value Customers,SET OF 4 PANTRY JELLY MOULDS,9797
High-Value Customers,VINTAGE SNAP CARDS,9792
High-Value Customers,BLACK RECORD COVER FRAME,9660
High-Value Customers,PACK OF 60 DINOSAUR CAKE CASES,9591
High-Value Customers,LUNCH BAG APPLE DESIGN,9525
High-Value Customers,JUMBO STORAGE BAG SUKI,9524
High-Value Customers,RED RETROSPOT CHARLOTTE BAG,9431
High-Value Customers,JUMBO BAG OWLS,9340
High-Value Customers,GIRLS ALPHABET IRON ON PATCHES ,9312
High-Value Customers,SET OF 60 PANTRY DESIGN CAKE CASES ,9004
High-Value Customers,COOK WITH WINE METAL SIGN ,8987
High-Value Customers,DISCO BALL CHRISTMAS DECORATION,8924
High-Value Customers,JUMBO BAG VINTAGE DOILY ,8885
High-Value Customers,JUMBO BAG VINTAGE LEAF,8849
High-Value Customers,ANTIQUE SILVER T-LIGHT GLASS,8827
High-Value Customers,HOMEMADE JAM SCENTED CANDLES,8753
High-Value Customers,LUNCH BAG  BLACK SKULL.,8699
High-Value Customers,PINK BLUE FELT CRAFT TRINKET BOX,8635
High-Value Customers,CHILLI LIGHTS,8579
High-Value Customers,JUMBO SHOPPER VINTAGE RED PAISLEY,8483
High-Value Customers,JUMBO BAG PINK VINTAGE PAISLEY,8462
High-Value Customers,FAIRY CAKE FLANNEL ASSORTED COLOUR,8418
High-Value Customers,SMALL CHINESE STYLE SCISSOR,8384
High-Value Customers,HANGING JAM JAR T-LIGHT HOLDER,8382
High-Value Customers,"ASSORTED FLOWER COLOUR ""LEIS""",8168
High-Value Customers,HANGING HEART JAR T-LIGHT HOLDER,7961
High-Value Customers,SOLDIERS EGG CUP ,7911
High-Value Customers,LUNCH BAG CARS BLUE,7907
High-Value Customers,RAIN PONCHO RETROSPOT,7846
High-Value Customers,LUNCH BAG PINK POLKADOT,7818
High-Value Customers,HEART OF WICKER LARGE,7693
High-Value Customers,JUMBO BAG DOILEY PATTERNS,7676
High-Value Customers,BAG 125g SWIRLY MARBLES,7630
High-Value Customers,WOODLAND CHARLOTTE BAG,7559
High-Value Customers,BUBBLEGUM RING ASSORTED,7533
High-Value Customers,CREAM HEART CARD HOLDER,7473
High-Value Customers,LUNCH BAG SPACEBOY DESIGN ,7384
High-Value Customers,JUMBO BAG SPACEBOY DESIGN,7355
High-Value Customers,LUNCH BAG WOODLAND,7285
High-Value Customers,LUNCH BAG SUKI DESIGN ,7203
High-Value Customers,ROSES REGENCY TEACUP AND SAUCER ,7181
High-Value Customers,JUMBO BAG WOODLAND ANIMALS,7170
High-Value Customers,CHARLOTTE BAG SUKI DESIGN,7140
High-Value Customers,PAPER CHAIN KIT VINTAGE CHRISTMAS,7002
High-Value Customers,MULTI COLOUR SILVER T-LIGHT HOLDER,7000
High-Value Customers,ROUND SNACK BOXES SET OF4 WOODLAND ,6864
High-Value Customers,SET OF 60 I LOVE LONDON CAKE CASES ,6864
High-Value Customers,HAND OVER THE CHOCOLATE   SIGN ,6859
High-Value Customers,WOODEN PICTURE FRAME WHITE FINISH,6790
High-Value Customers,GUMBALL COAT RACK,6639
High-Value Customers,JUMBO BAG SCANDINAVIAN BLUE PAISLEY,6564
High-Value Customers,RED RETROSPOT WRAP ,6562
High-Value Customers,STRAWBERRY CERAMIC TRINKET BOX,6512
High-Value Customers,JUMBO BAG 50'S CHRISTMAS ,6456
High-Value Customers,ALARM CLOCK BAKELIKE RED ,6444
High-Value Customers,SET/6 RED SPOTTY PAPER PLATES,6433
High-Value Customers,TRADITIONAL WOODEN SKIPPING ROPE,6404
High-Value Customers,Manual,6394
High-Value Customers,SPACEBOY BIRTHDAY CARD,6394
High-Value Customers,RED HANGING HEART T-LIGHT HOLDER,6365
High-Value Customers,SET OF 12 FAIRY CAKE BAKING CASES,6336
High-Value Customers,ROTATING SILVER ANGELS T-LIGHT HLDR,6324
High-Value Customers,HANGING HEART ZINC T-LIGHT HOLDER,6305
High-Value Customers,CLOTHES PEGS RETROSPOT PACK 24 ,6284
High-Value Customers,6 RIBBONS RUSTIC CHARM,6159
High-Value Customers,PENS ASSORTED FUNNY FACE,6156
High-Value Customers,SPOTTY BUNTING,6147
High-Value Customers,JAM MAKING SET WITH JARS,6139
High-Value Customers,PLASTERS IN TIN SPACEBOY,6097
High-Value Customers,LUNCH BAG ALPHABET DESIGN,6085
High-Value Customers,PACK OF 60 SPACEBOY CAKE CASES,6071
High-Value Customers,RECIPE BOX PANTRY YELLOW DESIGN,6063
High-Value Customers,CHARLOTTE BAG PINK POLKADOT,6017
High-Value Customers,PACK OF 12 TRADITIONAL CRAYONS,6003
High-Value Customers,HAND WARMER OWL DESIGN,5987
High-Value Customers,WRAP ALPHABET DESIGN,5900
High-Value Customers,SET OF 20 VINTAGE CHRISTMAS NAPKINS,5847
High-Value Customers,PACK OF 12 SUKI TISSUES ,5846
High-Value Customers,PLASTERS IN TIN WOODLAND ANIMALS,5844
High-Value Customers,DOUGHNUT LIP GLOSS ,5819
High-Value Customers,FANCY FONTS BIRTHDAY WRAP,5775
High-Value Customers,SET/6 RED SPOTTY PAPER CUPS,5745
High-Value Customers,FUNKY DIVA PEN,5734
High-Value Customers,HOT BATHS METAL SIGN,5713
High-Value Customers,GARDENERS KNEELING PAD KEEP CALM ,5711
High-Value Customers,BLUE HARMONICA IN BOX ,5706
High-Value Customers,RECYCLING BAG RETROSPOT ,5660
High-Value Customers,CHARLOTTE BAG APPLES DESIGN,5649
High-Value Customers,PAPER POCKET TRAVELING FAN ,5632
High-Value Customers,NATURAL SLATE HEART CHALKBOARD ,5617
High-Value Customers,PAPER BUNTING RETROSPOT,5611
High-Value Customers,WOODEN HEART CHRISTMAS SCANDINAVIAN,5585
High-Value Customers,WOODEN STAR CHRISTMAS SCANDINAVIAN,5534
High-Value Customers,BOX OF 24 COCKTAIL PARASOLS,5513
High-Value Customers,SET OF 3 CAKE TINS PANTRY DESIGN ,5489
High-Value Customers,JUMBO BAG PEARS,5475
High-Value Customers,TRADITIONAL MODELLING CLAY,5454
High-Value Customers,LUNCH BAG DOILEY PATTERN ,5424
High-Value Customers,REGENCY TEA PLATE ROSES ,5407
High-Value Customers,AGED GLASS SILVER T-LIGHT HOLDER,5361
High-Value Customers,WOOD BLACK BOARD ANT WHITE FINISH,5358
High-Value Customers,GINGERBREAD MAN COOKIE CUTTER,5343
High-Value Customers,PACK OF 12 HEARTS DESIGN TISSUES ,5325
High-Value Customers,BALLOON WATER BOMB PACK OF 35,5317
High-Value Customers,60 CAKE CASES DOLLY GIRL DESIGN,5285
High-Value Customers,LUNCH BAG VINTAGE DOILY ,5284
High-Value Customers,12 PENCILS SMALL TUBE SKULL,5183
High-Value Customers,LARGE CIRCULAR MIRROR MOBILE,5157
High-Value Customers,SPACEBOY GIFT WRAP,5075
High-Value Customers,LUNCH BAG VINTAGE LEAF DESIGN,5070
High-Value Customers,STRAWBERRY CHARLOTTE BAG,5051
High-Value Customers,LUNCH BAG DOLLY GIRL DESIGN,5042
High-Value Customers,GARDENERS KNEELING PAD CUP OF TEA ,5017
High-Value Customers,ALARM CLOCK BAKELIKE GREEN,5014
High-Value Customers,REGENCY TEA PLATE GREEN ,4987
High-Value Customers,SET/10 RED POLKADOT PARTY CANDLES,4962
High-Value Customers,T-LIGHT GLASS FLUTED ANTIQUE,4961
High-Value Customers,FELTCRAFT BUTTERFLY HEARTS,4950
High-Value Customers,WOODEN FRAME ANTIQUE WHITE ,4875
High-Value Customers,PINK CREAM FELT CRAFT TRINKET BOX ,4848
High-Value Customers,SET OF 3 REGENCY CAKE TINS,4837
High-Value Customers,SAVE THE PLANET MUG,4816
High-Value Customers,ICE CREAM SUNDAE LIP GLOSS,4804
High-Value Customers,SET 12 KIDS COLOUR  CHALK STICKS,4751
High-Value Customers,JUMBO STORAGE BAG SKULLS,4744
High-Value Customers,COLOUR GLASS. STAR T-LIGHT HOLDER,4742
High-Value Customers,SET OF 60 VINTAGE LEAF CAKE CASES ,4738
High-Value Customers,GREEN REGENCY TEACUP AND SAUCER,4725
High-Value Customers,POLKADOT PEN,4705
High-Value Customers,VINTAGE HEADS AND TAILS CARD GAME ,4671
High-Value Customers,CHRISTMAS PUDDING TRINKET POT ,4664
High-Value Customers,PLASTERS IN TIN CIRCUS PARADE ,4612
High-Value Customers,BLACK HEART CARD HOLDER,4605
High-Value Customers,PLASTERS IN TIN STRONGMAN,4596
High-Value Customers,ALARM CLOCK BAKELIKE PINK,4565
High-Value Customers,DOORMAT KEEP CALM AND COME IN,4559
High-Value Customers,SET OF 72 RETROSPOT PAPER  DOILIES,4556
High-Value Customers,BLUE VINTAGE SPOT BEAKER,4545
High-Value Customers,SET OF 6 SPICE TINS PANTRY DESIGN,4540
High-Value Customers,HAND WARMER SCOTTY DOG DESIGN,4511
High-Value Customers,HOME SWEET HOME MUG,4510
High-Value Customers,FELTCRAFT 6 FLOWER FRIENDS,4507
High-Value Customers,SET OF 3 HEART COOKIE CUTTERS,4472
High-Value Customers,PINK VINTAGE SPOT BEAKER,4431
High-Value Customers,12 PENCILS SMALL TUBE RED RETROSPOT,4415
High-Value Customers,WRAP ENGLISH ROSE ,4401
High-Value Customers,PACK OF 20 NAPKINS PANTRY DESIGN,4392
High-Value Customers,SET/5 RED RETROSPOT LID GLASS BOWLS,4386
High-Value Customers,PACK OF 12 RED RETROSPOT TISSUES ,4372
High-Value Customers,BAG 250g SWIRLY MARBLES,4350
High-Value Customers,ROUND SNACK BOXES SET OF 4 FRUITS ,4330
High-Value Customers,PACK OF 6 BIRDY GIFT TAGS,4322
High-Value Customers,SET OF 12 MINI LOAF BAKING CASES,4253
High-Value Customers,GREEN VINTAGE SPOT BEAKER,4237
High-Value Customers,GINGHAM HEART DECORATION,4221
High-Value Customers,HAND WARMER BIRD DESIGN,4213
High-Value Customers,BLUE POLKADOT WRAP,4200
High-Value Customers,SWALLOWS GREETING CARD,4197
High-Value Customers,CHARLOTTE BAG DOLLY GIRL DESIGN,4189
High-Value Customers,EMPIRE DESIGN ROSETTE,4166
High-Value Customers,SET OF TEA COFFEE SUGAR TINS PANTRY,4165
High-Value Customers,WRAP PINK FAIRY CAKES ,4150
High-Value Customers,ICE CREAM PEN LIP GLOSS ,4127
High-Value Customers,BATHROOM METAL SIGN,4125
High-Value Customers,10 COLOUR SPACEBOY PEN,4122
High-Value Customers,SINGLE HEART ZINC T-LIGHT HOLDER,4114
High-Value Customers,RED STRIPE CERAMIC DRAWER KNOB,4096
High-Value Customers,BLUE STRIPE CERAMIC DRAWER KNOB,4094
High-Value Customers,REVOLVER WOODEN RULER ,4076
High-Value Customers,SWEETHEART CERAMIC TRINKET BOX,4067
High-Value Customers,CLEAR DRAWER KNOB ACRYLIC EDWARDIAN,4063
High-Value Customers,PINK REGENCY TEACUP AND SAUCER,4024
High-Value Customers,PACK OF 12 WOODLAND TISSUES ,4020
High-Value Customers,VINTAGE DOILY JUMBO BAG RED ,4020
High-Value Customers,CACTI T-LIGHT CANDLES,4001
High-Value Customers,WOODEN SCHOOL COLOURING SET,3984
High-Value Customers,36 DOILIES VINTAGE CHRISTMAS,3970
High-Value Customers,WOODEN BOX OF DOMINOES,3950
High-Value Customers,PACK OF 12 SKULL TISSUES,3939
High-Value Customers,CHARLOTTE BAG VINTAGE ALPHABET ,3888
High-Value Customers,WHITE SPOT RED CERAMIC DRAWER KNOB,3869
High-Value Customers,FELTCRAFT DOLL MOLLY,3862
High-Value Customers,TRAVEL CARD WALLET I LOVE LONDON,3857
High-Value Customers,PINK POLKADOT WRAP ,3850
High-Value Customers,GRAND CHOCOLATECANDLE,3846
High-Value Customers,WRAP POPPIES  DESIGN,3825
High-Value Customers,HAND WARMER BABUSHKA DESIGN,3819
High-Value Customers,CHINESE DRAGON PAPER LANTERNS,3817
High-Value Customers,POPART WOODEN PENCILS ASST,3800
High-Value Customers,ANTIQUE SILVER TEA GLASS ENGRAVED,3791
High-Value Customers,CHOCOLATE HOT WATER BOTTLE,3788
High-Value Customers,TRAVEL SEWING KIT,3787
High-Value Customers,NO SINGING METAL SIGN,3782
High-Value Customers,RETROSPOT PARTY BAG + STICKER SET,3759
High-Value Customers,PACK OF 60 MUSHROOM CAKE CASES,3736
High-Value Customers,RED RETROSPOT BOWL,3695
High-Value Customers,TRADITIONAL KNITTING NANCY,3684
High-Value Customers,SET 12 RETRO WHITE CHALK STICKS,3679
High-Value Customers,SET OF 3 NOTEBOOKS IN PARCEL,3672
High-Value Customers,HEART FILIGREE DOVE  SMALL,3656
High-Value Customers,WRAP RED APPLES ,3650
High-Value Customers,ZINC METAL HEART DECORATION,3647
High-Value Customers,LONDON BUS COFFEE MUG,3618
High-Value Customers,DINOSAUR KEYRINGS ASSORTED,3617
High-Value Customers,SET OF 3 BUTTERFLY COOKIE CUTTERS,3582
High-Value Customers,AREA PATROLLED METAL SIGN,3578
High-Value Customers,CARD DOLLY GIRL ,3575
High-Value Customers,SET/10 PINK POLKADOT PARTY CANDLES,3565
High-Value Customers,WRAP DOILEY DESIGN,3550
High-Value Customers,JUMBO BAG VINTAGE CHRISTMAS ,3549
High-Value Customers,JUMBO BAG PAISLEY PARK,3547
High-Value Customers,WRAP I LOVE LONDON ,3525
High-Value Customers,BEWARE OF THE CAT METAL SIGN ,3524
High-Value Customers,PENS ASSORTED SPACEBALL,3512
High-Value Customers,HOT WATER BOTTLE KEEP CALM,3510
High-Value Customers,SET 40 HEART SHAPE PETIT FOUR CASES,3497
High-Value Customers,"FANCY FONT BIRTHDAY CARD, ",3492
High-Value Customers,JUMBO BAG TOYS ,3485
High-Value Customers,SET OF 6 TEA TIME BAKING CASES,3481
High-Value Customers,DOORMAT RED RETROSPOT,3472
High-Value Customers,SMALL DOLLY MIX DESIGN ORANGE BOWL,3427
High-Value Customers,YOU'RE CONFUSING ME METAL SIGN ,3419
High-Value Customers,WHITE SPOT BLUE CERAMIC DRAWER KNOB,3402
High-Value Customers,SLEEPING CAT ERASERS,3388
High-Value Customers,PENS ASSORTED FUNKY JEWELED ,3385
High-Value Customers,MAGIC DRAWING SLATE PURDEY,3381
High-Value Customers,CARD BILLBOARD FONT,3370
High-Value Customers,LADIES & GENTLEMEN METAL SIGN,3333
High-Value Customers,WRAP VINTAGE LEAF DESIGN,3326
High-Value Customers,SILVER HANGING T-LIGHT HOLDER,3323
High-Value Customers,RED RETROSPOT PICNIC BAG,3319
High-Value Customers,ZINC T-LIGHT HOLDER STARS SMALL,3314
High-Value Customers,PACK OF 20 NAPKINS RED APPLES,3312
High-Value Customers,RED SPOT CERAMIC DRAWER KNOB,3295
High-Value Customers,TRAVEL CARD WALLET VINTAGE TICKET,3290
High-Value Customers,PLASTERS IN TIN VINTAGE PAISLEY ,3266
High-Value Customers,BLUE SPOT CERAMIC DRAWER KNOB,3255
High-Value Customers,SKULLS AND CROSSBONES WRAP,3250
High-Value Customers,SET OF 6 SNACK LOAF BAKING CASES,3249
High-Value Customers,DOORMAT FAIRY CAKE,3248
High-Value Customers,SMALL CERAMIC TOP STORAGE JAR ,3245
High-Value Customers,TEA BAG PLATE RED RETROSPOT,3231
High-Value Customers,DOORMAT NEW ENGLAND,3220
High-Value Customers,"RECORD FRAME 7"" SINGLE SIZE ",3207
High-Value Customers,STRAWBERRY LUNCH BOX WITH CUTLERY,3196
High-Value Customers,PAPER CHAIN KIT RETROSPOT,3167
High-Value Customers,BAKING SET 9 PIECE RETROSPOT ,3146
High-Value Customers,EDWARDIAN PARASOL NATURAL,3120
High-Value Customers,METAL SIGN TAKE IT OR LEAVE IT ,3120
High-Value Customers,PACK OF 12 COLOURED PENCILS,3116
High-Value Customers,VINTAGE UNION JACK MEMOBOARD,3097
High-Value Customers,RED WOOLLY HOTTIE WHITE HEART.,3094
High-Value Customers,GIRAFFE WOODEN RULER,3089
High-Value Customers,4 TRADITIONAL SPINNING TOPS,3073
High-Value Customers,PAPER BUNTING WHITE LACE,3045
High-Value Customers,RED RETROSPOT SHOPPER BAG,3034
High-Value Customers,HAND WARMER RED RETROSPOT,3027
High-Value Customers,PANTRY WASHING UP BRUSH,3027
High-Value Customers,RETROSPOT TEA SET CERAMIC 11 PC ,3027
High-Value Customers,WRAP SUKI AND FRIENDS,3025
High-Value Customers,CHILDRENS CUTLERY POLKADOT PINK,3012
High-Value Customers,SET OF 3 HANGING OWLS OLLIE BEAK,3002
High-Value Customers,HAND WARMER UNION JACK,2987
High-Value Customers,POTTERING IN THE SHED METAL SIGN,2986
High-Value Customers,PACK OF 12 PINK POLKADOT TISSUES,2975
High-Value Customers,REGENCY TEA PLATE PINK,2961
High-Value Customers,POTTERING MUG,2931
High-Value Customers,RED RETROSPOT CUP,2923
High-Value Customers,SCOTTIE DOG HOT WATER BOTTLE,2910
High-Value Customers,CERAMIC STRAWBERRY CAKE MONEY BANK,2908
High-Value Customers,RED POLKADOT BEAKER ,2905
High-Value Customers,MEDIUM CERAMIC TOP STORAGE JAR,2901
High-Value Customers,DOORMAT UNION FLAG,2900
High-Value Customers,5 HOOK HANGER RED MAGIC TOADSTOOL,2893
High-Value Customers,CHOCOLATE THIS WAY METAL SIGN,2879
High-Value Customers,SET 12 KIDS  WHITE CHALK STICKS,2870
High-Value Customers,WOODEN TREE CHRISTMAS SCANDINAVIAN,2868
High-Value Customers,SOMBRERO ,2862
High-Value Customers,TEA PARTY BIRTHDAY CARD,2857
High-Value Customers,HOT WATER BOTTLE TEA AND SYMPATHY,2848
High-Value Customers,TOY TIDY PINK POLKADOT,2840
High-Value Customers,JAM JAR WITH PINK LID,2824
High-Value Customers,PINK HEART SHAPE EGG FRYING PAN,2797
High-Value Customers,DOORMAT FANCY FONT HOME SWEET HOME,2795
High-Value Customers,FILIGRIS HEART WITH BUTTERFLY,2795
High-Value Customers,JAZZ HEARTS PURSE NOTEBOOK,2795
High-Value Customers,PAPER CHAIN KIT EMPIRE,2795
High-Value Customers,DOORMAT HEARTS,2777
High-Value Customers,PLASTERS IN TIN SKULLS,2768
High-Value Customers,PINK DRAWER KNOB ACRYLIC EDWARDIAN,2760
High-Value Customers,CARTOON  PENCIL SHARPENERS,2750
High-Value Customers,CIRCUS PARADE LUNCH BOX ,2737
High-Value Customers,ASSORTED COLOUR T-LIGHT HOLDER,2725
High-Value Customers,MOROCCAN TEA GLASS,2722
High-Value Customers,HANGING MINI COLOURED BOTTLES,2712
High-Value Customers,RED RETROSPOT OVEN GLOVE ,2707
High-Value Customers,COWBOYS AND INDIANS BIRTHDAY CARD ,2705
High-Value Customers,HEART IVORY TRELLIS SMALL,2704
High-Value Customers,12 PENCIL SMALL TUBE WOODLAND,2693
High-Value Customers,ROBOT BIRTHDAY CARD,2690
High-Value Customers,SET/10 BLUE POLKADOT PARTY CANDLES,2689
High-Value Customers,MINI JIGSAW SPACEBOY,2681
High-Value Customers,LUNCH BAG PAISLEY PARK  ,2678
High-Value Customers,SMALL WHITE HEART OF WICKER,2671
High-Value Customers,FELTCRAFT CUSHION RABBIT,2667
High-Value Customers,FELTCRAFT CUSHION OWL,2659
High-Value Customers,TOILET METAL SIGN,2647
High-Value Customers,SET OF 72 PINK HEART PAPER DOILIES,2637
High-Value Customers,CARD BIRTHDAY COWBOY,2628
High-Value Customers,JUMBO BAG DOLLY GIRL DESIGN,2613
High-Value Customers,HERB MARKER BASIL,2611
High-Value Customers,PINK POLKADOT BOWL,2603
High-Value Customers,REGENCY MILK JUG PINK ,2601
High-Value Customers,TEA TIME TEA TOWELS ,2600
High-Value Customers,ASSORTED INCENSE PACK,2592
High-Value Customers,BOX OF 6 MINI VINTAGE CRACKERS,2584
High-Value Customers,HAND WARMER RED LOVE HEART,2581
High-Value Customers,CHRISTMAS HANGING STAR WITH BELL,2578
High-Value Customers,RETROSPOT HEART HOT WATER BOTTLE,2574
High-Value Customers,GIN AND TONIC MUG,2558
High-Value Customers,BUNDLE OF 3 ALPHABET EXERCISE BOOKS,2550
High-Value Customers,36 PENCILS TUBE RED RETROSPOT,2540
High-Value Customers,BLUE POLKADOT CUP,2537
High-Value Customers,CARD I LOVE LONDON ,2526
High-Value Customers,REGENCY SUGAR BOWL GREEN,2516
High-Value Customers,MINI PLAYING CARDS BUFFALO BILL ,2514
High-Value Customers,SMALL GLASS HEART TRINKET POT,2509
High-Value Customers,RECIPE BOX RETROSPOT ,2498
High-Value Customers,MAGIC DRAWING SLATE DOLLY GIRL ,2495
High-Value Customers,PACK OF 12 50'S CHRISTMAS TISSUES,2495
High-Value Customers,TOILET SIGN OCCUPIED OR VACANT,2488
High-Value Customers,STAR DECORATION PAINTED ZINC ,2487
High-Value Customers,FENG SHUI PILLAR CANDLE,2478
High-Value Customers,SMALL MARSHMALLOWS PINK BOWL,2463
High-Value Customers,PAINTED METAL PEARS ASSORTED,2458
High-Value Customers,HANGING HEART WITH BELL,2456
High-Value Customers,ZINC FOLKART SLEIGH BELLS,2456
High-Value Customers,PARTY METAL SIGN ,2455
High-Value Customers,CHILDRENS APRON SPACEBOY DESIGN,2453
High-Value Customers,ANTIQUE SILVER TEA GLASS ETCHED,2447
High-Value Customers,RED RETROSPOT PLATE ,2432
High-Value Customers,LUNCH BOX WITH CUTLERY RETROSPOT ,2425
High-Value Customers,JINGLE BELL HEART ANTIQUE SILVER,2422
High-Value Customers,MEMO BOARD RETROSPOT  DESIGN,2421
High-Value Customers,GIN & TONIC DIET GREETING CARD ,2413
High-Value Customers,BOX OF 6 MINI 50'S CRACKERS,2412
High-Value Customers,SET OF 20 KIDS COOKIE CUTTERS,2409
High-Value Customers,WRAP CHRISTMAS VILLAGE,2401
High-Value Customers,HEART DECORATION RUSTIC HANGING ,2399
High-Value Customers,LOVEBIRD HANGING DECORATION WHITE ,2397
High-Value Customers,ALARM CLOCK BAKELIKE IVORY,2382
High-Value Customers,EDWARDIAN PARASOL BLACK,2376
High-Value Customers,RETROSPOT CHILDRENS APRON,2361
High-Value Customers,JAM JAR WITH GREEN LID,2357
High-Value Customers,WASHROOM METAL SIGN,2346
High-Value Customers,VINTAGE DOILY TRAVEL SEWING KIT,2342
High-Value Customers,FELTCRAFT CUSHION BUTTERFLY,2341
High-Value Customers,12 PENCILS TALL TUBE POSY,2339
High-Value Customers,LAUNDRY 15C METAL SIGN,2336
High-Value Customers,CHRISTMAS CRAFT LITTLE FRIENDS,2332
High-Value Customers,FAWN BLUE HOT WATER BOTTLE,2325
High-Value Customers,WRAP VINTAGE PETALS  DESIGN,2325
High-Value Customers,ALPHABET STENCIL CRAFT,2322
High-Value Customers,SET/3 RED GINGHAM ROSE STORAGE BOX,2311
High-Value Customers,PHOTO CUBE,2305
High-Value Customers,REGENCY TEAPOT ROSES ,2296
High-Value Customers,IVORY HANGING DECORATION  HEART,2278
High-Value Customers,WRAP 50'S  CHRISTMAS,2276
High-Value Customers,SET OF 5 LUCKY CAT MAGNETS ,2274
High-Value Customers,LETTER SHAPE PENCIL SHARPENER,2271
High-Value Customers,CHRISTMAS TOILET ROLL,2269
High-Value Customers,LARGE CERAMIC TOP STORAGE JAR,2269
High-Value Customers,CLASSIC CAFE SUGAR DISPENSER,2267
High-Value Customers,WRAP PAISLEY PARK ,2250
High-Value Customers,MINI PLAYING CARDS SPACEBOY ,2244
High-Value Customers,PACK OF 12 PINK PAISLEY TISSUES ,2232
High-Value Customers,"FEATHER PEN,HOT PINK",2228
High-Value Customers,PHOTO FRAME CORNICE,2227
High-Value Customers,LOVE HEART POCKET WARMER,2218
High-Value Customers,"KEY FOB , SHED",2209
High-Value Customers,PANTRY MAGNETIC  SHOPPING LIST,2207
High-Value Customers,CHILDRENS CUTLERY POLKADOT BLUE,2205
High-Value Customers,CHILDRENS CUTLERY RETROSPOT RED ,2196
High-Value Customers, SET 2 TEA TOWELS I LOVE LONDON ,2194
High-Value Customers,SET OF 9 HEART SHAPED BALLOONS,2194
High-Value Customers,PENNY FARTHING BIRTHDAY CARD,2183
High-Value Customers,BLUE POLKADOT BOWL,2178
High-Value Customers,MINI JIGSAW DOLLY GIRL,2168
High-Value Customers,POSTAGE,2166
High-Value Customers,MAGIC DRAWING SLATE SPACEBOY ,2165
High-Value Customers,SET OF 3 WOODEN HEART DECORATIONS,2165
High-Value Customers,SPACEBOY BEAKER,2156
High-Value Customers,6 GIFT TAGS VINTAGE CHRISTMAS ,2149
High-Value Customers, DOLLY GIRL BEAKER,2146
High-Value Customers,BLUE POLKADOT BEAKER ,2146
High-Value Customers,HOUSE SHAPE PENCIL SHARPENER,2127
High-Value Customers,HAPPY STENCIL CRAFT,2123
High-Value Customers,SET 2 PANTRY DESIGN TEA TOWELS,2117
High-Value Customers,COFFEE MUG APPLES DESIGN,2108
High-Value Customers,ANGEL DECORATION 3 BUTTONS ,2101
High-Value Customers,JINGLE BELL HEART DECORATION,2089
High-Value Customers,3 STRIPEY MICE FELTCRAFT,2088
High-Value Customers,GREY HEART HOT WATER BOTTLE,2088
High-Value Customers,ANGEL DECORATION STARS ON DRESS,2087
High-Value Customers,WHITE SKULL HOT WATER BOTTLE ,2086
High-Value Customers,CARD CIRCUS PARADE,2080
High-Value Customers,EMPIRE GIFT WRAP,2075
High-Value Customers,TRAVEL CARD WALLET TRANSPORT,2075
High-Value Customers,PIGGY BANK RETROSPOT ,2073
High-Value Customers,SET OF 6 NATIVITY MAGNETS ,2059
High-Value Customers,HOT WATER BOTTLE I AM SO POORLY,2055
High-Value Customers,NAMASTE SWAGAT INCENSE,2052
High-Value Customers,COLOURING PENCILS BROWN TUBE,2050
High-Value Customers,WRAP DOLLY GIRL,2050
High-Value Customers,PINK FAIRY CAKE CHILDRENS APRON,2044
High-Value Customers,HANGING METAL HEART LANTERN,2042
High-Value Customers,PANTRY ROLLING PIN,2023
High-Value Customers,PINK PARTY BAGS,2021
High-Value Customers,RED RETROSPOT PEG BAG,2016
High-Value Customers,VICTORIAN  METAL POSTCARD SPRING,2014
High-Value Customers,SET/2 RED RETROSPOT TEA TOWELS ,2012
High-Value Customers,SET OF 36 DOILIES PANTRY DESIGN,2010
High-Value Customers,SMALL RED RETROSPOT WINDMILL,2004
High-Value Customers,PURPLE DRAWERKNOB ACRYLIC EDWARDIAN,2001
High-Value Customers,CLASSIC CHROME BICYCLE BELL ,1997
High-Value Customers,PINK  POLKADOT CUP,1996
High-Value Customers,TREASURE ISLAND BOOK BOX,1996
High-Value Customers,MINI PLAYING CARDS GYMKHANA,1989
High-Value Customers,LIPSTICK PEN RED,1988
High-Value Customers,FOLKART ZINC HEART CHRISTMAS DEC,1986
High-Value Customers,MINI PLAYING CARDS DOLLY GIRL ,1985
High-Value Customers,PACK OF 6 COCKTAIL PARASOL STRAWS,1983
High-Value Customers,VICTORIAN SEWING KIT,1981
High-Value Customers,GLASS HEART T-LIGHT HOLDER ,1980
High-Value Customers,SET OF 5 PANCAKE DAY MAGNETS,1980
High-Value Customers,3 HEARTS HANGING DECORATION RUSTIC,1974
High-Value Customers,KNITTED UNION FLAG HOT WATER BOTTLE,1972
High-Value Customers,SMALL FOLDING SCISSOR(POINTED EDGE),1953
High-Value Customers,SET OF SALT AND PEPPER TOADSTOOLS,1947
High-Value Customers,PICTURE DOMINOES,1944
High-Value Customers,SET OF 9 BLACK SKULL BALLOONS,1943
High-Value Customers,RED RETROSPOT SMALL MILK JUG,1940
High-Value Customers,SET OF 4 JAM JAR MAGNETS,1938
High-Value Customers,RED SPOT PAPER GIFT BAG,1935
High-Value Customers,ENGLISH ROSE NOTEBOOK A7 SIZE,1933
High-Value Customers,CHRISTMAS CRAFT WHITE FAIRY ,1925
High-Value Customers,PLAYING CARDS KEEP CALM & CARRY ON,1923
High-Value Customers,CARD GINGHAM ROSE ,1922
High-Value Customers,VINTAGE CHRISTMAS BUNTING,1917
High-Value Customers,PLACE SETTING WHITE STAR,1916
High-Value Customers,ALARM CLOCK BAKELIKE ORANGE,1912
High-Value Customers,HEART IVORY TRELLIS LARGE,1903
High-Value Customers,SET OF 36 TEATIME PAPER DOILIES,1903
High-Value Customers,RAINY LADIES BIRTHDAY CARD,1895
High-Value Customers,TRAVEL CARD WALLET UNION JACK,1895
High-Value Customers,ROLL WRAP 50'S CHRISTMAS,1892
High-Value Customers,6 GIFT TAGS 50'S CHRISTMAS ,1883
High-Value Customers,SPACEBOY CHILDRENS BOWL,1883
High-Value Customers,HANGING JAM JAR T-LIGHT HOLDERS,1873
High-Value Customers,WOOD 2 DRAWER CABINET WHITE FINISH,1867
High-Value Customers,WHITE ROCKING HORSE HAND PAINTED,1862
High-Value Customers,TEA TIME PARTY BUNTING,1857
High-Value Customers,HOME BUILDING BLOCK WORD,1856
High-Value Customers,3 PIECE SPACEBOY COOKIE CUTTER SET,1851
High-Value Customers,WRAP CIRCUS PARADE,1850
High-Value Customers,QUEENS GUARD COFFEE MUG,1848
High-Value Customers,PACK OF 6 SKULL PAPER PLATES,1846
High-Value Customers,20 DOLLY PEGS RETROSPOT,1843
High-Value Customers,VINTAGE CHRISTMAS CAKE FRILL,1833
High-Value Customers,ASSORTED BOTTLE TOP  MAGNETS ,1828
High-Value Customers,FAIRY TALE COTTAGE NIGHTLIGHT,1828
High-Value Customers,SET 12 COLOUR PENCILS SPACEBOY ,1820
High-Value Customers,PAINT YOUR OWN CANVAS SET,1813
High-Value Customers,VINTAGE BILLBOARD TEA MUG,1813
High-Value Customers,MAGNETS PACK OF 4 SWALLOWS,1807
High-Value Customers,SCANDINAVIAN REDS RIBBONS,1807
High-Value Customers,ASS FLORAL PRINT MULTI SCREWDRIVER,1804
High-Value Customers,DOORMAT WELCOME PUPPIES,1796
High-Value Customers,RED SPOTTY BISCUIT TIN,1792
High-Value Customers,CHRISTMAS STAR WISH LIST CHALKBOARD,1791
High-Value Customers,SET OF 10 LED DOLLY LIGHTS,1790
High-Value Customers,PARTY CHARMS 50 PIECES,1782
High-Value Customers,SCANDINAVIAN PAISLEY PICNIC BAG,1777
High-Value Customers,VINTAGE UNION JACK BUNTING,1770
High-Value Customers,SMALL HEART MEASURING SPOONS,1769
High-Value Customers,MAGIC DRAWING SLATE CIRCUS PARADE  ,1761
High-Value Customers,HEART FILIGREE DOVE LARGE,1760
High-Value Customers,PINK VINTAGE PAISLEY PICNIC BAG,1751
High-Value Customers,LARGE WHITE HEART OF WICKER,1743
High-Value Customers,PACK OF 12 SPACEBOY TISSUES,1738
High-Value Customers,SET/20 STRAWBERRY PAPER NAPKINS ,1732
High-Value Customers,PACK OF 6 SANDCASTLE FLAGS ASSORTED,1731
High-Value Customers,LOVE HOT WATER BOTTLE,1728
High-Value Customers,VINTAGE KID DOLLY CARD ,1721
High-Value Customers,PACK OF 12 VINTAGE CHRISTMAS TISSUE,1720
High-Value Customers,FOLKART STAR CHRISTMAS DECORATIONS,1716
High-Value Customers,SET OF 4 KNICK KNACK TINS DOILY ,1708
High-Value Customers,KINGS CHOICE MUG,1702
High-Value Customers,CHRISTMAS CRAFT TREE TOP ANGEL,1700
High-Value Customers,"WRAP, BILLBOARD FONTS DESIGN",1700
High-Value Customers,RECYCLED PENCIL WITH RABBIT ERASER,1697
High-Value Customers,ROLL WRAP VINTAGE CHRISTMAS,1688
High-Value Customers,ABC TREASURE BOOK BOX ,1685
High-Value Customers,COFFEE MUG PEARS  DESIGN,1681
High-Value Customers,FOOD CONTAINER SET 3 LOVE HEART ,1673
High-Value Customers,PACK OF 6 SKULL PAPER CUPS,1673
High-Value Customers,WOODEN HAPPY BIRTHDAY GARLAND,1671
High-Value Customers,"ELEPHANT, BIRTHDAY CARD, ",1670
High-Value Customers,TRADITIONAL WOODEN CATCH CUP GAME ,1667
High-Value Customers,DOORMAT BLACK FLOCK ,1665
High-Value Customers,ASSORTED CREEPY CRAWLIES,1663
High-Value Customers,SPACEBOY CHILDRENS CUP,1659
High-Value Customers,RED DRAWER KNOB ACRYLIC EDWARDIAN,1657
High-Value Customers,SET/6 PINK  BUTTERFLY T-LIGHTS,1657
High-Value Customers,CHRISTMAS METAL TAGS ASSORTED ,1656
High-Value Customers,PACK OF 20 SKULL PAPER NAPKINS,1656
High-Value Customers,BUFFALO BILL TREASURE BOOK BOX,1655
High-Value Customers,DOORMAT ENGLISH ROSE ,1654
High-Value Customers,POTTING SHED TEA MUG,1649
High-Value Customers,BUNDLE OF 3 RETRO NOTE BOOKS,1647
High-Value Customers,PINK HAPPY BIRTHDAY BUNTING,1646
High-Value Customers,GLASS BON BON JAR,1645
High-Value Customers,DRAWER KNOB CRACKLE GLAZE IVORY,1643
High-Value Customers,ZINC WILLIE WINKIE  CANDLE STICK,1640
High-Value Customers,TRAVEL CARD WALLET RETROSPOT,1633
High-Value Customers,TEA TIME OVEN GLOVE,1628
High-Value Customers,METAL 4 HOOK HANGER FRENCH CHATEAU,1626
High-Value Customers,I'M ON HOLIDAY METAL SIGN,1625
High-Value Customers,SET OF 6 SOLDIER SKITTLES,1624
High-Value Customers,DOVE DECORATION PAINTED ZINC ,1622
High-Value Customers,LUNCH BAG SUKI  DESIGN ,1621
High-Value Customers,BLACK WINE GLASS,1620
High-Value Customers,BLUE POLKADOT PLATE ,1617
High-Value Customers,LARGE RED RETROSPOT WINDMILL,1613
High-Value Customers,TRAVEL CARD WALLET SUKI,1613
High-Value Customers,36 FOIL HEART CAKE CASES,1610
High-Value Customers,RED RETROSPOT UMBRELLA,1604
High-Value Customers,GENTLEMAN SHIRT REPAIR KIT ,1602
High-Value Customers,TREASURE TIN GYMKHANA DESIGN,1602
High-Value Customers,PACK OF 12 CIRCUS PARADE TISSUES ,1601
High-Value Customers,HEART WREATH DECORATION WITH BELL,1593
High-Value Customers,BICYCLE PUNCTURE REPAIR KIT ,1590
High-Value Customers,WATERING CAN BLUE ELEPHANT,1581
High-Value Customers,PANTRY SCRUBBING BRUSH,1580
High-Value Customers,SET 20 NAPKINS FAIRY CAKES DESIGN ,1579
High-Value Customers,SET 2 TEA TOWELS I LOVE LONDON ,1578
High-Value Customers,CAMOUFLAGE DESIGN TEDDY,1572
High-Value Customers,MINI PAINTED GARDEN DECORATION ,1571
High-Value Customers,STAR DECORATION RUSTIC,1571
High-Value Customers,NATURAL SLATE RECTANGLE CHALKBOARD,1566
High-Value Customers,SET 6 PAPER TABLE LANTERN HEARTS ,1565
High-Value Customers,"SET 3 RETROSPOT TEA,COFFEE,SUGAR",1562
High-Value Customers,IVORY WICKER HEART SMALL,1561
High-Value Customers,DRAWER KNOB CERAMIC IVORY,1558
High-Value Customers,SKULL LUNCH BOX WITH CUTLERY ,1555
High-Value Customers,COFFEE MUG CAT + BIRD DESIGN,1553
High-Value Customers,RETRO COFFEE MUGS ASSORTED,1551
High-Value Customers,JUMBO BAG SCANDINAVIAN PAISLEY,1550
High-Value Customers,PACK OF 6 LARGE FRUIT STRAWS ,1549
High-Value Customers,SET OF 4 KNICK KNACK TINS LONDON ,1549
High-Value Customers,TRADITIONAL CHRISTMAS RIBBONS,1547
High-Value Customers,RED FLORAL FELTCRAFT SHOULDER BAG,1546
High-Value Customers,SET OF 6 RIBBONS VINTAGE CHRISTMAS,1546
High-Value Customers,ICE CREAM BUBBLES,1539
High-Value Customers,WALL TIDY RETROSPOT ,1536
High-Value Customers,ROCKING HORSE RED CHRISTMAS ,1534
High-Value Customers,GLITTER CHRISTMAS STAR ,1531
High-Value Customers,BOUDOIR SQUARE TISSUE BOX,1530
High-Value Customers,BLUE POLKADOT COFFEE MUG,1528
High-Value Customers,WRAP  VINTAGE DOILY ,1525
High-Value Customers,ALARM CLOCK BAKELIKE CHOCOLATE,1524
High-Value Customers,CARD SUKI BIRTHDAY,1522
High-Value Customers,CHILDRENS CUTLERY POLKADOT GREEN ,1514
High-Value Customers,GIANT 50'S CHRISTMAS CRACKER,1508
High-Value Customers,CARD MOTORBIKE SANTA,1506
High-Value Customers,CHILDRENS CUTLERY SPACEBOY ,1505
High-Value Customers,SET/6 COLLAGE PAPER CUPS,1502
High-Value Customers,TEA PARTY  WRAPPING PAPER ,1500
High-Value Customers,RIBBON REEL STRIPES DESIGN ,1498
High-Value Customers,SET OF 4 KNICK KNACK TINS DOILEY ,1498
High-Value Customers,STRAWBERRY SHOPPER BAG,1497
High-Value Customers,CAMOUFLAGE LED TORCH,1496
High-Value Customers,ASSTD FRUIT+FLOWERS FRIDGE MAGNETS,1494
High-Value Customers,PINK  POLKADOT PLATE ,1493
High-Value Customers,RED RETROSPOT TISSUE BOX,1493
High-Value Customers,JAZZ HEARTS ADDRESS BOOK,1491
High-Value Customers,RED RETROSPOT CAKE STAND,1482
High-Value Customers,SMALL ZINC HEART WALL ORGANISER,1482
High-Value Customers,MIRROR MOSAIC T-LIGHT HOLDER ,1479
High-Value Customers,VANILLA INCENSE IN TIN,1478
High-Value Customers,CREAM CUPID HEARTS COAT HANGER,1477
High-Value Customers,RED RETROSPOT MUG,1475
High-Value Customers,WOODLAND PARTY BAG + STICKER SET,1475
High-Value Customers,CLASSIC BICYCLE CLIPS ,1472
High-Value Customers,SET OF 2 TEA TOWELS APPLE AND PEARS,1472
High-Value Customers,FELTCRAFT PRINCESS CHARLOTTE DOLL,1466
High-Value Customers,GREEN DRAWER KNOB ACRYLIC EDWARDIAN,1466
High-Value Customers,HEART WOODEN CHRISTMAS DECORATION,1465
High-Value Customers,MUSICAL ZINC HEART DECORATION ,1464
High-Value Customers,RED VINTAGE SPOT BEAKER,1463
High-Value Customers,CHILDRENS APRON APPLES DESIGN,1461
High-Value Customers,DAIRY MAID STRIPE MUG,1461
High-Value Customers,"KEY FOB , FRONT  DOOR ",1456
High-Value Customers,PACK 3 BOXES BIRD PANNETONE ,1453
High-Value Customers,PACK OF 12 VINTAGE DOILY TISSUES,1451
High-Value Customers,PIECE OF CAMO STATIONERY SET,1450
High-Value Customers,SILVER BELLS TABLE DECORATION,1450
High-Value Customers,KNICKERBOCKERGLORY MAGNET ASSORTED ,1448
High-Value Customers,FOLDING BUTTERFLY MIRROR HOT PINK ,1445
High-Value Customers,SMALL RED BABUSHKA NOTEBOOK ,1445
High-Value Customers,CUPCAKE LACE PAPER SET 6,1441
High-Value Customers,RING OF ROSES BIRTHDAY CARD,1440
High-Value Customers,ROLL WRAP VINTAGE SPOT ,1439
High-Value Customers,HANGING HEART MIRROR DECORATION ,1436
High-Value Customers,CHRISTMAS METAL POSTCARD WITH BELLS,1432
High-Value Customers,IF YOU CAN'T STAND THE HEAT MUG,1431
High-Value Customers,PARTY PIZZA DISH RED RETROSPOT,1426
High-Value Customers,WRAP RED VINTAGE DOILY,1425
High-Value Customers,SET 6 SCHOOL MILK BOTTLES IN CRATE,1422
High-Value Customers,CERAMIC STRAWBERRY DESIGN MUG,1419
High-Value Customers,CARD CHRISTMAS VILLAGE,1410
High-Value Customers,BOX OF 6 CHRISTMAS CAKE DECORATIONS,1405
High-Value Customers,WRAP GREEN PEARS ,1400
High-Value Customers,KITCHEN METAL SIGN,1399
High-Value Customers,REGENCY SUGAR TONGS,1399
High-Value Customers,3 HOOK HANGER MAGIC GARDEN,1395
High-Value Customers,SET OF 5 MINI GROCERY MAGNETS,1395
High-Value Customers,MAGIC DRAWING SLATE BUNNIES ,1392
High-Value Customers,SET 12 COLOUR PENCILS DOLLY GIRL ,1392
High-Value Customers,SMALL HANGING IVORY/RED WOOD BIRD,1386
High-Value Customers,PAPER BUNTING COLOURED LACE,1384
High-Value Customers,TRAVEL CARD WALLET PANTRY,1384
High-Value Customers,CHILDREN'S APRON DOLLY GIRL ,1383
High-Value Customers,LADS ONLY TISSUE BOX,1382
High-Value Customers,CHRISTMAS TREE PAINTED ZINC ,1381
High-Value Customers,WOODEN OWLS LIGHT GARLAND ,1381
High-Value Customers,"BIRTHDAY CARD, RETRO SPOT",1380
High-Value Customers,3 HOOK PHOTO SHELF ANTIQUE WHITE,1379
High-Value Customers,RED ROCKING HORSE HAND PAINTED,1375
High-Value Customers,RIBBON REEL SNOWY VILLAGE,1375
High-Value Customers,EDWARDIAN PARASOL RED,1373
High-Value Customers,DOORMAT HOME SWEET HOME BLUE ,1372
High-Value Customers,GARLAND WOODEN HAPPY EASTER,1372
High-Value Customers,HEART DECORATION PAINTED ZINC ,1371
High-Value Customers,SMALL CHOCOLATES PINK BOWL,1371
High-Value Customers,CHRISTMAS GINGHAM STAR,1367
High-Value Customers,DOORMAT SPOTTY HOME SWEET HOME,1366
High-Value Customers,HANGING METAL STAR LANTERN,1366
High-Value Customers,MINIATURE ANTIQUE ROSE HOOK IVORY,1366
High-Value Customers,RED 3 PIECE RETROSPOT CUTLERY SET,1365
High-Value Customers,EMPIRE TISSUE BOX,1362
High-Value Customers,SCOTTIE DOGS BABY BIB,1360
High-Value Customers,RETROSPOT CIGAR BOX MATCHES ,1357
High-Value Customers,IVORY KITCHEN SCALES,1355
High-Value Customers,MOTORING TISSUE BOX,1354
High-Value Customers,CALENDAR PAPER CUT DESIGN,1346
High-Value Customers,POLKADOT RAIN HAT ,1346
High-Value Customers,VINTAGE DONKEY TAIL GAME ,1346
High-Value Customers,MINI LIGHTS WOODLAND MUSHROOMS,1339
High-Value Customers,DOORMAT MULTICOLOUR STRIPE,1337
High-Value Customers,MAGNETS PACK OF 4 VINTAGE COLLAGE,1335
High-Value Customers,SWALLOW SQUARE TISSUE BOX,1335
High-Value Customers,"KEY FOB , GARAGE DESIGN",1332
High-Value Customers,BISCUIT TIN 50'S CHRISTMAS,1331
High-Value Customers,FINE WICKER HEART ,1331
High-Value Customers,SKULLS  WATER TRANSFER TATTOOS ,1328
High-Value Customers,WRAP ALPHABET POSTER  ,1325
High-Value Customers,WRAP GINGHAM ROSE ,1325
High-Value Customers,12 PENCILS TALL TUBE RED RETROSPOT,1323
High-Value Customers,CHILDREN'S SPACEBOY MUG,1323
High-Value Customers,VINTAGE CHRISTMAS STOCKING ,1323
High-Value Customers,SILVER STARS TABLE DECORATION,1322
High-Value Customers,BLUE HAPPY BIRTHDAY BUNTING,1320
High-Value Customers,SET 7 BABUSHKA NESTING BOXES,1320
High-Value Customers,CREAM SWEETHEART MINI CHEST,1319
High-Value Customers,CARD PSYCHEDELIC APPLES,1318
High-Value Customers,CHRISTMAS DECOUPAGE CANDLE,1316
High-Value Customers,HOME SWEET HOME METAL SIGN ,1316
High-Value Customers,LOVE BUILDING BLOCK WORD,1316
High-Value Customers,TRAVEL CARD WALLET RETRO PETALS,1313
High-Value Customers,ASSORTED COLOUR MINI CASES,1311
High-Value Customers,ASSORTED TUTTI FRUTTI BRACELET,1311
High-Value Customers,PACK OF 6 SMALL FRUIT STRAWS,1307
High-Value Customers,HEART DECORATION WITH PEARLS ,1306
High-Value Customers,SINGLE ANTIQUE ROSE HOOK IVORY,1302
High-Value Customers,CANDLEHOLDER PINK HANGING HEART,1301
High-Value Customers,12 COLOURED PARTY BALLOONS,1298
High-Value Customers,LUNCH BAG RED VINTAGE DOILY,1298
High-Value Customers,NO JUNK MAIL METAL SIGN,1298
High-Value Customers,TRADITIONAL NAUGHTS & CROSSES,1298
High-Value Customers,FELTCRAFT PRINCESS LOLA DOLL,1291
High-Value Customers,POPPY'S PLAYHOUSE KITCHEN,1288
High-Value Customers,BLACK AND WHITE CAT BOWL,1287
High-Value Customers,GYMKHANA TREASURE BOOK BOX,1285
High-Value Customers, RED SPOT GIFT BAG LARGE,1283
High-Value Customers,FELTCRAFT CHRISTMAS FAIRY,1282
High-Value Customers,SET OF 36 PAISLEY FLOWER DOILIES,1281
High-Value Customers, 50'S CHRISTMAS GIFT BAG LARGE,1278
High-Value Customers,GLITTER HEART DECORATION,1278
High-Value Customers,STRAWBERRY   PICNIC BAG,1278
High-Value Customers,PACK OF 6 PANNETONE GIFT BOXES,1274
High-Value Customers,FRENCH WC SIGN BLUE METAL,1273
High-Value Customers,OPEN CLOSED METAL SIGN,1273
High-Value Customers,ANTIQUE GLASS DRESSING TABLE POT,1270
High-Value Customers,SET 6 PAPER TABLE LANTERN STARS ,1270
High-Value Customers,CHRISTMAS LIGHTS 10 REINDEER,1266
High-Value Customers,FRENCH STYLE STORAGE JAR BONBONS,1262
High-Value Customers,FILIGREE HEART BUTTERFLY WHITE ,1261
High-Value Customers,BAKING SET SPACEBOY DESIGN,1259
High-Value Customers,VINTAGE GLASS T-LIGHT HOLDER,1259
High-Value Customers,HEADS AND TAILS SPORTING FUN,1256
High-Value Customers,BUNDLE OF 3 SCHOOL EXERCISE BOOKS  ,1255
High-Value Customers,FRENCH STYLE STORAGE JAR CAFE ,1255
High-Value Customers,LARGE HEART MEASURING SPOONS,1255
High-Value Customers,SET/6 COLLAGE PAPER PLATES,1250
High-Value Customers,WRAP COWBOYS  ,1250
High-Value Customers,KNEELING MAT HOUSEWORK  DESIGN,1249
High-Value Customers,WATERING CAN PINK BUNNY,1247
High-Value Customers,SET 3 PAPER VINTAGE CHICK PAPER EGG,1244
High-Value Customers,VINTAGE BILLBOARD LOVE/HATE MUG,1243
High-Value Customers,MINI WOODEN HAPPY BIRTHDAY GARLAND,1242
High-Value Customers,DOLLY GIRL CHILDRENS BOWL,1240
High-Value Customers,TRAVEL CARD WALLET SKULLS,1238
High-Value Customers,DOLLY GIRL CHILDRENS CUP,1234
High-Value Customers,EASTER DECORATION HANGING BUNNY,1229
High-Value Customers,ENAMEL FLOWER JUG CREAM,1229
High-Value Customers,LIGHT GARLAND BUTTERFILES PINK,1222
High-Value Customers,CHOCOLATE BOX RIBBONS ,1221
High-Value Customers,BLUE DRAWER KNOB ACRYLIC EDWARDIAN,1219
High-Value Customers,ANIMAL STICKERS,1217
High-Value Customers,FLUTED ANTIQUE CANDLE HOLDER,1216
High-Value Customers,CHILDRENS CUTLERY DOLLY GIRL ,1213
High-Value Customers,PINK DOUGHNUT TRINKET POT ,1213
High-Value Customers,CARD PARTY GAMES ,1209
High-Value Customers,TREASURE TIN BUFFALO BILL ,1207
High-Value Customers,BANQUET BIRTHDAY  CARD  ,1200
High-Value Customers,CARD CAT AND TREE ,1200
High-Value Customers,SCENTED VELVET LOUNGE CANDLE ,1200
High-Value Customers,DOORSTOP RETROSPOT HEART,1199
High-Value Customers,ILLUSTRATED CAT BOWL ,1199
High-Value Customers,EASTER CRAFT 4 CHICKS ,1197
High-Value Customers,HANGING WOOD AND FELT FLOWER,1197
High-Value Customers,RED POLKADOT COFFEE  MUG,1196
High-Value Customers,PINK 3 PIECE POLKADOT CUTLERY SET,1195
High-Value Customers,MOODY GIRL DOOR HANGER ,1193
High-Value Customers,STAR WOODEN CHRISTMAS DECORATION,1188
High-Value Customers,MULTICOLOUR SPRING FLOWER MUG,1187
High-Value Customers,POPPY'S PLAYHOUSE BEDROOM ,1184
High-Value Customers,EMBOSSED GLASS TEALIGHT HOLDER,1181
High-Value Customers,SET/6 FRUIT SALAD PAPER CUPS,1181
High-Value Customers,RED KITCHEN SCALES,1180
High-Value Customers,PACK OF 20 SPACEBOY NAPKINS,1178
High-Value Customers,"FEATHER PEN,COAL BLACK",1177
High-Value Customers,TRADITIONAL PICK UP STICKS GAME ,1176
High-Value Customers,SMALL PURPLE BABUSHKA NOTEBOOK ,1175
High-Value Customers,CERAMIC CHERRY CAKE MONEY BANK,1173
High-Value Customers,VANILLA SCENT CANDLE JEWELLED BOX,1173
High-Value Customers,ASSORTED TUTTI FRUTTI PEN,1171
High-Value Customers,IVORY DINER WALL CLOCK,1169
High-Value Customers,HOME SWEET HOME HANGING HEART,1167
High-Value Customers,VINTAGE CHRISTMAS GIFT BAG LARGE ,1167
High-Value Customers,IVORY WICKER HEART MEDIUM,1166
High-Value Customers,METAL SIGN HER DINNER IS SERVED ,1162
High-Value Customers,TRAVEL CARD WALLET FLOWER MEADOW,1162
High-Value Customers,CHILDRENS DOLLY GIRL MUG,1161
High-Value Customers,N0 SINGING METAL SIGN,1161
High-Value Customers,RED HEART SHAPE LOVE BUCKET ,1159
High-Value Customers,SET OF 3 WOODEN STOCKING DECORATION,1159
High-Value Customers,LOVE HEART TRINKET POT,1158
High-Value Customers,BLUE PARTY BAGS ,1154
High-Value Customers,MINI JIGSAW PURDEY,1150
High-Value Customers,PINK BABY BUNTING,1150
High-Value Customers,MINI JIGSAW CIRCUS PARADE ,1149
High-Value Customers,CHRISTMAS GINGHAM TREE,1148
High-Value Customers,ROUND CONTAINER SET OF 5 RETROSPOT,1147
High-Value Customers,RETROSPOT GIANT TUBE MATCHES,1142
High-Value Customers,PEG BAG APPLES DESIGN,1141
High-Value Customers,TOXIC AREA  DOOR HANGER ,1141
High-Value Customers,ENGLISH ROSE GARDEN SECATEURS,1139
High-Value Customers,HANGING CLEAR MINI BOTTLE,1138
High-Value Customers,BINGO SET,1137
High-Value Customers,RED RETROSPOT MINI CASES,1133
High-Value Customers,DOG BOWL CHASING BALL DESIGN,1131
High-Value Customers,SET OF 3 WOODEN SLEIGH DECORATIONS,1131
High-Value Customers,BLACK CHAMPAGNE GLASS,1130
High-Value Customers,VINTAGE CARAVAN GREETING CARD ,1130
High-Value Customers,WOOD S/3 CABINET ANT WHITE FINISH,1129
High-Value Customers,HERB MARKER ROSEMARY,1126
High-Value Customers,WHITE METAL LANTERN,1123
High-Value Customers,WOODEN UNION JACK BUNTING,1121
High-Value Customers,RETROSPOT WOODEN HEART DECORATION,1116
High-Value Customers,ZINC T-LIGHT HOLDER STAR LARGE,1111
High-Value Customers,CHICK GREY HOT WATER BOTTLE,1108
High-Value Customers,CHRISTMAS LIGHTS 10 VINTAGE BAUBLES,1108
High-Value Customers,BLACK AND WHITE DOG BOWL,1107
High-Value Customers,HERB MARKER MINT,1105
High-Value Customers,PANTRY CHOPPING BOARD,1102
High-Value Customers,BIRDHOUSE GARDEN MARKER ,1097
High-Value Customers,FOUR HOOK  WHITE LOVEBIRDS,1096
High-Value Customers,FULL ENGLISH BREAKFAST PLATE,1095
High-Value Customers,LIPSTICK PEN FUSCHIA,1094
High-Value Customers,RED RETROSPOT SUGAR JAM BOWL,1094
High-Value Customers,CHRISTMAS MUSICAL ZINC STAR,1093
High-Value Customers,HERB MARKER THYME,1093
High-Value Customers,MIRROR MOSAIC T-LIGHT HOLDER ROUND,1093
High-Value Customers,CHARLIE AND LOLA FIGURES TINS,1092
High-Value Customers,VINTAGE LEAF MAGNETIC NOTEPAD,1089
High-Value Customers,FOLDING BUTTERFLY MIRROR RED  ,1087
High-Value Customers,FRYING PAN UNION FLAG,1080
High-Value Customers,VINTAGE CHRISTMAS PAPER GIFT BAG,1079
High-Value Customers,MAGIC DRAWING SLATE DINOSAUR,1078
High-Value Customers,RED GINGHAM ROSE JEWELLERY BOX,1076
High-Value Customers,GINGHAM ROSE WRAP,1075
High-Value Customers,WRAP BILLBOARD FONTS DESIGN,1075
High-Value Customers,FELTCRAFT DOLL ROSIE,1074
High-Value Customers,ENGLISH ROSE HOT WATER BOTTLE,1073
High-Value Customers,METAL DECORATION NAUGHTY CHILDREN ,1070
High-Value Customers,BISCUIT TIN VINTAGE CHRISTMAS,1069
High-Value Customers,PORCELAIN BUDAH INCENSE HOLDER,1068
High-Value Customers,3 RAFFIA RIBBONS 50'S CHRISTMAS ,1066
High-Value Customers,MEMO BOARD COTTAGE DESIGN,1064
High-Value Customers,NATURAL HANGING QUILTED HEARTS ,1062
High-Value Customers,TROPICAL  HONEYCOMB PAPER GARLAND ,1060
High-Value Customers,VINYL RECORD FRAME SILVER,1060
High-Value Customers,RIBBON REEL CHRISTMAS SOCK BAUBLE,1059
High-Value Customers,GREEN POLKADOT BOWL,1055
High-Value Customers,SMALL HEART FLOWERS HOOK ,1055
High-Value Customers,RETROSPOT RED WASHING UP GLOVES,1054
High-Value Customers,PACK OF 12 VINTAGE LEAF TISSUES ,1050
High-Value Customers,"FEATHER PEN,LIGHT PINK",1048
High-Value Customers,PACK OF 12 PAISLEY PARK TISSUES ,1047
High-Value Customers,DOORMAT WELCOME TO OUR HOME,1046
High-Value Customers,HERB MARKER PARSLEY,1046
High-Value Customers,SET OF 12 FORK CANDLES,1046
High-Value Customers,VINTAGE CHRISTMAS GIFT SACK,1043
High-Value Customers,GLAMOROUS  MUG,1039
High-Value Customers,MAGNETS PACK OF 4 HOME SWEET HOME,1039
High-Value Customers,PACK OF 12 BLUE PAISLEY TISSUES ,1039
High-Value Customers,RIBBON REEL LACE DESIGN ,1037
High-Value Customers,36 PENCILS TUBE SKULLS,1036
High-Value Customers,CERAMIC HEART FAIRY CAKE MONEY BANK,1034
High-Value Customers,"KEY FOB , BACK DOOR ",1034
High-Value Customers,KEY RING BASEBALL BOOT UNION JACK,1033
High-Value Customers,VINTAGE RED ENAMEL TRIM MUG ,1033
High-Value Customers,"HOOK, 1 HANGER ,MAGIC GARDEN",1032
High-Value Customers,LARGE ZINC HEART WALL ORGANISER,1032
High-Value Customers,DINOSAUR LUNCH BOX WITH CUTLERY,1030
High-Value Customers,SANDALWOOD FAN,1030
High-Value Customers,CHRISTMAS RETROSPOT ANGEL WOOD,1028
High-Value Customers,MINI CAKE STAND T-LIGHT HOLDER,1028
High-Value Customers,PIG KEYRING WITH LIGHT & SOUND ,1027
High-Value Customers,36 PENCILS TUBE WOODLAND,1025
High-Value Customers,6 RIBBONS ELEGANT CHRISTMAS ,1025
High-Value Customers,SET 36 COLOUR PENCILS SPACEBOY ,1024
High-Value Customers,DECORATIVE WICKER HEART LARGE,1021
High-Value Customers,METAL SIGN DROP YOUR PANTS,1020
High-Value Customers,SKULLS GREETING CARD,1020
High-Value Customers,6 ROCKET BALLOONS ,1019
High-Value Customers,METAL SIGN EMPIRE TEA,1019
High-Value Customers,CHILDREN'S CIRCUS PARADE MUG,1018
High-Value Customers,SET OF 2 CERAMIC CHRISTMAS REINDEER,1017
High-Value Customers,DOORMAT UNION JACK GUNS AND ROSES,1014
High-Value Customers,FRENCH ENAMEL CANDLEHOLDER,1014
High-Value Customers,COFFEE MUG DOG + BALL DESIGN,1009
High-Value Customers,FELTCRAFT PRINCESS OLIVIA DOLL,1009
High-Value Customers,WATERING CAN GREEN DINOSAUR,1009
High-Value Customers,CARD WEDDING DAY,1008
High-Value Customers,S/4 VALENTINE DECOUPAGE HEART BOX,1008
High-Value Customers,VINTAGE SNAKES & LADDERS,1006
High-Value Customers,BLUE 3 PIECE POLKADOT CUTLERY SET,1004
High-Value Customers,RIBBON REEL HEARTS DESIGN ,1004
High-Value Customers,STRAWBERRY HONEYCOMB  GARLAND ,1004
High-Value Customers,CERAMIC CAKE DESIGN SPOTTED MUG,1003
High-Value Customers,CHERUB HEART DECORATION SILVER ,998
High-Value Customers,DECORATIVE WICKER HEART MEDIUM,995
High-Value Customers,WICKER STAR ,989
High-Value Customers,CANDY HEART HANGING DECORATION,988
High-Value Customers,CINNAMON SCENTED VOTIVE CANDLE,987
High-Value Customers,DRAWER KNOB CRACKLE GLAZE PINK,986
High-Value Customers,VINTAGE  2 METER FOLDING RULER,986
High-Value Customers,SCANDINAVIAN 3 HEARTS NAPKIN RING,985
High-Value Customers,TEATIME ROUND PENCIL SHARPENER ,985
High-Value Customers,PICNIC BASKET WICKER LARGE,984
High-Value Customers,STAR WREATH DECORATION WITH BELL,982
High-Value Customers,PICNIC BASKET WICKER SMALL,981
High-Value Customers,REGENCY TEA STRAINER,979
High-Value Customers,PLAYING CARDS JUBILEE UNION JACK,975
High-Value Customers,SUKI  SHOULDER BAG,975
High-Value Customers,WRAP KEEP CALM BIRTHDAY,975
High-Value Customers,DANISH ROSE PHOTO FRAME,974
High-Value Customers,SET/6 TURQUOISE BUTTERFLY T-LIGHTS,971
High-Value Customers,ASSTD MULTICOLOUR CIRCLES MUG,970
High-Value Customers,DRAWER KNOB CRACKLE GLAZE GREEN,966
High-Value Customers,WHITE JEWELLED HEART DECORATION,965
High-Value Customers,3D VINTAGE CHRISTMAS STICKERS ,963
High-Value Customers,ETCHED GLASS COASTER,963
High-Value Customers,HERB MARKER CHIVES ,962
High-Value Customers,RED DINER WALL CLOCK,961
High-Value Customers,RED RETROSPOT TAPE,961
High-Value Customers,STORAGE TIN VINTAGE DOILY ,961
High-Value Customers,BOYS ALPHABET IRON ON PATCHES,960
High-Value Customers,POLKADOT COFFEE CUP & SAUCER PINK,958
High-Value Customers,MAGNETS PACK OF 4 VINTAGE LABELS ,956
High-Value Customers,SKETCHBOOK MAGNETIC SHOPPING LIST,956
High-Value Customers,TOTE BAG I LOVE LONDON,954
High-Value Customers,RETROSPOT LARGE MILK JUG,953
High-Value Customers,SET3 BOOK BOX GREEN GINGHAM FLOWER ,953
High-Value Customers,TRAVEL CARD WALLET VINTAGE LEAF,953
High-Value Customers,I CAN ONLY PLEASE ONE PERSON MUG,952
High-Value Customers,WATERING CAN GARDEN MARKER,952
High-Value Customers,WRAP BIRD GARDEN ,950
High-Value Customers,WRAP FLOWER SHOP  ,950
High-Value Customers,IVORY WICKER HEART LARGE,948
High-Value Customers,FILIGREE HEART BIRD WHITE ,947
High-Value Customers,FRENCH BATHROOM SIGN BLUE METAL,946
High-Value Customers,TUMBLER NEW ENGLAND,944
High-Value Customers,EASTER TIN BUNNY BOUQUET,943
High-Value Customers,FELT FARM ANIMAL WHITE BUNNY ,939
High-Value Customers,SET OF 3 WOODEN TREE DECORATIONS,939
High-Value Customers,POPPY'S PLAYHOUSE LIVINGROOM ,937
High-Value Customers,PINK PAISLEY SQUARE TISSUE BOX ,935
High-Value Customers,DECORATIVE WICKER HEART SMALL,934
High-Value Customers,SET OF 4 NAPKIN CHARMS CUTLERY,934
High-Value Customers,STRAWBRY SCENTED VOTIVE CANDLE,933
High-Value Customers,MINI FUNKY DESIGN TAPES,928
High-Value Customers,OVEN MITT APPLES DESIGN,927
High-Value Customers,SET 12 VINTAGE DOILY CHALK ,926
High-Value Customers,SET OF 12  VINTAGE POSTCARD SET,926
High-Value Customers,SILVER HEARTS TABLE DECORATION,926
High-Value Customers,MOODY BOY  DOOR HANGER ,924
High-Value Customers,KITTY PENCIL ERASERS,923
High-Value Customers,ASSTD DESIGN RACING CAR PEN,922
High-Value Customers,CHRISTMAS HANGING TREE WITH BELL,921
High-Value Customers,BLACK/BLUE POLKADOT UMBRELLA,920
High-Value Customers,MAGIC DRAWING SLATE BAKE A CAKE ,918
High-Value Customers,ROLL WRAP 50'S RED CHRISTMAS ,918
High-Value Customers,GLITTER HANGING BUTTERFLY STRING,917
High-Value Customers,NATURAL SLATE CHALKBOARD LARGE ,916
High-Value Customers,SET/6 FRUIT SALAD  PAPER PLATES,915
High-Value Customers,MAGNETS PACK OF 4 RETRO PHOTO,914
High-Value Customers,MAGNETS PACK OF 4 CHILDHOOD MEMORY,912
High-Value Customers,SWALLOW WOODEN CHRISTMAS DECORATION,910
High-Value Customers,WALL ART ONLY ONE PERSON ,910
High-Value Customers,DAISY GARDEN MARKER,909
High-Value Customers,50'S CHRISTMAS PAPER GIFT BAG,907
High-Value Customers,MINI CAKE STAND WITH HANGING CAKES,906
High-Value Customers,BLUE EGG  SPOON,904
High-Value Customers,BAG 500g SWIRLY MARBLES,903
High-Value Customers,CHRISTMAS TABLE SILVER CANDLE SPIKE,903
High-Value Customers,MULTICOLOUR HONEYCOMB PAPER GARLAND,903
High-Value Customers,DOORMAT 3 SMILEY CATS,902
High-Value Customers,WALL ART KEEP CALM ,902
High-Value Customers,CARAVAN SQUARE TISSUE BOX,900
High-Value Customers,FELTCRAFT DOLL EMILY,899
High-Value Customers,DRAWER KNOB CRACKLE GLAZE BLUE,898
High-Value Customers,BOX OF VINTAGE ALPHABET BLOCKS,897
High-Value Customers,PINK  HEART SHAPE LOVE BUCKET ,897
High-Value Customers,DO NOT TOUCH MY STUFF DOOR HANGER ,896
High-Value Customers,PEARL CRYSTAL PUMPKIN T-LIGHT HLDR,892
High-Value Customers,FAMILY ALBUM WHITE PICTURE FRAME,889
High-Value Customers,DOILEY STORAGE TIN,888
High-Value Customers,VICTORIAN SEWING BOX SMALL ,888
High-Value Customers,HOLIDAY FUN LUDO,887
High-Value Customers,BUTTON BOX ,884
High-Value Customers,PORCELAIN ROSE SMALL,884
High-Value Customers,PACK OF SIX LED TEA LIGHTS,883
High-Value Customers,RED RETROSPOT CHILDRENS UMBRELLA,883
High-Value Customers,HEART CALCULATOR,881
High-Value Customers,PARTY PIZZA DISH PINK POLKADOT,879
High-Value Customers,PARTY PIZZA DISH BLUE POLKADOT,878
High-Value Customers,FRIDGE MAGNETS US DINER ASSORTED,876
High-Value Customers,RED CHARLIE+LOLA PERSONAL DOORSIGN,876
High-Value Customers,MAGIC DRAWING SLATE LEAP FROG ,875
High-Value Customers,MAN FLU METAL SIGN,874
High-Value Customers,REGENCY CAKE FORK,874
High-Value Customers,REINDEER HEART DECORATION SILVER,874
High-Value Customers,3D TRADITIONAL CHRISTMAS STICKERS,873
High-Value Customers,WALL ART BIG LOVE ,873
High-Value Customers,CARD DOG AND BALL ,872
High-Value Customers,FRENCH KITCHEN SIGN BLUE METAL,872
High-Value Customers,12 MESSAGE CARDS WITH ENVELOPES,869
High-Value Customers,FILIGREE HEART DAISY WHITE,867
High-Value Customers,REX CASH+CARRY JUMBO SHOPPER,867
High-Value Customers,VINTAGE  2 METRE FOLDING RULER,866
High-Value Customers,BOTTLE BAG RETROSPOT ,865
High-Value Customers,ORANGE VOTIVE CANDLE,864
High-Value Customers,PARTY INVITES WOODLAND,862
High-Value Customers,SPACEBOY CHILDRENS EGG CUP,862
High-Value Customers,MULTICOLOUR HONEYCOMB FAN,861
High-Value Customers,SWEETHEART RECIPE BOOK STAND,860
High-Value Customers,STARS GIFT TAPE ,859
High-Value Customers,SET 36 COLOUR PENCILS DOLLY GIRL,858
High-Value Customers,PACK 3 BOXES CHRISTMAS PANNETONE,856
High-Value Customers,LIPSTICK PEN BABY PINK,853
High-Value Customers,RETRO PLASTIC ELEPHANT TRAY,853
High-Value Customers,WOODEN ROUNDERS GARDEN SET ,853
High-Value Customers,KEY RING BASEBALL BOOT ASSORTED ,851
High-Value Customers,ASSORTED COLOUR LIZARD SUCTION HOOK,850
High-Value Customers,OCEAN SCENT CANDLE IN JEWELLED BOX,849
High-Value Customers,PLAYING CARDS I LOVE LONDON ,849
High-Value Customers,SET 3 SONG BIRD PAPER EGGS ASSORTED,849
High-Value Customers,BIG DOUGHNUT FRIDGE MAGNETS,848
High-Value Customers,SET OF 2 CERAMIC PAINTED HEARTS ,846
High-Value Customers,SET OF 6 3D KIT CARDS FOR KIDS,846
High-Value Customers,PRETTY HANGING QUILTED HEARTS,841
High-Value Customers,DIAMANTE RING ASSORTED IN BOX.,840
High-Value Customers,MINI HIGHLIGHTER PENS,840
High-Value Customers,LARGE PURPLE BABUSHKA NOTEBOOK  ,839
High-Value Customers,SMALL IVORY HEART WALL ORGANISER,839
High-Value Customers,WOOD STAMP SET THANK YOU,837
High-Value Customers,SPACEBOY MINI BACKPACK,836
High-Value Customers,FRENCH TOILET SIGN BLUE METAL,835
High-Value Customers,CIRCUS PARADE CHILDRENS EGG CUP ,834
High-Value Customers,LARGE POPCORN HOLDER ,833
High-Value Customers,ROMANTIC PINKS RIBBONS ,830
High-Value Customers,KIDS RAIN MAC BLUE,829
High-Value Customers,DELUXE SEWING KIT ,828
High-Value Customers,TOY TIDY SPACEBOY  ,828
High-Value Customers,OFFICE MUG WARMER BLACK+SILVER ,820
High-Value Customers,RIBBON REEL POLKADOTS ,820
High-Value Customers,PACK OF 12 RED APPLE TISSUES,818
High-Value Customers,HOT WATER BOTTLE BABUSHKA ,817
High-Value Customers,PARTY PIZZA DISH GREEN POLKADOT,817
High-Value Customers,CLASSIC GLASS COOKIE JAR,814
High-Value Customers,GOLD MINI TAPE MEASURE ,814
High-Value Customers,RED RETROSPOT ROUND CAKE TINS,814
High-Value Customers,COLOURED GLASS STAR T-LIGHT HOLDER,809
High-Value Customers,SET 36 COLOURING PENCILS DOILY,809
High-Value Customers,SET OF 3 BIRD LIGHT PINK FEATHER ,809
High-Value Customers,SKULL SHOULDER BAG,808
High-Value Customers,MODERN FLORAL STATIONERY SET,807
High-Value Customers,MONSTERS STENCIL CRAFT,806
High-Value Customers,12 PENCILS TALL TUBE SKULLS,805
High-Value Customers,FLORAL FOLK STATIONERY SET,804
High-Value Customers,ROTATING LEAVES T-LIGHT HOLDER,804
High-Value Customers,RECIPE BOX BLUE SKETCHBOOK DESIGN,803
High-Value Customers,FOOD COVER WITH BEADS SET 2 ,802
High-Value Customers,VINTAGE BILLBOARD MUG ,801
High-Value Customers,MINI JIGSAW BUNNIES,800
High-Value Customers,WRAP MONSTER FUN ,800
High-Value Customers,BISCUITS SMALL BOWL LIGHT BLUE,798
High-Value Customers,DECORATION SITTING BUNNY,798
High-Value Customers,FIRST AID TIN,798
High-Value Customers,SET 12 COLOURING PENCILS DOILY,798
High-Value Customers,FLOWERS CHANDELIER T-LIGHT HOLDER,797
High-Value Customers,MINI PLAYING CARDS FUN FAIR ,797
High-Value Customers,HANGING  BUTTERFLY T-LIGHT HOLDER,792
High-Value Customers,ICON PLACEMAT POP ART ELVIS,790
High-Value Customers,POTTING SHED TWINE,789
High-Value Customers,3D CHRISTMAS STAMPS STICKERS ,788
High-Value Customers,PICTURE FRAME WOOD TRIPLE PORTRAIT,787
High-Value Customers,WHITE BELL HONEYCOMB PAPER ,787
High-Value Customers,CUTE CATS TAPE,786
High-Value Customers,RED FLOCK LOVE HEART PHOTO FRAME,785
High-Value Customers,DRAWER KNOB CERAMIC BLACK,783
High-Value Customers,PAPER BUNTING VINTAGE PAISLEY,783
High-Value Customers,6 CHOCOLATE LOVE HEART T-LIGHTS,778
High-Value Customers,3 TRADITIONAl BISCUIT CUTTERS  SET,777
High-Value Customers,CHILDRENS CUTLERY CIRCUS PARADE,777
High-Value Customers,RED  EGG  SPOON,776
High-Value Customers,JUMBO BAG CHARLIE AND LOLA TOYS,775
High-Value Customers,PINK PAISLEY ROSE GIFT WRAP,775
High-Value Customers,PARTY CONE CHRISTMAS DECORATION ,774
High-Value Customers,RIBBON REEL CHRISTMAS PRESENT ,774
High-Value Customers,WHITE BAMBOO RIBS LAMPSHADE,774
High-Value Customers,BAKING MOULD TOFFEE CUP CHOCOLATE,772
High-Value Customers,RED METAL BOX TOP SECRET,771
High-Value Customers,SET 8 CANDLES VINTAGE DOILY,771
High-Value Customers,36 FOIL STAR CAKE CASES ,769
High-Value Customers,HANGING CHICK  YELLOW DECORATION,769
High-Value Customers,SKULLS PARTY BAG + STICKER SET,768
High-Value Customers,RIBBON REEL MAKING SNOWMEN ,767
High-Value Customers,ENAMEL MEASURING JUG CREAM,764
High-Value Customers,GREEN POLKADOT PLATE ,764
High-Value Customers,BAKING MOULD HEART MILK CHOCOLATE,762
High-Value Customers,SET OF 4 ENGLISH ROSE COASTERS,762
High-Value Customers,LARGE RED BABUSHKA NOTEBOOK ,760
High-Value Customers,MIRROR MOSAIC VOTIVE HOLDER,760
High-Value Customers,MAGIC SHEEP WOOL GROWING FROM PAPER,759
High-Value Customers,ROUND STORAGE TIN VINTAGE LEAF,757
High-Value Customers,12 PENCILS TALL TUBE WOODLAND,755
High-Value Customers,BASKET OF TOADSTOOLS,751
High-Value Customers,PINK FLORAL FELTCRAFT SHOULDER BAG,751
High-Value Customers,PINK HANGING HEART T-LIGHT HOLDER,751
High-Value Customers,CERAMIC STRAWBERRY MONEY BOX,750
High-Value Customers,WRAP MAGIC FOREST ,750
High-Value Customers,HOME SWEET HOME BLACKBOARD,749
High-Value Customers,FRENCH LAUNDRY SIGN BLUE METAL,748
High-Value Customers,COSY HOUR CIGAR BOX MATCHES ,746
High-Value Customers,REGENCY TEA SPOON,746
High-Value Customers,I LOVE LONDON BEAKER,745
High-Value Customers,ROCKING HORSE GREEN CHRISTMAS ,745
High-Value Customers,WALL ART CLASSIC PUDDINGS ,745
High-Value Customers,PARTY TIME PENCIL ERASERS,744
High-Value Customers,SLATE TILE NATURAL HANGING,742
High-Value Customers,ASSORTED EASTER GIFT TAGS,739
High-Value Customers,MINI JIGSAW BAKE A CAKE ,739
High-Value Customers,STRAWBERRY CERAMIC TRINKET POT,737
High-Value Customers,EMPIRE UNION JACK TV DINNER TRAY,735
High-Value Customers,INFLATABLE POLITICAL GLOBE ,735
High-Value Customers,SMALL PINK GLASS SUNDAE DISH,733
High-Value Customers,LANTERN CREAM GAZEBO ,732
High-Value Customers,DANISH ROSE DELUXE COASTER,729
High-Value Customers,POPART RECT PENCIL SHARPENER ASST,728
High-Value Customers,SMALL RED RETROSPOT MUG IN BOX ,728
High-Value Customers,CAKES AND BOWS GIFT  TAPE,727
High-Value Customers,HEARTS GIFT TAPE,727
High-Value Customers,15CM CHRISTMAS GLASS BALL 20 LIGHTS,725
High-Value Customers,ROSE 3 WICK MORRIS BOX CANDLE,725
High-Value Customers,WHITE STITCHED WALL CLOCK,724
High-Value Customers,BLUE VICTORIAN FABRIC OVAL BOX,723
High-Value Customers,SET OF 6 T-LIGHTS SANTA,723
High-Value Customers,RED METAL BEACH SPADE ,722
High-Value Customers,HANGING CHICK CREAM DECORATION,720
High-Value Customers,DARK BIRD HOUSE TREE DECORATION,719
High-Value Customers,FRENCH BLUE METAL DOOR SIGN 1,719
High-Value Customers,METAL SIGN NEIGHBOURHOOD WITCH ,719
High-Value Customers,CHARLIE & LOLA WASTEPAPER BIN FLORA,717
High-Value Customers,FRENCH BLUE METAL DOOR SIGN No,716
High-Value Customers,GREEN 3 PIECE POLKADOT CUTLERY SET,716
High-Value Customers,RED RETROSPOT BUTTER DISH,716
High-Value Customers,VINTAGE RED TRIM ENAMEL BOWL ,715
High-Value Customers,SILVER MUG BONE CHINA TREE OF LIFE,713
High-Value Customers,GAOLERS KEYS DECORATIVE GARDEN ,712
High-Value Customers,BOYS VINTAGE TIN SEASIDE BUCKET,711
High-Value Customers,MAGIC TREE -PAPER FLOWERS,711
High-Value Customers,SWEETHEART BIRD HOUSE,710
High-Value Customers,DOORMAT TOPIARY,709
High-Value Customers,GREEN CHRISTMAS TREE CARD HOLDER,709
High-Value Customers,SET/10 IVORY POLKADOT PARTY CANDLES,707
High-Value Customers,BLUE DINER WALL CLOCK,704
High-Value Customers,PANTRY PASTRY BRUSH,704
High-Value Customers,EASTER TIN KEEPSAKE,703
High-Value Customers,MINI CAKE STAND  HANGING STRAWBERY,702
High-Value Customers,ENGLISH ROSE SPIRIT LEVEL ,700
High-Value Customers,SET OF 6 T-LIGHTS CACTI ,700
High-Value Customers,WHITE WICKER STAR ,699
High-Value Customers,OPIUM SCENTED VOTIVE CANDLE,696
High-Value Customers,SET OF 6 HERB TINS SKETCHBOOK,693
High-Value Customers,COCKTAIL SWORDS 50 PIECES,690
High-Value Customers,APPLE BATH SPONGE,689
High-Value Customers,SET/3 CHRISTMAS DECOUPAGE CANDLES,689
High-Value Customers,LARGE CHINESE STYLE SCISSOR,687
High-Value Customers,SKULL AND CROSSBONES  GARLAND ,686
High-Value Customers,SKULLS  STICKERS,686
High-Value Customers,WOODLAND  STICKERS,686
High-Value Customers,MINI  ZINC GARDEN DECORATIONS ,685
High-Value Customers,ELEPHANT BIRTHDAY CARD ,684
High-Value Customers,6 RIBBONS SHIMMERING PINKS ,683
High-Value Customers,DOORMAT PEACE ON EARTH BLUE,683
High-Value Customers,LARGE PINK GLASS SUNDAE DISH,683
High-Value Customers,PACK OF 12 DOLLY GIRL TISSUES,682
High-Value Customers,GIRLS VINTAGE TIN SEASIDE BUCKET,681
High-Value Customers,LAUREL HEART ANTIQUE SILVER,680
High-Value Customers,SWISS CHALET TREE DECORATION ,680
High-Value Customers,CREAM SLICE FLANNEL PINK SPOT ,679
High-Value Customers,LAVENDER SCENTED FABRIC HEART,679
High-Value Customers,PICNIC BOXES SET OF 3 RETROSPOT ,678
High-Value Customers,FELTCRAFT GIRL AMELIE KIT,677
High-Value Customers,FUNKY WASHING UP GLOVES ASSORTED,676
High-Value Customers,SET OF 4 SANTA PLACE SETTINGS,673
High-Value Customers,DANISH ROSE DECORATIVE PLATE,672
High-Value Customers,HANGING FAIRY CAKE DECORATION,671
High-Value Customers,SINGLE WIRE HOOK IVORY HEART,671
High-Value Customers,DECORATIVE CATS BATHROOM BOTTLE,670
High-Value Customers,S/6 WOODEN SKITTLES IN COTTON BAG,670
High-Value Customers,BALLOON ART MAKE YOUR OWN FLOWERS,668
High-Value Customers,DOORMAT RESPECTABLE HOUSE,667
High-Value Customers,ZINC  STAR T-LIGHT HOLDER ,666
High-Value Customers,POLYESTER FILLER PAD 45x45cm,664
High-Value Customers,BAKING MOULD EASTER EGG MILK CHOC,662
High-Value Customers,RED LOVE HEART SHAPE CUP,662
High-Value Customers,HANGING QUILTED PATCHWORK APPLES,661
High-Value Customers,SMALL STRIPES CHOCOLATE GIFT BAG ,661
High-Value Customers,CHRISTMAS TREE STAR DECORATION,660
High-Value Customers,PETIT TRAY CHIC,660
High-Value Customers,CHRISTMAS RETROSPOT STAR WOOD,659
High-Value Customers,GLASS  BEURRE DISH,658
High-Value Customers,BREAD BIN DINER STYLE IVORY,657
High-Value Customers,HANGING SPRING FLOWER EGG SMALL,657
High-Value Customers,SET OF 36 DOILIES SPACEBOY DESIGN ,657
High-Value Customers,SET OF 2 CHRISTMAS DECOUPAGE CANDLE,656
High-Value Customers,ADVENT CALENDAR GINGHAM SACK,655
High-Value Customers,SET/4 SPRING FLOWER DECORATION,655
High-Value Customers,FRIDGE MAGNETS LA VIE EN ROSE,654
High-Value Customers,RETRO PLASTIC POLKA TRAY,654
High-Value Customers,SET OF 12 T-LIGHTS VINTAGE DOILY,651
High-Value Customers,VINTAGE CREAM DOG FOOD CONTAINER,651
High-Value Customers,6 RIBBONS EMPIRE  ,650
High-Value Customers,FELT EGG COSY CHICKEN,650
High-Value Customers,SET 36 COLOUR PENCILS LOVE LONDON,649
High-Value Customers,200 RED + WHITE BENDY STRAWS,648
High-Value Customers,TOOTHPASTE TUBE PEN,648
High-Value Customers,DECORATIVE ROSE BATHROOM BOTTLE,647
High-Value Customers,PACK OF 6 SWEETIE GIFT BOXES,647
High-Value Customers,CLASSIC METAL BIRDCAGE PLANT HOLDER,646
High-Value Customers,ROUND CAKE TIN VINTAGE RED,646
High-Value Customers,SMALL PARISIENNE HEART PHOTO FRAME ,644
High-Value Customers,JUNGLE POPSICLES ICE LOLLY MOULDS,643
High-Value Customers,WOODLAND MINI BACKPACK,643
High-Value Customers,FOOD/DRINK SPONGE STICKERS,642
High-Value Customers,FRIDGE MAGNETS LES ENFANTS ASSORTED,642
High-Value Customers,PINK  HEART CONFETTI IN TUBE,642
High-Value Customers,EGG CUP MILKMAID HEIDI,639
High-Value Customers,LARGE CAKE TOWEL CHOCOLATE SPOTS,639
High-Value Customers,RED RETROSPOT TEA CUP AND SAUCER ,636
High-Value Customers,LARGE HANGING IVORY & RED WOOD BIRD,635
High-Value Customers,STORAGE TIN VINTAGE LEAF,635
High-Value Customers,MAKE YOUR OWN FLOWERPOWER CARD KIT,634
High-Value Customers,TOAST ITS - BEST MUM,632
High-Value Customers,SET OF 4 KNICK KNACK TINS POPPIES,631
High-Value Customers,VINTAGE RED MUG,630
High-Value Customers,EMPIRE BIRTHDAY CARD,627
High-Value Customers,ROUND SNACK BOXES SET OF 4 SKULLS,626
High-Value Customers,WRAP WEDDING DAY,625
High-Value Customers,CHRISTMAS MUSICAL ZINC TREE,623
High-Value Customers,WOOD STOCKING CHRISTMAS SCANDISPOT,620
High-Value Customers,FRENCH BLUE METAL DOOR SIGN 2,618
High-Value Customers,BLUE CHARLIE+LOLA PERSONAL DOORSIGN,615
High-Value Customers,POPPY'S PLAYHOUSE BATHROOM,614
High-Value Customers,POLYESTER FILLER PAD 40x40cm,613
High-Value Customers,SMALL WHITE RETROSPOT MUG IN BOX ,613
High-Value Customers,COFFEE MUG BLUE PAISLEY DESIGN,612
High-Value Customers,SMALL POLKADOT CHOCOLATE GIFT BAG ,612
High-Value Customers,VINTAGE PAISLEY STATIONERY SET,612
High-Value Customers,FAIRY TALE COTTAGE NIGHT LIGHT,611
High-Value Customers,ROSE COTTAGE KEEPSAKE BOX ,611
High-Value Customers,GIFT BAG PSYCHEDELIC APPLES,610
High-Value Customers,LARGE IVORY HEART WALL ORGANISER,610
High-Value Customers,DOLLY GIRL CHILDRENS EGG CUP,608
High-Value Customers,FAMILY PHOTO FRAME CORNICE,608
High-Value Customers,FLOWERS TILE COASTER,608
High-Value Customers,SMALL YELLOW BABUSHKA NOTEBOOK ,608
High-Value Customers,RETROSPOT PADDED SEAT CUSHION,607
High-Value Customers,CHRISTMAS RETROSPOT TREE WOOD,606
High-Value Customers,GLASS APOTHECARY BOTTLE PERFUME,604
High-Value Customers,SKULLS SQUARE TISSUE BOX,604
High-Value Customers,BLACK CANDELABRA T-LIGHT HOLDER,602
High-Value Customers,BIRTHDAY BANQUET GIFT WRAP,600
High-Value Customers,CHRISTMAS CARD SCREEN PRINT ,600
High-Value Customers,FAIRY DREAMS INCENSE ,600
High-Value Customers,SET OF 4 KNICK KNACK TINS LEAF,600
High-Value Customers,DOLLY GIRL MINI BACKPACK,599
High-Value Customers,MINT KITCHEN SCALES,599
High-Value Customers,SET OF 6 T-LIGHTS SNOWMEN,599
High-Value Customers,BLUE POLKADOT EGG CUP ,597
High-Value Customers,PARISIENNE JEWELLERY DRAWER ,596
High-Value Customers,VINTAGE BILLBOARD DRINK ME MUG,596
High-Value Customers,BOX OF VINTAGE JIGSAW BLOCKS ,595
High-Value Customers,PINK OWL SOFT TOY,595
High-Value Customers,TRADTIONAL ALPHABET STAMP SET,593
High-Value Customers,DANISH ROSE ROUND SEWING BOX,592
High-Value Customers,HYACINTH BULB T-LIGHT CANDLES,592
High-Value Customers,SET OF 72 SKULL PAPER  DOILIES,592
High-Value Customers,BAKING MOULD CHOCOLATE CUPCAKES,591
High-Value Customers,BLUE PUDDING SPOON,591
High-Value Customers,REINDEER HEART DECORATION GOLD,590
High-Value Customers,ASSORTED MINI MADRAS NOTEBOOK,588
High-Value Customers,RED VICTORIAN FABRIC OVAL BOX,588
High-Value Customers,DECORATION WOBBLY RABBIT METAL ,587
High-Value Customers,IVORY PAPER CUP CAKE CASES ,587
High-Value Customers,EDWARDIAN PARASOL PINK,586
High-Value Customers,HANGING PHOTO CLIP ROPE LADDER,586
High-Value Customers,ASSORTED CIRCULAR MOBILE,585
High-Value Customers,CHILDS GARDEN FORK BLUE ,585
High-Value Customers,GLASS CLOCHE SMALL,585
High-Value Customers,BAKING MOULD HEART WHITE CHOCOLATE,583
High-Value Customers,ENCHANTED BIRD COATHANGER 5 HOOK,583
High-Value Customers,GLITTER BUTTERFLY CLIPS,583
High-Value Customers,BAKING MOULD ROSE MILK CHOCOLATE,582
High-Value Customers,BLACK STITCHED WALL CLOCK,582
High-Value Customers,KINGS CHOICE GIANT TUBE MATCHES,582
High-Value Customers,SET OF 3 CAKE TINS SKETCHBOOK,582
High-Value Customers,DRAWER KNOB CERAMIC RED,581
High-Value Customers,CITRONELLA CANDLE GARDEN POT,579
High-Value Customers,WHITE HEART CONFETTI IN TUBE,579
High-Value Customers,200 BENDY SKULL STRAWS,577
High-Value Customers,PARTY CONES CANDY ASSORTED,576
High-Value Customers,CHRISTMAS TREE HEART DECORATION,575
High-Value Customers,DOORMAT AIRMAIL ,575
High-Value Customers,36 DOILIES DOLLY GIRL,574
High-Value Customers,HEART SHAPED HOLLY WREATH,572
High-Value Customers,PAINTED METAL STAR WITH HOLLY BELLS,572
High-Value Customers,RED GINGHAM TEDDY BEAR ,572
High-Value Customers,STAR T-LIGHT HOLDER WILLIE WINKIE,572
High-Value Customers,ICON MUG REVOLUTIONARY,571
High-Value Customers,UNION STRIPE WITH FRINGE  HAMMOCK,571
High-Value Customers,TOAST ITS - I LOVE YOU ,570
High-Value Customers,COFFEE MUG PINK PAISLEY DESIGN,569
High-Value Customers,BULL DOG BOTTLE OPENER,568
High-Value Customers,STRAWBERRY BATH SPONGE ,567
High-Value Customers,GROW YOUR OWN BASIL IN ENAMEL MUG,566
High-Value Customers,5 HOOK HANGER MAGIC TOADSTOOL,565
High-Value Customers,BEADED CHANDELIER T-LIGHT HOLDER,565
High-Value Customers,ZINC  HEART T-LIGHT HOLDER,564
High-Value Customers,SET OF 6 STRAWBERRY CHOPSTICKS,563
High-Value Customers,SMALL FOLKART STAR CHRISTMAS DEC,563
High-Value Customers,PAINTED METAL HEART WITH HOLLY BELL,561
High-Value Customers,3 TIER CAKE TIN RED AND CREAM,559
High-Value Customers,MIRRORED DISCO BALL ,557
High-Value Customers,FELT FARM ANIMAL RABBIT,556
High-Value Customers,WALL ART STOP FOR TEA ,555
High-Value Customers,STRAWBERRY FAIRY CAKE TEAPOT,554
High-Value Customers,BEADED CRYSTAL HEART GREEN LARGE,553
High-Value Customers,SWEETHEART CAKESTAND 3 TIER,552
High-Value Customers,VINTAGE CREAM CAT FOOD CONTAINER,552
High-Value Customers,WALL ART BICYCLE SAFETY,552
High-Value Customers,GLASS JAR ENGLISH CONFECTIONERY,551
High-Value Customers,TOYBOX  WRAP ,551
High-Value Customers,EGG CUP HENRIETTA HEN CREAM ,550
High-Value Customers,MORE BUTTER METAL SIGN ,550
High-Value Customers,4 VANILLA BOTANICAL CANDLES,548
High-Value Customers,DOORMAT CHRISTMAS VILLAGE,548
High-Value Customers,ANTIQUE GLASS PEDESTAL BOWL,547
High-Value Customers,BASKET OF FLOWERS SEWING KIT,546
High-Value Customers,HANGING SPRING FLOWER EGG LARGE,546
High-Value Customers,VINTAGE RED ENAMEL TRIM PLATE,546
High-Value Customers,EGG CUP NATURAL CHICKEN,545
High-Value Customers,TRIPLE PHOTO FRAME CORNICE ,544
High-Value Customers,ASSORTED TUTTI FRUTTI SMALL PURSE,542
High-Value Customers,AIRLINE BAG VINTAGE TOKYO 78,541
High-Value Customers,SET/4 SKULL BADGES,540
High-Value Customers,CERAMIC PIRATE CHEST MONEY BANK,539
High-Value Customers,3 ROSE MORRIS BOXED CANDLES,538
High-Value Customers,CERAMIC CAKE BOWL + HANGING CAKES,538
High-Value Customers,VINTAGE DOILY DELUXE SEWING KIT ,538
High-Value Customers,GROW YOUR OWN PLANT IN A CAN ,537
High-Value Customers,TOY TIDY DOLLY GIRL DESIGN,535
High-Value Customers,CINAMMON SET OF 9 T-LIGHTS,534
High-Value Customers,WOOD STAMP SET BEST WISHES,534
High-Value Customers,LARGE CAKE TOWEL PINK SPOTS,533
High-Value Customers,MAKE YOUR OWN MONSOON CARD KIT,529
High-Value Customers,ROSE 1 WICK MORRIS BOXED CANDLE,529
High-Value Customers,BATH BUILDING BLOCK WORD,527
High-Value Customers,JIGSAW TREE WITH WATERING CAN,527
High-Value Customers,BLUE SCANDINAVIAN PAISLEY WRAP,525
High-Value Customers,BOTANICAL ROSE GIFT WRAP,525
High-Value Customers,BREAD BIN DINER STYLE RED ,525
High-Value Customers,BLACK CHRISTMAS TREE 60CM,524
High-Value Customers,EMERGENCY FIRST AID TIN ,524
High-Value Customers,FELTCRAFT HAIRBAND PINK AND PURPLE,524
High-Value Customers,IVORY HANGING DECORATION  BIRD,523
High-Value Customers,LA PALMIERA TILE COASTER,523
High-Value Customers,"SWISS ROLL TOWEL, CHOCOLATE  SPOTS",523
High-Value Customers,MINI LADLE LOVE HEART RED ,522
High-Value Customers,FRENCH LAVENDER SCENT HEART,521
High-Value Customers,JIGSAW TREE WITH BIRDHOUSE,521
High-Value Customers,LANDMARK FRAME CAMDEN TOWN ,521
High-Value Customers,PINK LOVE HEART SHAPE CUP,521
High-Value Customers,RED BABY BUNTING ,521
High-Value Customers,MISTLETOE HEART WREATH GREEN,520
High-Value Customers,TRIPLE HOOK ANTIQUE IVORY ROSE,520
High-Value Customers,BALLOON PUMP WITH 10 BALLOONS,519
High-Value Customers,BUNNY WOODEN PAINTED WITH BIRD ,519
High-Value Customers,CHOCOLATE CALCULATOR,519
High-Value Customers,TRAVEL CARD WALLET VINTAGE ROSE ,519
High-Value Customers,FOLDING BUTTERFLY MIRROR IVORY ,518
High-Value Customers,IVORY CHANDELIER T-LIGHT HOLDER,517
High-Value Customers,CHARLIE & LOLA WASTEPAPER BIN BLUE,516
High-Value Customers,EASTER DECORATION EGG BUNNY ,516
High-Value Customers,PINK STITCHED WALL CLOCK,516
High-Value Customers,T-LIGHT HOLDER SWEETHEART HANGING,515
High-Value Customers,ANGEL DECORATION PAINTED ZINC ,514
High-Value Customers,CUT GLASS HEXAGON T-LIGHT HOLDER,514
High-Value Customers,HEARTS  STICKERS,514
High-Value Customers,FRENCH BLUE METAL DOOR SIGN 3,513
High-Value Customers,PINK/BLUE DISC/MIRROR STRING,513
High-Value Customers,FAIRY CAKES NOTEBOOK A6 SIZE,512
High-Value Customers,12 IVORY ROSE PEG PLACE SETTINGS,511
High-Value Customers,CHILDS GARDEN FORK PINK,511
High-Value Customers,DOORMAT MERRY CHRISTMAS RED ,511
High-Value Customers,SET 12 COLOUR PENCILS LOVE LONDON,510
High-Value Customers,GINGHAM HEART  DOORSTOP RED,509
High-Value Customers,BIRD DECORATION RED RETROSPOT,508
High-Value Customers,FRENCH BLUE METAL DOOR SIGN 5,508
High-Value Customers,SET OF 6 HEART CHOPSTICKS,508
High-Value Customers,GLASS APOTHECARY BOTTLE TONIC,507
High-Value Customers,DINOSAUR PARTY BAG + STICKER SET,505
High-Value Customers,RIDGED GLASS FINGER BOWL,505
High-Value Customers,WOODLAND  HEIGHT CHART STICKERS ,500
High-Value Customers,LETTER HOLDER HOME SWEET HOME,498
High-Value Customers,WHITE SAGE INCENSE,497
High-Value Customers,3 DRAWER ANTIQUE WHITE WOOD CABINET,496
High-Value Customers,FELTCRAFT HAIRBANDS PINK AND WHITE ,496
High-Value Customers,PARISIENNE KEY CABINET ,496
High-Value Customers,WOODLAND SMALL RED FELT HEART,496
High-Value Customers,CREAM SWEETHEART EGG HOLDER,495
High-Value Customers,YELLOW METAL CHICKEN HEART ,494
High-Value Customers,VINTAGE BELLS GARLAND,493
High-Value Customers,DAIRY MAID TOASTRACK,492
High-Value Customers,MAKE YOUR OWN PLAYTIME CARD KIT,492
High-Value Customers,WOODEN CROQUET GARDEN SET,492
High-Value Customers,FAIRY CAKES NOTEBOOK A7 SIZE,491
High-Value Customers,FRENCH GARDEN SIGN BLUE METAL,491
High-Value Customers,SMALL MEDINA STAMPED METAL BOWL ,491
High-Value Customers,HI TEC ALPINE HAND WARMER,490
High-Value Customers,CAST IRON HOOK GARDEN FORK,489
High-Value Customers,GIFT BAG BIRTHDAY,489
High-Value Customers,MIRROR MOSAIC GOBLET CANDLE HOLDER,488
High-Value Customers,HEN HOUSE DECORATION,485
High-Value Customers,4 LAVENDER BOTANICAL DINNER CANDLES,484
High-Value Customers,JINGLE BELL HEART ANTIQUE GOLD,484
High-Value Customers,MADRAS NOTEBOOK MEDIUM,484
High-Value Customers,SOAP DISH BROCANTE,483
High-Value Customers,"METAL SIGN,CUPCAKE SINGLE HOOK",481
High-Value Customers,PACK OF 12 STICKY BUNNIES,481
High-Value Customers,CHARLIE + LOLA RED HOT WATER BOTTLE,480
High-Value Customers,CHERUB HEART DECORATION GOLD,480
High-Value Customers,GARAGE KEY FOB,480
High-Value Customers,PINK METAL CHICKEN HEART ,479
High-Value Customers,ENAMEL BREAD BIN CREAM,478
High-Value Customers,OFFICE MUG WARMER PINK,478
High-Value Customers,ALUMINIUM STAMPED HEART,476
High-Value Customers,HANGING HEN ON NEST DECORATION,476
High-Value Customers,ASSORTED MONKEY SUCTION CUP HOOK,475
High-Value Customers,WRAP CHRISTMAS SCREEN PRINT,475
High-Value Customers,LOCAL CAFE MUG,473
High-Value Customers,CERAMIC LOVE HEART MONEY BANK,471
High-Value Customers,CHOCOLATE 3 WICK MORRIS BOX CANDLE,471
High-Value Customers,PLAYING CARDS VINTAGE DOILY ,471
High-Value Customers,TOADSTOOL MONEY BOX,471
High-Value Customers,HEART T-LIGHT HOLDER WILLIE WINKIE,470
High-Value Customers,RETRO MOD TRAY,470
High-Value Customers,SANDWICH BATH SPONGE,470
High-Value Customers,SET OF 6 HALLOWEEN GHOST T-LIGHTS,470
High-Value Customers,PASTEL COLOUR HONEYCOMB FAN,469
High-Value Customers,WOODLAND BUNNIES LOLLY MAKERS,469
High-Value Customers,GLASS APOTHECARY BOTTLE ELIXIR,467
High-Value Customers,GLITTER CHRISTMAS TREE,467
High-Value Customers,WHITE LOVEBIRD LANTERN,465
High-Value Customers,COTTON APRON PANTRY DESIGN,463
High-Value Customers,PINK/WHITE CHRISTMAS TREE 60CM,463
High-Value Customers,GLASS CHALICE BLUE SMALL ,462
High-Value Customers,REGENCY CAKE SLICE,462
High-Value Customers,SMALL PINK MAGIC CHRISTMAS TREE,462
High-Value Customers,VINTAGE EMBOSSED HEART,461
High-Value Customers,WOOD STAMP SET FLOWERS,461
High-Value Customers,ASS COL CIRCLE MOBILE ,460
High-Value Customers,SMALL GLASS SUNDAE DISH CLEAR,460
High-Value Customers,FRENCH BLUE METAL DOOR SIGN 6,459
High-Value Customers,ORANGE SCENTED SET/9 T-LIGHTS,459
High-Value Customers,WOOD STAMP SET HAPPY BIRTHDAY,459
High-Value Customers,18PC WOODEN CUTLERY SET DISPOSABLE,458
High-Value Customers,JIGSAW TOADSTOOLS 3 PIECE,458
High-Value Customers,MIXED NUTS LIGHT GREEN BOWL,458
High-Value Customers,BLUE/CREAM STRIPE CUSHION COVER ,457
High-Value Customers,FELT TOADSTOOL LARGE,457
High-Value Customers,"SWISS ROLL TOWEL, PINK  SPOTS",457
High-Value Customers,CHRISTMAS CARD STACK OF PRESENTS,456
High-Value Customers,HAIRCLIPS FORTIES FABRIC ASSORTED,456
High-Value Customers,LAVENDER SCENT CAKE CANDLE,456
High-Value Customers,SMOKEY GREY COLOUR D.O.F. GLASS,456
High-Value Customers,LARGE CAKE STAND  HANGING STRAWBERY,455
High-Value Customers,FRENCH BLUE METAL DOOR SIGN 4,454
High-Value Customers,STOP FOR TEA WALL ART,454
High-Value Customers,ZINC HEART FLOWER T-LIGHT HOLDER,454
High-Value Customers,CHRISTMAS TREE HANGING GOLD,453
High-Value Customers,VINTAGE BEAD PINK PURSE ,452
High-Value Customers,ENAMEL WASH BOWL CREAM,451
High-Value Customers,PORCELAIN T-LIGHT HOLDERS ASSORTED,451
High-Value Customers,CHARLIE AND LOLA TABLE TINS,450
High-Value Customers,ENVELOPE 50 BLOSSOM IMAGES,450
High-Value Customers,UNION JACK FLAG PASSPORT COVER ,450
High-Value Customers,VINTAGE CARAVAN GIFT WRAP,450
High-Value Customers,ROSE SCENT CANDLE JEWELLED DRAWER,449
High-Value Customers,SNOWSTORM PHOTO FRAME FRIDGE MAGNET,449
High-Value Customers,WHITE BROCANTE SOAP DISH,449
High-Value Customers,EGG CUP MILKMAID INGRID,448
High-Value Customers,KIDS RAIN MAC PINK,448
High-Value Customers,VINTAGE UNION JACK PENNANT,446
High-Value Customers,ASSTD DESIGN 3D PAPER STICKERS,445
High-Value Customers,CHILDS BREAKFAST SET DOLLY GIRL ,445
High-Value Customers,CHILDS GARDEN TROWEL BLUE ,445
High-Value Customers,"WHITE TEA,COFFEE,SUGAR JARS",445
High-Value Customers,ASSORTED EASTER DECORATIONS  BELLS,444
High-Value Customers,SET OF 4 ROSE BOTANICAL CANDLES,444
High-Value Customers,SET OF 4 ENGLISH ROSE PLACEMATS,443
High-Value Customers,SKULLS TAPE,443
High-Value Customers,TEATIME PUSH DOWN RUBBER,443
High-Value Customers,NOEL GARLAND PAINTED ZINC ,442
High-Value Customers,POTTING SHED ROSE CANDLE,442
High-Value Customers,SEWING SUSAN 21 NEEDLE SET,440
High-Value Customers,3 RAFFIA RIBBONS VINTAGE CHRISTMAS,439
High-Value Customers,ORANGE TV TRAY TABLE ,438
High-Value Customers,ASSTD COL BUTTERFLY/CRYSTAL W/CHIME,437
High-Value Customers,FELTCRAFT HAIRBAND RED AND BLUE,437
High-Value Customers,ZINC HEART LATTICE T-LIGHT HOLDER,436
High-Value Customers,CERAMIC CAKE DESIGN SPOTTED PLATE,435
High-Value Customers,SET OF 6 KASHMIR FOLKART BAUBLES,434
High-Value Customers,SILVER GLITTER FLOWER VOTIVE HOLDER,434
High-Value Customers,CUBIC MUG PINK POLKADOT,433
High-Value Customers,DOILY THANK YOU CARD,433
High-Value Customers,MINI JIGSAW LEAP FROG,433
High-Value Customers,RED STAR CARD HOLDER,433
High-Value Customers,SET 3 WICKER OVAL BASKETS W LIDS,433
High-Value Customers,CHILDS BREAKFAST SET SPACEBOY ,432
High-Value Customers,SET OF 6 T-LIGHTS TOADSTOOLS,432
High-Value Customers,WOODLAND DESIGN  COTTON TOTE BAG,432
High-Value Customers,SPACEBOY ROCKET LOLLY MAKERS,431
High-Value Customers,BRIGHT BLUES RIBBONS ,429
High-Value Customers,EMBROIDERED RIBBON REEL DAISY ,429
High-Value Customers,METAL MERRY CHRISTMAS WREATH,429
High-Value Customers,MINI JIGSAW DINOSAUR ,429
High-Value Customers,FRENCH BLUE METAL DOOR SIGN 7,427
High-Value Customers,GUMBALL MONOCHROME COAT RACK,427
High-Value Customers,RIBBON REEL SOCKS AND MITTENS,426
High-Value Customers,RED TEA TOWEL CLASSIC DESIGN,425
High-Value Customers,BIRDCAGE DECORATION TEALIGHT HOLDER,424
High-Value Customers,CAKE PLATE LOVEBIRD WHITE,424
High-Value Customers,SET/6 PURPLE BUTTERFLY T-LIGHTS,424
High-Value Customers,TEA TIME KITCHEN APRON,424
High-Value Customers,WHITE WOOD GARDEN PLANT LADDER,424
High-Value Customers,3 WHITE CHOC MORRIS BOXED CANDLES,423
High-Value Customers,BOOM BOX SPEAKER GIRLS,423
High-Value Customers,FELTCRAFT HAIRBAND PINK AND BLUE,423
High-Value Customers,FRENCH ENAMEL POT W LID,422
High-Value Customers,RED RETROSPOT SHOPPING BAG,421
High-Value Customers,WALL ART DOG LICENCE ,421
High-Value Customers,CHILDRENS TOY COOKING UTENSIL SET,420
High-Value Customers,ZINC FINISH 15CM PLANTER POTS,418
High-Value Customers,BISCUIT TIN VINTAGE RED,416
High-Value Customers,ENAMEL PINK COFFEE CONTAINER,416
High-Value Customers,BALLOONS  WRITING SET ,415
High-Value Customers,DOORMAT VINTAGE LEAF,415
High-Value Customers,GIN AND TONIC DIET METAL SIGN,415
High-Value Customers,RETROSPOT SMALL TUBE MATCHES,415
High-Value Customers,S/4 PINK FLOWER CANDLES IN BOWL,415
High-Value Customers,SET OF 3 BLACK FLYING DUCKS,415
High-Value Customers,CERAMIC BOWL WITH LOVE HEART DESIGN,414
High-Value Customers,RED RETROSPOT OVEN GLOVE DOUBLE,412
High-Value Customers,SWISS ROLL TOWEL PINK  SPOTS,412
High-Value Customers,FELTCRAFT GIRL NICOLE KIT,411
High-Value Customers,HOME GARLAND PAINTED ZINC ,411
High-Value Customers,GLASS JAR DAISY FRESH COTTON WOOL,410
High-Value Customers,SALLE DE BAIN HOOK,410
High-Value Customers,WOODEN ADVENT CALENDAR RED,406
High-Value Customers,FOLKART CLIP ON STARS,405
High-Value Customers,BLUE PAISLEY TISSUE BOX,403
High-Value Customers,CERAMIC PLATE STRAWBERRY DESIGN,403
High-Value Customers,POTTING SHED CANDLE CITRONELLA,402
High-Value Customers,ASSORTED LAQUERED INCENSE HOLDERS,401
High-Value Customers,PAPER BUNTING VINTAGE PARTY,400
High-Value Customers,RED RETROSPOT TRADITIONAL TEAPOT ,400
High-Value Customers,VINTAGE RED ENAMEL TRIM JUG ,400
High-Value Customers,WRAP BAD HAIR DAY,400
High-Value Customers,HOME SWEET HOME CUSHION COVER ,399
High-Value Customers,ASSORTED TUTTI FRUTTI KEYRING BALL,398
High-Value Customers,CHRISTMAS LIGHTS 10 SANTAS ,398
High-Value Customers,BICYCLE SAFTEY WALL ART,396
High-Value Customers,CHILDRENS GARDEN GLOVES BLUE,396
High-Value Customers,DRAWER KNOB VINTAGE GLASS STAR,396
High-Value Customers,LANDMARK FRAME COVENT GARDEN ,396
High-Value Customers,BLACK KITCHEN SCALES,395
High-Value Customers,HEART SHAPE WIRELESS DOORBELL,395
High-Value Customers,"AIRLINE LOUNGE,METAL SIGN",394
High-Value Customers,EMBROIDERED RIBBON REEL SUSIE ,393
High-Value Customers,CITRONELLA CANDLE FLOWERPOT,392
High-Value Customers,EMBROIDERED RIBBON REEL ROSIE,392
High-Value Customers,GUMBALL MAGAZINE RACK,392
High-Value Customers,RED PAPER PARASOL,392
High-Value Customers,BLACK ENCHANTED FOREST PLACEMAT,391
High-Value Customers,RECTANGULAR SHAPED MIRROR,391
High-Value Customers,SHELF WITH 4 HOOKS HOME SWEET HOME,391
High-Value Customers,T-LIGHT HOLDER HANGING LACE,391
High-Value Customers,HOT STUFF HOT WATER BOTTLE,390
High-Value Customers,IVORY SWEETHEART WIRE LETTER RACK ,389
High-Value Customers,RED PUDDING SPOON,389
High-Value Customers,BLOSSOM IMAGES GIFT WRAP SET,388
High-Value Customers,CHARLIE + LOLA BISCUITS TINS,388
High-Value Customers,RUSTIC MIRROR WITH LACE HEART,387
High-Value Customers,SET OF 4 FAIRY CAKE PLACEMATS ,386
High-Value Customers,GLASS JAR DIGESTIVE BISCUITS,385
High-Value Customers,PINK DOG BOWL,385
High-Value Customers,FRENCH BLUE METAL DOOR SIGN 8,383
High-Value Customers,LANDMARK FRAME LONDON BRIDGE ,383
High-Value Customers,RECYCLED ACAPULCO MAT TURQUOISE,382
High-Value Customers,6PC WOOD PLATE SET DISPOSABLE,381
High-Value Customers,HOME SWEET HOME KEY HOLDER,381
High-Value Customers,PHARMACIE FIRST AID TIN,381
High-Value Customers,PINK  HONEYCOMB PAPER BALL ,381
High-Value Customers,HANGING CHICK GREEN DECORATION,380
High-Value Customers,LANDMARK FRAME NOTTING HILL ,380
High-Value Customers,LANDMARK FRAME OXFORD STREET,380
High-Value Customers,OFFICE MUG WARMER CHOC+BLUE,380
High-Value Customers,ROSE CARAVAN DOORSTOP,380
High-Value Customers,BIRD HOUSE HOT WATER BOTTLE,379
High-Value Customers,STRAWBERRY RAFFIA FOOD COVER,379
High-Value Customers,BATHROOM METAL SIGN ,378
High-Value Customers,IVORY GIANT GARDEN THERMOMETER,378
High-Value Customers,LARGE YELLOW BABUSHKA NOTEBOOK ,378
High-Value Customers,LED TEA LIGHTS,378
High-Value Customers,SET 6 FOOTBALL CELEBRATION CANDLES,377
High-Value Customers,DECORATION WOBBLY CHICKEN,376
High-Value Customers,FELT TOADSTOOL  SMALL,376
High-Value Customers,PINK NEW BAROQUECANDLESTICK CANDLE,376
High-Value Customers,UNION FLAG WINDSOCK,375
High-Value Customers,WAKE UP COCKEREL TILE COASTER,375
High-Value Customers,GLASS JAR MARMALADE ,374
High-Value Customers,HEART MINI PORTRAIT FRAME,374
High-Value Customers,SET/6 BEAD COASTERS GAUZE BAG GOLD,374
High-Value Customers,BLUE GLASS GEMS IN BAG,373
High-Value Customers,CHILDS BREAKFAST SET CIRCUS PARADE,373
High-Value Customers,LARGE ANTIQUE WHITE PHOTO FRAME,373
High-Value Customers,"CHARLIE+LOLA""EXTREMELY BUSY"" SIGN",371
High-Value Customers,EASTER DECORATION SITTING BUNNY,371
High-Value Customers,HOT BATHS SOAP HOLDER,371
High-Value Customers,SET OF 3 COLOURED  FLYING DUCKS,370
High-Value Customers,BUTTERFLIES STICKERS,369
High-Value Customers,DOORMAT VINTAGE LEAVES DESIGN ,369
High-Value Customers,GLASS STAR FROSTED T-LIGHT HOLDER,369
High-Value Customers,SINGLE WIRE HOOK PINK HEART,369
High-Value Customers,BLOSSOM  IMAGES NOTEBOOK SET,368
High-Value Customers,JIGSAW RABBIT AND BIRDHOUSE,367
High-Value Customers,VICTORIAN SEWING BOX MEDIUM,367
High-Value Customers,BAKING MOULD EASTER EGG WHITE CHOC,366
High-Value Customers,BLUE CALCULATOR RULER,366
High-Value Customers,CALENDAR IN SEASON DESIGN,366
High-Value Customers,SMALLFOLKART BAUBLE CHRISTMAS DEC,366
High-Value Customers,BLUE NEW BAROQUE CANDLESTICK CANDLE,365
High-Value Customers,CHRISTMAS GINGHAM HEART,364
High-Value Customers,MEDIUM CHINESE STYLE SCISSOR,364
High-Value Customers,MISTLETOE HEART WREATH CREAM,364
High-Value Customers,ORIGAMI JASMINE INCENSE/CANDLE SET,364
High-Value Customers,RED ENCHANTED FOREST PLACEMAT,363
High-Value Customers,ASSORTED TUTTI FRUTTI MIRROR,362
High-Value Customers,BABUSHKA LIGHTS STRING OF 10,361
High-Value Customers,BELLE JARDINIERE CUSHION COVER,361
High-Value Customers,DOLLY HONEYCOMB GARLAND,361
High-Value Customers,ENGLISH ROSE NOTEBOOK A6 SIZE,361
High-Value Customers,CERAMIC BOWL WITH STRAWBERRY DESIGN,360
High-Value Customers,CHARLOTTE BAG ALPHABET  DESIGN,360
High-Value Customers,EASTER DECORATION NATURAL CHICK,360
High-Value Customers,SET/12 TAPER CANDLES,360
High-Value Customers,TUMBLER BAROQUE,360
High-Value Customers,BLACK TEA TOWEL CLASSIC DESIGN,359
High-Value Customers,S/15 SILVER GLASS BAUBLES IN BAG,359
High-Value Customers,CARD HOLDER GINGHAM HEART,357
High-Value Customers,CREAM FELT EASTER EGG BASKET,357
High-Value Customers,OFFICE MUG WARMER POLKADOT,357
High-Value Customers,DOG LICENCE WALL ART,356
High-Value Customers,PAPERWEIGHT VINTAGE COLLAGE,356
High-Value Customers,CAST IRON HOOK GARDEN TROWEL,355
High-Value Customers,HANGING WOOD AND FELT BUTTERFLY ,355
High-Value Customers,UNION JACK FLAG LUGGAGE TAG,355
High-Value Customers,BEADED PEARL HEART WHITE ON STICK,354
High-Value Customers,FRENCH FLORAL CUSHION COVER ,353
High-Value Customers,PANTRY APPLE CORER,353
High-Value Customers,PARISIENNE CURIO CABINET,353
High-Value Customers,OWL DOORSTOP,351
High-Value Customers,SET/4 BIRD MIRROR MAGNETS ,351
High-Value Customers,BISCUIT TIN VINTAGE GREEN,350
High-Value Customers,CANDY SPOT EGG WARMER RABBIT,349
High-Value Customers,CHRISTMAS TREE HANGING SILVER ,349
High-Value Customers,ROUND CAKE TIN VINTAGE GREEN,349
High-Value Customers,EGG FRYING PAN RED ,348
High-Value Customers,PACK 20 ENGLISH ROSE PAPER NAPKINS,348
High-Value Customers,TOMATO CHARLIE+LOLA COASTER SET,348
High-Value Customers,URBAN BLACK RIBBONS ,348
High-Value Customers,WELCOME  WOODEN BLOCK LETTERS,348
High-Value Customers,METAL SIGN HIS DINNER IS SERVED,347
High-Value Customers,VILLAGE SHOW WALL ART,346
High-Value Customers,EASTER TIN BUCKET,345
High-Value Customers,CLASSIC FRENCH STYLE BASKET NATURAL,343
High-Value Customers,SET OF 6 CAKE CHOPSTICKS,343
High-Value Customers,GREEN METAL BOX ARMY SUPPLIES,341
High-Value Customers,BUNNY WOODEN PAINTED WITH FLOWER ,340
High-Value Customers,PHOTO FRAME 3 CLASSIC HANGING,340
High-Value Customers,BEADED CRYSTAL HEART PINK LARGE,339
High-Value Customers,GOLD MUG BONE CHINA TREE OF LIFE,339
High-Value Customers,PARTY INVITES DINOSAURS,339
High-Value Customers,POCKET BAG BLUE PAISLEY RED SPOT,338
High-Value Customers,BOOZE & WOMEN GREETING CARD ,337
High-Value Customers,CHILDS GARDEN TROWEL PINK,335
High-Value Customers,HEART STRING MEMO HOLDER HANGING,335
High-Value Customers,BLUE TEA TOWEL CLASSIC DESIGN,334
High-Value Customers,DINOSAURS  WRITING SET ,334
High-Value Customers,EMBROIDERED RIBBON REEL EMILY ,334
High-Value Customers,BLUE OWL SOFT TOY,333
High-Value Customers,PEARLISED IVORY HEART LARGE ,333
High-Value Customers,RED HEARTS LIGHT CHAIN ,333
High-Value Customers,IVORY LOVE BIRD CANDLE,332
High-Value Customers, SPACEBOY BABY GIFT SET,331
High-Value Customers,RIBBON REEL FLORA + FAUNA ,331
High-Value Customers,SET 10 LIGHTS NIGHT OWL,331
High-Value Customers,LANDMARK FRAME BAKER STREET ,330
High-Value Customers,EASTER TIN CHICKS PINK DAISY,329
High-Value Customers,SAVE THE PLANET COTTON TOTE BAG,328
High-Value Customers,EAU DE NIL LOVE BIRD CANDLE,327
High-Value Customers,LARGE STRIPES CHOCOLATE GIFT BAG,327
High-Value Customers,ORIGAMI ROSE INCENSE IN TUBE,327
High-Value Customers,SET 10 NIGHT OWL LIGHTS,327
High-Value Customers,ROMANTIC IMAGES GIFT WRAP SET,326
High-Value Customers,BLUE COAT RACK PARIS FASHION,325
High-Value Customers,SET/3 VANILLA SCENTED CANDLE IN BOX,325
High-Value Customers,WRAP DAISY CARPET ,325
High-Value Customers,WRAP RED DOILEY,325
High-Value Customers,PAPER CHAIN KIT LONDON,324
High-Value Customers,TEATIME GEL PENS ASST,324
High-Value Customers,BLUE ROSE FABRIC MIRROR,323
High-Value Customers,BOX OF 9 PEBBLE CANDLES,323
High-Value Customers,PARLOUR CERAMIC WALL HOOK,323
High-Value Customers,WOODEN ADVENT CALENDAR CREAM,323
High-Value Customers,RECYCLED ACAPULCO MAT RED,322
High-Value Customers,ROSE FOLKART HEART DECORATIONS,321
High-Value Customers,CHRISTMAS TREE DECORATION WITH BELL,320
High-Value Customers,FRENCH BLUE METAL DOOR SIGN 0,320
High-Value Customers,PARTY INVITES SPACEMAN,319
High-Value Customers,ANTIQUE TALL SWIRLGLASS TRINKET POT,318
High-Value Customers,CHILDRENS GARDEN GLOVES PINK,318
High-Value Customers,IVORY KNITTED MUG COSY ,318
High-Value Customers,MAGIC DRAWING SLATE GO TO THE FAIR ,318
High-Value Customers,SET OF 2 CERAMIC CHRISTMAS TREES,318
High-Value Customers,AIRLINE BAG VINTAGE JET SET RED,317
High-Value Customers,RUSTIC STRAWBERRY JAM POT SMALL,317
High-Value Customers,WICKER WREATH LARGE,317
High-Value Customers,"BLACK TEA,COFFEE,SUGAR JARS",314
High-Value Customers,PANDA AND BUNNIES STICKER SHEET,313
High-Value Customers,SMALL LICORICE DES PINK BOWL,313
High-Value Customers,DECORATION WHITE CHICK MAGIC GARDEN,312
High-Value Customers,SET OF 2 WOODEN MARKET CRATES,312
High-Value Customers,SMALL SKULL WINDMILL,311
High-Value Customers,VINTAGE CHRISTMAS TABLECLOTH,310
High-Value Customers,MARIE ANTOINETTE TRINKET BOX SILVER,309
High-Value Customers,S/4 CACTI CANDLES,309
High-Value Customers,PACK OF 6 HANDBAG GIFT BOXES,308
High-Value Customers,WALL ART VINTAGE HEART,308
High-Value Customers,FAIRY CAKE DESIGN UMBRELLA,307
High-Value Customers,PENCIL CASE LIFE IS BEAUTIFUL,307
High-Value Customers,DOLLY GIRL WALL ART,306
High-Value Customers,FANNY'S REST STOPMETAL SIGN,306
High-Value Customers,FRYING PAN RED RETROSPOT,306
High-Value Customers,ASS DES PHONE SPONGE CRAFT STICKER,305
High-Value Customers,DOLLY GIRL BABY GIFT SET,305
High-Value Customers,PAPER LANTERN 9 POINT DELUXE STAR,305
High-Value Customers,ASSORTED TUTTI FRUTTI  FOB NOTEBOOK,304
High-Value Customers,SKULLS WRITING SET ,304
High-Value Customers,12 RED ROSE PEG PLACE SETTINGS,303
High-Value Customers,CARROT CHARLIE+LOLA COASTER SET,303
High-Value Customers,WALL ART BUFFALO BILL ,303
High-Value Customers,FOOT STOOL HOME SWEET HOME ,302
High-Value Customers,WALL ART DOLLY GIRL ,302
High-Value Customers,GLITTER CHRISTMAS TREE WITH BELLS,301
High-Value Customers,BOTANICAL LAVENDER GIFT WRAP ,300
High-Value Customers,MARIE ANTOINETTE TRINKET BOX GOLD,300
High-Value Customers,VICTORIAN SEWING BOX LARGE,300
High-Value Customers,IVORY HANGING DECORATION  EGG,299
High-Value Customers,LE JARDIN BOTANIQUE CUSHION COVER,299
High-Value Customers,PINK PAPER PARASOL ,299
High-Value Customers,EMBROIDERED RIBBON REEL SALLY ,297
High-Value Customers,HANGING HEART BONHEUR,297
High-Value Customers,PARTY INVITES JAZZ HEARTS,297
High-Value Customers,RETROSPOT CANDLE  SMALL,297
High-Value Customers,WALL ART 70'S ALPHABET ,297
High-Value Customers,DOORMAT I LOVE LONDON,296
High-Value Customers,FRENCH BLUE METAL DOOR SIGN 9,296
High-Value Customers,RECYCLED ACAPULCO MAT GREEN,296
High-Value Customers,ENGLISH ROSE SCENTED HANGING FLOWER,295
High-Value Customers,CARDHOLDER HOLLY WREATH METAL,294
High-Value Customers,CHARLIE+LOLA PINK HOT WATER BOTTLE,294
High-Value Customers,BEADED CRYSTAL HEART BLUE  LARGE,293
High-Value Customers,HEART MIRROR ANTIQUE WHITE,293
High-Value Customers,CAT BOWL VINTAGE CREAM,291
High-Value Customers,FRYING PAN PINK POLKADOT,291
High-Value Customers,S/4 IVORY MINI ROSE CANDLE IN BOWL,290
High-Value Customers,CURIOUS IMAGES GIFT WRAP SET,289
High-Value Customers,DOORMAT WELCOME SUNRISE,288
High-Value Customers,ENAMEL WATERING CAN CREAM,288
High-Value Customers,RED/CREAM STRIPE CUSHION COVER ,288
High-Value Customers,SET/5 RED SPOTTY LID GLASS BOWLS,288
High-Value Customers,SET/6 PINK BIRD T-LIGHT CANDLES,288
High-Value Customers,3 TIER CAKE TIN GREEN AND CREAM,286
High-Value Customers,CERAMIC CAKE STAND + HANGING CAKES,285
High-Value Customers,PSYCHEDELIC TILE COASTER,285
High-Value Customers,SMALL BONNE JAM JAR  T-LIGHT HOLDER,285
High-Value Customers,T-LIGHT HOLDER HANGING LOVE BIRD,285
High-Value Customers,SET OF 6 FUNKY BEAKERS,284
High-Value Customers,BLUE POLKADOT WASHING UP GLOVES,282
High-Value Customers,CARDHOLDER GINGHAM CHRISTMAS TREE,282
High-Value Customers,SPACEBOY WALL ART,282
High-Value Customers,APRON MODERN VINTAGE COTTON,281
High-Value Customers,CANDY SPOT EGG WARMER HARE,281
High-Value Customers,HOT WATER BOTTLE SEX BOMB,281
High-Value Customers,KINGS CHOICE TEA CADDY ,281
High-Value Customers,BIRDHOUSE DECORATION MAGIC GARDEN,279
High-Value Customers,HAWAIIAN GRASS SKIRT ,279
High-Value Customers,3 GARDENIA MORRIS BOXED CANDLES,277
High-Value Customers,BABY BOOM RIBBONS ,277
High-Value Customers,WOODLAND LARGE PINK FELT HEART,277
High-Value Customers, I LOVE LONDON MINI BACKPACK,276
High-Value Customers,A PRETTY THANK YOU CARD,276
High-Value Customers,"DECOUPAGE,GREETING CARD,",276
High-Value Customers,PAPERWEIGHT SAVE THE PLANET,276
High-Value Customers,VINTAGE BEAD PINK EVENING BAG,276
High-Value Customers,PAPER CHAIN KIT SKULLS ,275
High-Value Customers,HOME SWEET HOME BOTTLE ,272
High-Value Customers,LAVENDER TOILETTE BOTTLE,272
High-Value Customers,CAT AND BIRD WALL ART,270
High-Value Customers,MEASURING TAPE BABUSHKA PINK,270
High-Value Customers,METAL SIGN CUPCAKE SINGLE HOOK,270
High-Value Customers,SET OF 4 KNICK KNACK TINS LEAVES ,270
High-Value Customers,SUMMER FUN DESIGN SHOWER CAP,269
High-Value Customers,BIRD DECORATION GREEN POLKADOT,268
High-Value Customers,BREAD BIN DINER STYLE PINK,268
High-Value Customers,BUNNY DECORATION MAGIC GARDEN,268
High-Value Customers,ENAMEL COLANDER CREAM,268
High-Value Customers,SET/4 DAISY MIRROR MAGNETS,268
High-Value Customers,TV DINNER TRAY AIR HOSTESS ,268
High-Value Customers,ZINC HERB GARDEN CONTAINER,268
High-Value Customers,IVORY ENCHANTED FOREST PLACEMAT,267
High-Value Customers,SET OF 6 VINTAGE NOTELETS KIT,267
High-Value Customers,YULETIDE IMAGES GIFT WRAP SET,267
High-Value Customers,BUNNY EGG GARLAND,266
High-Value Customers,CHILDS GARDEN BRUSH PINK,266
High-Value Customers,FELT EGG COSY WHITE RABBIT ,266
High-Value Customers,ENAMEL PINK TEA CONTAINER,265
High-Value Customers,MINT DINER WALL CLOCK,265
High-Value Customers,SET/4 WHITE RETRO STORAGE CUBES ,265
High-Value Customers,COLUMBIAN CANDLE ROUND,263
High-Value Customers,EMBROIDERED RIBBON REEL RACHEL ,262
High-Value Customers,BLUE BIRDHOUSE DECORATION,261
High-Value Customers,EGG CUP MILKMAID HELGA ,261
High-Value Customers,WHITE CHRISTMAS STAR DECORATION,261
High-Value Customers,PARTY CONES CANDY DECORATION,260
High-Value Customers,SWIRLY CIRCULAR RUBBERS IN BAG,259
High-Value Customers,TV DINNER TRAY VINTAGE PAISLEY,259
High-Value Customers,4 IVORY DINNER CANDLES SILVER FLOCK,258
High-Value Customers,PARTY INVITES FOOTBALL,258
High-Value Customers,3D DOG PICTURE PLAYING CARDS,257
High-Value Customers,LOVE HEART SOCK HANGER,257
High-Value Customers,ORIGAMI SANDLEWOOD INCENSE/CAND SET,257
High-Value Customers,VINTAGE CREAM 3 BASKET CAKE STAND,257
High-Value Customers,BLACK PIRATE TREASURE CHEST,256
High-Value Customers,BREAD BIN DINER STYLE MINT,256
High-Value Customers,LARGE WHITE/PINK ROSE ART FLOWER,256
High-Value Customers,BOTANICAL LAVENDER BIRTHDAY CARD,255
High-Value Customers,IVORY PILLAR CANDLE SILVER FLOCK,255
High-Value Customers,"ART LIGHTS,FUNK MONKEY",254
High-Value Customers,SET OF 3 BABUSHKA STACKING TINS,254
High-Value Customers,BANK ACCOUNT  GREETING  CARD ,253
High-Value Customers,CHARLIE+LOLA MY ROOM DOOR SIGN,253
High-Value Customers,GINGHAM RECIPE BOOK BOX,253
High-Value Customers,GREEN BIRDHOUSE DECORATION,253
High-Value Customers,MIRROR MOSAIC HURRICANE LAMP ,253
High-Value Customers,TEA FOR ONE POLKADOT,253
High-Value Customers,ALPHABET HEARTS STICKER SHEET,252
High-Value Customers,CRYSTAL STUD EARRINGS ASSORTED COL ,252
High-Value Customers,DOG AND BALL WALL ART,252
High-Value Customers,FIVE HEART HANGING DECORATION,251
High-Value Customers,PINK  HONEYCOMB PAPER FAN,251
High-Value Customers,RED COAT RACK PARIS FASHION,251
High-Value Customers,WRAP CAROUSEL,250
High-Value Customers,BLUE GIANT GARDEN THERMOMETER,249
High-Value Customers,FELT EGG COSY BLUE RABBIT ,249
High-Value Customers,PING MICROWAVE APRON,249
High-Value Customers,TEA TIME TEAPOT IN GIFT BOX,249
High-Value Customers,CHOCOLATE 1 WICK MORRIS BOX CANDLE,248
High-Value Customers,FRENCH LATTICE CUSHION COVER ,248
High-Value Customers,RED RETROSPOT LUGGAGE TAG,248
High-Value Customers,ROMANTIC IMAGES NOTEBOOK SET,248
High-Value Customers,SET OF 4 NAPKIN CHARMS HEARTS,248
High-Value Customers,NOVELTY BISCUITS CAKE STAND 3 TIER,247
High-Value Customers,OVAL  MINI PORTRAIT FRAME,246
High-Value Customers,RAINBOW PEGS PHOTO CLIP STRING,246
High-Value Customers,TEA TIME DES TEA COSY,246
High-Value Customers,GLASS JAR PEACOCK BATH SALTS,245
High-Value Customers,WICKER WREATH SMALL,245
High-Value Customers,CHILDS GARDEN BRUSH BLUE,244
High-Value Customers,EAU DE NILE JEWELLED PHOTOFRAME,244
High-Value Customers,DOG BOWL VINTAGE CREAM,242
High-Value Customers,MILK PAN RED RETROSPOT,242
High-Value Customers,PACK 20 DOLLY PEGS,242
High-Value Customers,TV DINNER TRAY DOLLY GIRL,242
High-Value Customers,FELT FARM ANIMAL HEN,241
High-Value Customers,FOLK ART METAL STAR T-LIGHT HOLDER,240
High-Value Customers,HEN HOUSE W CHICK STANDING,240
High-Value Customers,MISELTOE HEART WREATH CREAM,240
High-Value Customers,PAISLEY PARK CARD,240
High-Value Customers,PARTY INVITES BALLOON GIRL,240
High-Value Customers,T-LIGHT HOLDER WHITE LACE,240
High-Value Customers,WHITE WIRE EGG HOLDER,240
High-Value Customers,HANGING METAL RABBIT DECORATION,239
High-Value Customers,SET/4 BADGES BALLOON GIRL,239
High-Value Customers,MIRRORED WALL ART SNOWFLAKES,238
High-Value Customers,ANIMALS AND NATURE WALL ART,237
High-Value Customers,FLOWER VINE RAFFIA FOOD COVER,237
High-Value Customers,LAUREL STAR ANTIQUE SILVER ,237
High-Value Customers,MADRAS NOTEBOOK LARGE ,237
High-Value Customers,SILVER RECORD COVER FRAME,237
High-Value Customers,CIRCUS PARADE BABY GIFT SET,236
High-Value Customers,PARTY FOOD SHOPPER BAG,236
High-Value Customers,TOAST ITS - HAPPY BIRTHDAY,236
High-Value Customers,TREE T-LIGHT HOLDER WILLIE WINKIE,236
High-Value Customers,MONEY BOX POCKET MONEY DESIGN,235
High-Value Customers,RED RETROSPOT PUDDING BOWL,235
High-Value Customers,SET OF 6 GIRLS CELEBRATION CANDLES,235
High-Value Customers,ORIGAMI ROSE INCENSE/CANDLE SET ,234
High-Value Customers,PARTY CONES CARNIVAL ASSORTED,234
High-Value Customers,SILVER APERITIF GLASS,234
High-Value Customers,SNOWFLAKE PORTABLE TABLE LIGHT ,234
High-Value Customers,SEASIDE FLYING DISC,233
High-Value Customers,SET OF 36 DINOSAUR PAPER DOILIES,233
High-Value Customers,CLASSIC FRENCH STYLE BASKET GREEN ,232
High-Value Customers,DECORATION  BUTTERFLY  MAGIC GARDEN,232
High-Value Customers,"DIAMANTE HEART SHAPED WALL MIRROR, ",232
High-Value Customers,RED RETROSPOT PURSE ,232
High-Value Customers,MIRRORED WALL ART SKULLS,231
High-Value Customers,POMPOM CURTAIN,231
High-Value Customers,RED RETROSPOT STORAGE JAR,231
High-Value Customers,SKULL DESIGN TV DINNER TRAY,231
High-Value Customers,EASTER BUNNY GARLAND OF FLOWERS,230
High-Value Customers,"RETRO PILL BOX KEY CHAIN,THE KING",230
High-Value Customers,ANTIQUE HEART SHELF UNIT,229
High-Value Customers,4 LILY  BOTANICAL DINNER CANDLES,228
High-Value Customers,CHERRY BLOSSOM  DECORATIVE FLASK,228
High-Value Customers,HOME SWEET HOME HOOK,228
High-Value Customers,TREASURE AHOY WALL ART,228
High-Value Customers,3D HEARTS  HONEYCOMB PAPER GARLAND,227
High-Value Customers,MEASURING TAPE BABUSHKA BLUE,227
High-Value Customers,CHRISTMAS HANGING SNOWFLAKE,226
High-Value Customers,WHITE/PINK CHICK DECORATION,226
High-Value Customers,CREAM WALL PLANTER HEART SHAPED,225
High-Value Customers,EMBROIDERED RIBBON REEL SOPHIE  ,225
High-Value Customers,FELTCRAFT BOY JEAN-PAUL KIT,224
High-Value Customers,KEEP CALM WALL ART ,224
High-Value Customers,LAUREL STAR ANTIQUE GOLD,224
High-Value Customers,DRAWER KNOB VINTAGE GLASS BALL,223
High-Value Customers,EAU DE NILE HEART SHAPE PHOTO FRAME,222
High-Value Customers,PINK ENAMEL+GLASS HAIR COMB,222
High-Value Customers,YELLOW COAT RACK PARIS FASHION,222
High-Value Customers,3D SHEET OF DOG STICKERS,221
High-Value Customers,CAKE STAND WHITE TWO TIER LACE,221
High-Value Customers,TOAST ITS - FAIRY FLOWER,221
High-Value Customers,DAISIES  HONEYCOMB GARLAND ,220
High-Value Customers,HORSE & PONY WALL ART,220
High-Value Customers,COCKLE SHELL DISH,219
High-Value Customers,JASMINE VOTIVE CANDLE,218
High-Value Customers,RETRO PLASTIC 70'S TRAY,218
High-Value Customers,CHOC TRUFFLE GOLD TRINKET POT ,217
High-Value Customers,HOME SWEET HOME 3 PEG HANGER ,217
High-Value Customers,RETROSPOT CANDLE  MEDIUM,217
High-Value Customers,BAKING MOULD ROSE WHITE CHOCOLATE,216
High-Value Customers,BOTANICAL LILY GREETING CARD,216
High-Value Customers,BUFFALO BILL WALL ART ,216
High-Value Customers,COSMETIC BAG VINTAGE ROSE PAISLEY,216
High-Value Customers,EGG FRYING PAN IVORY ,216
High-Value Customers,RED RETROSPOT APRON ,216
High-Value Customers,"TRAY, BREAKFAST IN BED",216
High-Value Customers,ANTIQUE ALL GLASS CANDLESTICK,215
High-Value Customers,BOHEMIAN COLLAGE STATIONERY SET,215
High-Value Customers,GRASS HOPPER WOODEN WALL CLOCK ,215
High-Value Customers,ROSE SCENT CANDLE IN JEWELLED BOX,215
High-Value Customers,TABLECLOTH RED APPLES DESIGN ,215
High-Value Customers,DOORMAT NEIGHBOURHOOD WITCH ,214
High-Value Customers,SET/4 RED MINI ROSE CANDLE IN BOWL,214
High-Value Customers,VINTAGE UNION JACK CUSHION COVER,214
High-Value Customers,MIRRORED WALL ART STARS,213
High-Value Customers,PAPERWEIGHT CHILDHOOD MEMORIES,212
High-Value Customers,CINDERELLA CHANDELIER ,211
High-Value Customers,PHOTO FRAME LINEN AND LACE SMALL,211
High-Value Customers,12 DAISY PEGS IN WOOD BOX,210
High-Value Customers,RIDGED GLASS T-LIGHT HOLDER,210
High-Value Customers,SILVER PLATE CANDLE BOWL SMALL,210
High-Value Customers,UNION STRIPE CUSHION COVER ,210
High-Value Customers,GLASS CLOCHE LARGE,209
High-Value Customers,POSTE FRANCE CUSHION COVER,209
High-Value Customers,SET/3 OCEAN SCENT CANDLE JEWEL BOX,209
High-Value Customers,DAIRY MAID LARGE MILK JUG,208
High-Value Customers,SQUARE MINI PORTRAIT FRAME,208
High-Value Customers,CLOCK MAGNET MUM'S KITCHEN,207
High-Value Customers,RUSTIC STRAWBERRY JAM POT LARGE ,207
High-Value Customers,CARD HOLDER LOVE BIRD SMALL,206
High-Value Customers,DANISH ROSE TRINKET TRAYS,206
High-Value Customers,FAIRY CAKE BIRTHDAY CANDLE SET,206
High-Value Customers,PAPER BUNTING PAISLEY PARK,206
High-Value Customers,PINK HEART SHAPE PHOTO FRAME,206
High-Value Customers,RETROSPOT CANDLE  LARGE,206
High-Value Customers,ANT WHITE WIRE HEART SPIRAL,205
High-Value Customers,GREEN GIANT GARDEN THERMOMETER,205
High-Value Customers,ORIGAMI VANILLA INCENSE/CANDLE SET ,205
High-Value Customers,PARISIENNE SEWING BOX,205
High-Value Customers,RECYCLED ACAPULCO MAT BLUE,205
High-Value Customers,RECYCLED ACAPULCO MAT PINK,205
High-Value Customers,CREAM SWEETHEART LETTER RACK,204
High-Value Customers,LARGE BONNE JAM JAR  T-LIGHT HOLDER,204
High-Value Customers,MOCK LOBSTER FRIDGE MAGNET,204
High-Value Customers,SET OF 6 RIBBONS PERFECTLY PRETTY  ,204
High-Value Customers,LAUREL HEART ANTIQUE GOLD,203
High-Value Customers,PORCELAIN ROSE LARGE ,203
High-Value Customers,SET OF 4 PISTACHIO LOVEBIRD COASTER,203
High-Value Customers,SET/6 FROG PRINCE T-LIGHT CANDLES,203
High-Value Customers,SILK PURSE BABUSHKA PINK,203
High-Value Customers,12 PINK ROSE PEG PLACE SETTINGS,202
High-Value Customers,PEACE WOODEN BLOCK LETTERS,202
High-Value Customers,AFGHAN SLIPPER SOCK PAIR,201
High-Value Customers,DISCO BALL ROTATOR BATTERY OPERATED,201
High-Value Customers,EASTER TIN CHICKS IN GARDEN,201
High-Value Customers,FAIRY SOAP SOAP HOLDER,201
High-Value Customers,PIZZA PLATE IN BOX,201
High-Value Customers,BOTANICAL LILY GIFT WRAP,200
High-Value Customers,FELT FARM ANIMAL SHEEP,200
High-Value Customers,GROOVY CACTUS INFLATABLE,200
High-Value Customers,LUNCH BAG RED SPOTTY,200
High-Value Customers,SWEETHEART WIRE MAGAZINE RACK,200
High-Value Customers,4 PEAR BOTANICAL DINNER CANDLES,199
High-Value Customers,MIRRORED WALL ART POPPIES,199
High-Value Customers,BLUE FELT EASTER EGG BASKET,198
High-Value Customers,BLUE FLOCK GLASS CANDLEHOLDER,198
High-Value Customers,EMBROIDERED RIBBON REEL CLAIRE,198
High-Value Customers,PARTY CONES CANDY TREE DECORATION,198
High-Value Customers,LOVELY BONBON STICKER SHEET,197
High-Value Customers,POTTING SHED SEED ENVELOPES,197
High-Value Customers,JAM CLOCK MAGNET,196
High-Value Customers,WALL ART LOVES' SECRET ,196
High-Value Customers,PINK HORSE SOCK PUPPET,195
High-Value Customers,HENRIETTA HEN MUG ,194
High-Value Customers,PAINTED PINK RABBIT ,194
High-Value Customers,TEA COSY RED  STRIPE,194
High-Value Customers,WOODLAND STORAGE BOX LARGE ,194
High-Value Customers,50CM METAL STRING WITH  7 CLIPS,193
High-Value Customers,SET OF 4 BLACK LOVEBIRD COASTERS,193
High-Value Customers,STAR PORTABLE TABLE LIGHT ,193
High-Value Customers,AIRLINE BAG VINTAGE JET SET BROWN,192
High-Value Customers,APRON APPLE DELIGHT,192
High-Value Customers,CHRISTMAS CARD SINGING ANGEL,192
High-Value Customers,KINGS CHOICE BISCUIT TIN,192
High-Value Customers,S/12 MINI RABBIT EASTER,192
High-Value Customers,WALL ART WORK REST AND PLAY  ,192
High-Value Customers,ANTIQUE GLASS HEART DECORATION ,191
High-Value Customers,BLUE POLKADOT KIDS BAG,191
High-Value Customers,CARDHOLDER GINGHAM STAR,191
High-Value Customers,GREEN METAL SWINGING BUNNY,191
High-Value Customers,WHITE HANGING BEADS CANDLE HOLDER,191
High-Value Customers,PEARLISED IVORY HEART SMALL ,190
High-Value Customers,PINK LOVE BIRD CANDLE,190
High-Value Customers,DOLLY MIXTURE CHILDREN'S UMBRELLA,189
High-Value Customers,FRENCH STYLE STORAGE JAR JAM,189
High-Value Customers,JARDIN ETCHED GLASS CHEESE DISH,189
High-Value Customers,TOADSTOOL BEDSIDE LIGHT ,189
High-Value Customers,WALL ART HORSE & PONY ,189
High-Value Customers,ASS COLOUR GLOWING TIARAS,188
High-Value Customers,RECYCLED ACAPULCO MAT LAVENDER,188
High-Value Customers,WALL ART GARDEN HAVEN ,188
High-Value Customers,WOODLAND SMALL BLUE FELT HEART,188
High-Value Customers,ANGEL DECORATION WITH LACE PADDED,187
High-Value Customers,HAND TOWEL PINK FLOWER AND DAISY,187
High-Value Customers,BOX OF 6 ASSORTED COLOUR TEASPOONS,186
High-Value Customers,EMBROIDERED RIBBON REEL REBECCA ,186
High-Value Customers,RATTLE SNAKE EGGS,185
High-Value Customers,VINTAGE UNION JACK APRON,185
High-Value Customers,WOODEN SKITTLES GARDEN SET,185
High-Value Customers,75 GREEN PETIT FOUR CASES,184
High-Value Customers,FRENCH ENAMEL WATER BASIN,184
High-Value Customers,PINK DINER WALL CLOCK,184
High-Value Customers,SPACEBOY TV DINNER TRAY,184
High-Value Customers,CAKE STAND 3 TIER MAGIC GARDEN,183
High-Value Customers,EMBOSSED HEART TRINKET BOX,183
High-Value Customers,BOTANICAL GARDENS WALL CLOCK ,182
High-Value Customers,CLASSIC FRENCH STYLE BASKET BROWN,182
High-Value Customers,PINK RIVIERA HANDBAG,182
High-Value Customers,BROCANTE COAT RACK,181
High-Value Customers,LARGE DECO JEWELLERY STAND,181
High-Value Customers,LOVE GARLAND PAINTED ZINC ,181
High-Value Customers,RED REFECTORY CLOCK ,181
High-Value Customers,SET/3 ROSE CANDLE IN JEWELLED BOX,181
High-Value Customers,SET/4 BADGES DOGS,181
High-Value Customers,BELL HEART DECORATION,180
High-Value Customers,BOTANICAL ROSE GREETING CARD,180
High-Value Customers,CLASSIC SUGAR DISPENSER,180
High-Value Customers,MULTICOLOUR  CONFETTI IN TUBE,180
High-Value Customers,"RETRO PILL BOX , REVOLUTIONARY",180
High-Value Customers,SET OF 10 LANTERNS FAIRY LIGHT STAR,180
High-Value Customers,KITTENS DESIGN FLANNEL,179
High-Value Customers,MEDIUM MEDINA STAMPED METAL BOWL ,179
High-Value Customers,PURPLE PAPER PARASOL,179
High-Value Customers,ROUND PURPLE CLOCK WITH SUCKER,179
High-Value Customers,MEASURING TAPE BABUSHKA RED,178
High-Value Customers,SMALL DECO JEWELLERY STAND,178
High-Value Customers,MONEY BOX KINGS CHOICE DESIGN,177
High-Value Customers,RED FLOWER CROCHET FOOD COVER,177
High-Value Customers,RETRO PLASTIC DAISY TRAY,177
High-Value Customers,RETROSPOT BABUSHKA DOORSTOP,177
High-Value Customers,SET OF 6 T-LIGHTS EASTER CHICKS,177
High-Value Customers,WOODLAND STORAGE BOX SMALL,177
High-Value Customers,BLUE PAPER PARASOL ,175
High-Value Customers,DRAGONS BLOOD INCENSE,175
High-Value Customers,WHITE HEARTS WIRE PLANT POT HOLDER,174
High-Value Customers,DECORATION  PINK CHICK MAGIC GARDEN,173
High-Value Customers,WALL ART VILLAGE SHOW ,173
High-Value Customers,NOEL WOODEN BLOCK LETTERS ,171
High-Value Customers,PINK POLKADOT PLATE ,171
High-Value Customers,SET 3 WICKER STORAGE BASKETS ,171
High-Value Customers,DRAWER KNOB VINTAGE GLASS HEXAGON,170
High-Value Customers,PAPER LANTERN 9 POINT SNOW STAR ,170
High-Value Customers,WOODLAND SMALL PINK FELT HEART,170
High-Value Customers,DECORATIVE FLORE BATHROOM BOTTLE,169
High-Value Customers,EIGHT PIECE SNAKE  SET,169
High-Value Customers,HAND TOWEL PALE BLUE W FLOWERS,169
High-Value Customers,MINI LADLE LOVE HEART PINK,169
High-Value Customers,S/4 BLACK MINI ROSE CANDLE IN BOWL,169
High-Value Customers,VINTAGE BEAD PINK SCARF ,169
High-Value Customers,DOORKNOB CRACKED GLAZE IVORY,168
High-Value Customers,ICE CREAM DESIGN GARDEN PARASOL,168
High-Value Customers,STRIPY DESIGN SHOWER CAP,168
High-Value Customers,VINTAGE RED TEATIME MUG,168
High-Value Customers,VINTAGE UNION JACK SHOPPING BAG,168
High-Value Customers,WHITE BELL HONEYCOMB PAPER GARLAND ,168
High-Value Customers,ORIGAMI LAVENDER INCENSE/CANDL SET ,167
High-Value Customers,SAVOY ART DECO CLOCK,166
High-Value Customers,SET OF 6 T-LIGHTS WEDDING CAKE ,166
High-Value Customers,GARLAND WITH STARS AND BELLS,165
High-Value Customers,GROW YOUR OWN FLOWERS SET OF 3,165
High-Value Customers,PHOTO CLIP LINE,165
High-Value Customers,TEA TIME TABLE CLOTH,165
High-Value Customers,WHITE CANDYSTUFT ARTIFICIAL FLOWER,165
High-Value Customers,FUNKY MONKEY CUSHION COVER,164
High-Value Customers,STANDING FAIRY POLE SUPPORT ,164
High-Value Customers,WHITE TALL PORCELAIN T-LIGHT HOLDER,164
High-Value Customers, TRELLIS COAT RACK,163
High-Value Customers,CAKE PLATE LOVEBIRD PINK,163
High-Value Customers,PINK HEARTS PAPER GARLAND,163
High-Value Customers,SET/6 BLACK BIRD T-LIGHT CANDLES,163
High-Value Customers,3 TRADITIONAL COOKIE CUTTERS  SET,162
High-Value Customers,DOORKNOB CRACKED GLAZE BLUE,162
High-Value Customers,ANTIQUE SILVER BAUBLE LAMP  ,161
High-Value Customers,BIRTHDAY PARTY CORDON BARRIER TAPE,161
High-Value Customers,GINGHAM BABUSHKA DOORSTOP,160
High-Value Customers,VINTAGE SEASIDE JIGSAW PUZZLES,160
High-Value Customers,WALL ART MID CENTURY MODERN ,160
High-Value Customers,PACK OF 6 PANETTONE GIFT BOXES,159
High-Value Customers,POLKA DOT RAFFIA FOOD COVER,159
High-Value Customers,SET OF 6 RIBBONS COUNTRY STYLE,159
High-Value Customers,CHILDS GARDEN SPADE BLUE,157
High-Value Customers,COFFEE SCENT PILLAR CANDLE,157
High-Value Customers,MINI JIGSAW GO TO THE FAIR,157
High-Value Customers,RETROSPOT LAMP,157
High-Value Customers,FOLDING UMBRELLA RED/WHITE POLKADOT,156
High-Value Customers,FUNKY MONKEY GIFT BAG MEDIUM,156
High-Value Customers,YELLOW GIANT GARDEN THERMOMETER,156
High-Value Customers,GLITTER HEART GARLAND WITH BELLS ,155
High-Value Customers,HANGING WOOD AND FELT HEART,155
High-Value Customers,PINK HEARTS LIGHT CHAIN ,155
High-Value Customers,SET/6 EAU DE NIL BIRD T-LIGHTS,155
High-Value Customers,SPOTTY PINK DUCK DOORSTOP,155
High-Value Customers,SWEETHEART WIRE WALL TIDY,155
High-Value Customers,IVORY REFECTORY CLOCK,154
High-Value Customers,"DECORATION , WOBBLY RABBIT , METAL ",153
High-Value Customers,FLYING PIG WATERING CAN,153
High-Value Customers,SMALL POP BOX FUNKY MONKEY,153
High-Value Customers,ZINC SWEETHEART WIRE LETTER RACK,153
High-Value Customers,HAPPY EASTER HANGING DECORATION,152
High-Value Customers,MOUSE TOY WITH PINK T-SHIRT,152
High-Value Customers,16 PIECE CUTLERY SET PANTRY DESIGN,151
High-Value Customers,CHILDS GARDEN SPADE PINK,151
High-Value Customers,RETRO LONGBOARD IRONING BOARD COVER,150
High-Value Customers,SET OF 2 TRAYS HOME SWEET HOME,150
High-Value Customers,STOOL HOME SWEET HOME ,150
High-Value Customers,WOODEN REGATTA BUNTING,150
High-Value Customers,BLUE DAISY MOBILE,149
High-Value Customers,CLASSICAL ROSE CANDLESTAND,149
High-Value Customers,SET 12 LAVENDER  BOTANICAL T-LIGHTS,149
High-Value Customers,WALL ART SPACEBOY,149
High-Value Customers,WHITE GOOSE FEATHER CHRISTMAS TREE ,149
High-Value Customers,"DECORATION , WOBBLY CHICKEN, METAL ",148
High-Value Customers,MR ROBOT SOFT TOY,148
High-Value Customers,4 WILDFLOWER BOTANICAL CANDLES,147
High-Value Customers,EGG FRYING PAN PINK ,147
High-Value Customers,PINK UNION JACK  PASSPORT COVER ,147
High-Value Customers,SET/12 FUNKY FELT FLOWER PEG IN BAG,147
High-Value Customers,SNACK TRAY RED VINTAGE DOILY,147
High-Value Customers,"ACRYLIC HANGING JEWEL,BLUE",146
High-Value Customers,BLACK MINI TAPE MEASURE ,146
High-Value Customers,BLUE POT PLANT CANDLE ,146
High-Value Customers,FRENCH PAISLEY CUSHION COVER ,146
High-Value Customers,PACK 6 HEART/ICE-CREAM PATCHES,146
High-Value Customers,PINK UNION JACK  LUGGAGE TAG,146
High-Value Customers,3D SHEET OF CAT STICKERS,145
High-Value Customers,BLUE BUNNY EASTER EGG BASKET,145
High-Value Customers,GLITTER CHRISTMAS HEART ,145
High-Value Customers,LARGE CAKE STAND HANGING HEARTS,145
High-Value Customers,PINK BUNNY EASTER EGG BASKET,145
High-Value Customers,WOODLAND LARGE RED FELT HEART,145
High-Value Customers,ADULT APRON APPLE DELIGHT,144
High-Value Customers,GARLAND WITH HEARTS AND BELLS,144
High-Value Customers,HANGING ENGRAVED METAL HEART,144
High-Value Customers,HOME SMALL WOOD LETTERS,144
High-Value Customers,PAINT YOUR OWN EGGS IN CRATE,144
High-Value Customers,CHERRY CROCHET FOOD COVER,143
High-Value Customers,GLITTER STAR GARLAND WITH BELLS ,143
High-Value Customers,I LOVE LONDON BABY GIFT SET,143
High-Value Customers,MULTICOLOUR 3D BALLS GARLAND,143
High-Value Customers,PACK 3 BOXES BIRD PANETTONE ,143
High-Value Customers,SET OF 4 NAPKIN CHARMS CROWNS ,143
High-Value Customers,70'S ALPHABET WALL ART,142
High-Value Customers,BROWN CHECK CAT DOORSTOP ,142
High-Value Customers,EGG FRYING PAN MINT ,142
High-Value Customers,ESSENTIAL BALM 3.5g TIN IN ENVELOPE,142
High-Value Customers,FELTCRAFT DOLL MARIA,142
High-Value Customers,FRAPPUCINO SCARF KNITTING KIT,142
High-Value Customers,WALL ART THE MAGIC FOREST ,142
High-Value Customers,CARD HOLDER LOVE BIRD LARGE ,141
High-Value Customers,GREY FLORAL FELTCRAFT SHOULDER BAG,141
High-Value Customers,BLUE PAISLEY POCKET BOOK,140
High-Value Customers,"BUNTING , SPOTTY ",140
High-Value Customers,ENAMEL FIRE BUCKET CREAM,140
High-Value Customers,ENCHANTED BIRD PLANT CAGE,140
High-Value Customers,AIRLINE BAG VINTAGE WORLD CHAMPION ,139
High-Value Customers,HOME SWEET HOME 2 DRAWER CABINET,139
High-Value Customers,JOY WOODEN BLOCK LETTERS,139
High-Value Customers,SET OF 2 ROUND TINS DUTCH CHEESE,139
High-Value Customers,SET OF 6 RIBBONS PARTY,139
High-Value Customers,BLUE PATCH PURSE PINK HEART,138
High-Value Customers,DAIRY MAID TRADITIONAL TEAPOT ,138
High-Value Customers,LARGE WHITE HONEYCOMB PAPER BELL  ,138
High-Value Customers,SET/3 DECOUPAGE STACKING TINS,138
High-Value Customers,SMALL PARLOUR PICTURE FRAME,138
High-Value Customers,CALENDAR FAMILY FAVOURITES,137
High-Value Customers,LAVENDER INCENSE IN TIN,137
High-Value Customers,MAGIC GARDEN FELT GARLAND ,137
High-Value Customers,MILK MAIDS MUG ,137
High-Value Customers,PINK STOCKING CHRISTMAS DECORATION,137
High-Value Customers,TWO DOOR CURIO CABINET,137
High-Value Customers,WHITE GOOSE FEATHER TREE 60CM ,137
High-Value Customers,BEADED CRYSTAL HEART GREEN ON STICK,136
High-Value Customers,BLACK LOVE BIRD CANDLE,136
High-Value Customers,MONEY BOX HOUSEKEEPING DESIGN,136
High-Value Customers,STRAWBERRIES  DESIGN FLANNEL ,136
High-Value Customers,BLACK LOVE BIRD T-LIGHT HOLDER,135
High-Value Customers,CANDY SPOT HAND BAG,135
High-Value Customers,MOTHER'S KITCHEN SPOON REST ,135
High-Value Customers,PINK POT PLANT CANDLE,135
High-Value Customers,FOLK ART METAL HEART T-LIGHT HOLDER,134
High-Value Customers,MIRROR MOSAIC CANDLE PLATE,133
High-Value Customers,NUMBER TILE VINTAGE FONT No ,133
High-Value Customers,PACK 3 IRON ON DOG PATCHES,133
High-Value Customers,SEWING BOX RETROSPOT DESIGN ,133
High-Value Customers,EGG CUP HENRIETTA HEN PINK,132
High-Value Customers,GOLD WINE GOBLET,132
High-Value Customers,HANGING BAUBLE T-LIGHT HOLDER SMALL,132
High-Value Customers,JUMBO BAG VINTAGE DOILEY ,132
High-Value Customers,SET OF 2 TINS JARDIN DE PROVENCE,132
High-Value Customers,"TUMBLER, NEW ENGLAND",132
High-Value Customers,WHITE HAND TOWEL WITH BUTTERFLY,132
High-Value Customers,6 EGG HOUSE PAINTED WOOD,131
High-Value Customers,BULL DOG BOTTLE TOP WALL CLOCK,131
High-Value Customers,GREEN GOOSE FEATHER CHRISTMAS TREE ,131
High-Value Customers,MULTI HEARTS  STICKERS,131
High-Value Customers,PANTRY 3 HOOK ROLLING PIN HANGER,131
High-Value Customers,SMALL CHUNKY GLASS ROMAN  BOWL,131
High-Value Customers,STORAGE TIN HOME SWEET HOME,131
High-Value Customers,2 PICTURE BOOK EGGS EASTER BUNNY,130
High-Value Customers,GLASS CHALICE GREEN  SMALL ,130
High-Value Customers,RED RETROSPOT BIG BOWL,130
High-Value Customers,UTILTY CABINET WITH HOOKS,130
High-Value Customers,CHARLIE+LOLA RED HOT WATER BOTTLE ,128
High-Value Customers,CORONA MEXICAN TRAY,128
High-Value Customers,CURIOUS  IMAGES NOTEBOOK SET,128
High-Value Customers,DOOR HANGER  MUM + DADS ROOM,128
High-Value Customers,FELT FARM ANIMAL CHICKEN,128
High-Value Customers,GARDENIA 3 WICK MORRIS BOXED CANDLE,127
High-Value Customers,TROPICAL PASSPORT COVER ,127
High-Value Customers,"ACRYLIC JEWEL SNOWFLAKE, PINK",126
High-Value Customers,BLUE STONES ON WIRE FOR CANDLE,126
High-Value Customers,CLAM SHELL SMALL ,126
High-Value Customers,OVERNIGHT BAG VINTAGE ROSE PAISLEY,126
High-Value Customers,SET OF 16 VINTAGE ROSE CUTLERY,126
High-Value Customers,PSYCHEDELIC TILE HOOK,125
High-Value Customers,WHITE SOAP RACK WITH 2 BOTTLES,125
High-Value Customers,WRAP FOLK ART,125
High-Value Customers,EMBROIDERED RIBBON REEL RUBY ,124
High-Value Customers,STRIPEY CHOCOLATE NESTING BOXES,124
High-Value Customers,SWEETIES  STICKERS,124
High-Value Customers,WALL ART ANIMALS AND NATURE ,124
High-Value Customers,2 PICTURE BOOK EGGS EASTER CHICKS,123
High-Value Customers,EUCALYPTUS & PINECONE  WREATH,123
High-Value Customers,MIRROR LOVE BIRD T-LIGHT HOLDER,123
High-Value Customers,PINK CAT BOWL,123
High-Value Customers,PINK FLOWER CROCHET FOOD COVER,123
High-Value Customers,SILK PURSE BABUSHKA RED,123
High-Value Customers,IVORY STRING CURTAIN WITH POLE ,122
High-Value Customers,PINK ROSE FABRIC MIRROR,122
High-Value Customers,SWEETHEART 3 TIER CAKE STAND ,122
High-Value Customers,TEA COSY BLUE STRIPE,122
High-Value Customers,ZINC HEARTS PLANT POT HOLDER,122
High-Value Customers,SQUARECUSHION COVER PINK UNION JACK,121
High-Value Customers,AIRLINE BAG VINTAGE JET SET WHITE,120
High-Value Customers,CHILDS GARDEN RAKE PINK,120
High-Value Customers,FOLDING MIRROR HOT PINK ,120
High-Value Customers,"GREETING CARD, OVERCROWDED POOL.",120
High-Value Customers,PIN CUSHION BABUSHKA PINK,120
High-Value Customers,SILVER ROCOCO CANDLE STICK,120
High-Value Customers,SNACK TRAY PAISLEY PARK,120
High-Value Customers,BLUE REFECTORY CLOCK ,119
High-Value Customers,MIRRORED WALL ART LADIES,119
High-Value Customers,PIN CUSHION BABUSHKA RED,119
High-Value Customers,SET OF 4 FAIRY CAKE PLACEMATS,119
High-Value Customers,SET/4 BADGES CUTE CREATURES,119
High-Value Customers,WASH BAG VINTAGE ROSE PAISLEY,119
High-Value Customers,BUNNY EGG BOX,118
High-Value Customers,PINK GLASS CANDLEHOLDER,118
High-Value Customers,SET/6 POSIES PAPER CUPS,118
High-Value Customers,VINTAGE JINGLE BELLS HEART,118
High-Value Customers,HAND OPEN SHAPE GOLD,117
High-Value Customers,SET OF 36 MUSHROOM PAPER DOILIES,117
High-Value Customers,VINTAGE LEAF CHOPPING BOARD  ,117
High-Value Customers,BEADED CRYSTAL HEART PINK SMALL,116
High-Value Customers,BLUE PAISLEY JOURNAL ,116
High-Value Customers,PAINTED YELLOW WOODEN DAISY,116
High-Value Customers,PANTRY HOOK SPATULA,116
High-Value Customers,SNACK TRAY I LOVE LONDON,116
High-Value Customers,CHILDS GARDEN RAKE BLUE,115
High-Value Customers,FLOWERS  STICKERS,115
High-Value Customers,MEDIUM PARLOUR PICTURE FRAME ,115
High-Value Customers,PANTRY HOOK TEA STRAINER ,115
High-Value Customers,PHOTO FRAME LINEN AND LACE LARGE,115
High-Value Customers,SET OF 3 PANTRY WOODEN SPOONS,115
High-Value Customers,SILK PURSE BABUSHKA BLUE,115
High-Value Customers,MIDNIGHT GLAMOUR SCARF KNITTING KIT,114
High-Value Customers,PAPER LANTERN 9 POINT SNOW STAR,114
High-Value Customers,PINK KNITTED EGG COSY,114
High-Value Customers,SPACE BOY CHILDRENS CUP,114
High-Value Customers,ASSORTED TUTTI FRUTTI NOTEBOOK,113
High-Value Customers,BLUE FLY SWAT,113
High-Value Customers,BLUE KNITTED EGG COSY,113
High-Value Customers,DENIM PATCH PURSE PINK BUTTERFLY,113
High-Value Customers,PANTRY HOOK BALLOON WHISK ,113
High-Value Customers,BROCANTE SHELF WITH HOOKS,112
High-Value Customers,CD WALL TIDY RED FLOWERS,112
High-Value Customers,GEORGIAN TRINKET BOX,112
High-Value Customers,MIRRORED WALL ART GENTS,112
High-Value Customers,MULTICOLOUR RABBIT EGG WARMER,112
High-Value Customers,POCKET BAG PINK PAISELY BROWN SPOT,112
High-Value Customers,RED HEART LUGGAGE TAG,112
High-Value Customers,VIPPASSPORT COVER ,112
High-Value Customers,WALL MIRROR RECTANGLE DIAMANTE PINK,112
High-Value Customers,GREEN ROSE WASHBAG,111
High-Value Customers,SUNSET CHECK HAMMOCK,111
High-Value Customers,SWEETHEART WIRE FRUIT BOWL,111
High-Value Customers,CAKE STAND LOVEBIRD 2 TIER WHITE,110
High-Value Customers,COSY HOUR GIANT TUBE MATCHES,110
High-Value Customers,FLOWER BLUE CLOCK WITH SUCKER,110
High-Value Customers,GREEN GOOSE FEATHER TREE 60CM,110
High-Value Customers,HEART BEADED TRELLIS DECORATION,110
High-Value Customers,KEY CABINET MA CAMPAGNE,110
High-Value Customers,RED APPLES CHOPPING BOARD   ,110
High-Value Customers,SET OF 2 ROUND TINS CAMEMBERT ,110
High-Value Customers,SET/4 BADGES BEETLES,110
High-Value Customers,CANDLE HOLDER SILVER MADELINE,109
High-Value Customers,EGG FRYING PAN BLUE ,109
High-Value Customers,PINK AND WHITE CHRISTMAS TREE 120CM,109
High-Value Customers,RIDGED BONNE JAM JAR T-LIGHT HOLDER,109
High-Value Customers,SMALL ROUND CUT GLASS CANDLESTICK,109
High-Value Customers,SQUARE CHERRY BLOSSOM CABINET,109
High-Value Customers,A4 WALL TIDY BLUE OFFICE,108
High-Value Customers,CRAZY DAISY HEART DECORATION,108
High-Value Customers,FUSCHIA FLOWER PURSE WITH BEADS,108
High-Value Customers,HAND WARMER RED POLKA DOT,108
High-Value Customers,PINK BERTIE GLASS BEAD BAG CHARM,108
High-Value Customers,SET OF 2 TINS VINTAGE BATHROOM ,108
High-Value Customers,CUBIC MUG FLOCK PINK ON BROWN,107
High-Value Customers,ENAMEL BLUE RIM COFFEE CONTAINER,107
High-Value Customers,HELLO SAILOR BLUE SOAP HOLDER,107
High-Value Customers,SET/6 GREEN SPRING PAPER CUPS,107
High-Value Customers,BATHROOM HOOK,106
High-Value Customers,BLACK SILOUETTE CANDLE PLATE,106
High-Value Customers,BLUE POLKADOT PASSPORT COVER,106
High-Value Customers,CAKE STAND VICTORIAN FILIGREE SMALL,106
High-Value Customers,"NURSERY A,B,C PAINTED LETTERS",106
High-Value Customers,VINTAGE UNION JACK DOORSTOP,106
High-Value Customers,CARRIAGE,105
High-Value Customers,IVORY SWEETHEART SOAP DISH,105
High-Value Customers,LOLITA  DESIGN  COTTON TOTE BAG,105
High-Value Customers,BIRDS MOBILE VINTAGE DESIGN,104
High-Value Customers,BLUE POLKADOT GARDEN PARASOL,104
High-Value Customers,HIPPY CHIC DECORATIVE PARASOL,104
High-Value Customers,MRS ROBOT SOFT TOY,104
High-Value Customers,PURPLE ACRYLIC FACETED BANGLE,104
High-Value Customers,S/12 VANILLA  BOTANICAL T-LIGHTS,104
High-Value Customers,SET OF 3 GOLD FLYING DUCKS,104
High-Value Customers,CANDY SHOP  STICKER SHEET,103
High-Value Customers,MEDIUM WHITE/PINK ROSE ART FLOWER,103
High-Value Customers,"ACRYLIC JEWEL ICICLE, PINK",102
High-Value Customers,CHEST OF DRAWERS GINGHAM HEART ,102
High-Value Customers,DOILEY BISCUIT TIN,102
High-Value Customers,FIVE CATS HANGING DECORATION,102
High-Value Customers,GROW YOUR OWN HERBS SET OF 3,102
High-Value Customers,KEEP OUT BOYS DOOR HANGER ,102
High-Value Customers,SPRIG LAVENDER ARTIFICIAL FLOWER,102
High-Value Customers,BLACK ORANGE SQUEEZER,101
High-Value Customers,CHERRY BLOSSOM DECORATIVE FLASK,101
High-Value Customers,DOGGY RUBBER,101
High-Value Customers,GIFT BAG LARGE VINTAGE CHRISTMAS,100
High-Value Customers,PEG BAG APPLE DESIGN,100
High-Value Customers,SET OF 4 NAPKIN CHARMS STARS   ,100
High-Value Customers,WHITE TRAVEL ALARM CLOCK,100
High-Value Customers,WRAP  VINTAGE DOILEY ,100
High-Value Customers,CUPID DESIGN SCENTED CANDLES,99
High-Value Customers,RED DAISY POCKET BOOK ,99
High-Value Customers,TRIPLE WIRE HOOK IVORY HEART,99
High-Value Customers,BOX/12 CHICK & EGG IN BASKET,98
High-Value Customers,FOLDING UMBRELLA CREAM POLKADOT,98
High-Value Customers,FRYING PAN BLUE POLKADOT,98
High-Value Customers,GREEN ROUND COMPACT MIRROR,98
High-Value Customers,SET OF 4 NAPKIN CHARMS 3 KEYS ,98
High-Value Customers,2 PICTURE BOOK EGGS EASTER DUCKS,97
High-Value Customers,BEADED CRYSTAL HEART PINK ON STICK,97
High-Value Customers,NINJA RABBIT BLACK,97
High-Value Customers,PINK POLKADOT GARDEN PARASOL,97
High-Value Customers,DOG TOY WITH PINK CROCHET SKIRT,96
High-Value Customers,FRENCH PAISLEY CUSHION COVER,96
High-Value Customers,JUNGLE POPSICLES ICE LOLLY HOLDERS,96
High-Value Customers,MA CAMPAGNE CUTLERY BOX,96
High-Value Customers,RUSTIC STRAWBERRY JAMPOT LARGE ,96
High-Value Customers,SMALL SILVER FLOWER CANDLE POT,96
High-Value Customers,SMOKEY GREY COLOUR GLASS,96
High-Value Customers,WHITE HONEYCOMB PAPER GARLAND ,96
High-Value Customers,COSY SLIPPER SHOES LARGE GREEN,95
High-Value Customers,IVORY WIRE KITCHEN ORGANISER,95
High-Value Customers,LETS GO SHOPPING COTTON TOTE BAG,95
High-Value Customers,MONEY BOX BISCUITS DESIGN,95
High-Value Customers,PINK PADDED MOBILE,95
High-Value Customers,COSY SLIPPER SHOES SMALL GREEN,94
High-Value Customers,PINK/YELLOW FLOWERS HANDBAG,94
High-Value Customers,SET/4 BLUE FLOWER CANDLES IN BOWL,94
High-Value Customers,WHITE AND BLUE CERAMIC OIL BURNER,94
High-Value Customers,CHRISTMAS RETROSPOT HEART WOOD,93
High-Value Customers,COLUMBIAN CANDLE ROUND ,92
High-Value Customers,DINOSAUR HEIGHT CHART STICKER SET,92
High-Value Customers,EDWARDIAN HEART PHOTO FRAME,92
High-Value Customers,GLASS JAR KINGS CHOICE,92
High-Value Customers,GREEN ENAMEL+GLASS HAIR COMB,92
High-Value Customers,PAPERWEIGHT HOME SWEET HOME,92
High-Value Customers,PAPERWEIGHT KINGS CHOICE ,92
High-Value Customers,SMALL SILVER TRELLIS CANDLEPOT,92
High-Value Customers,BLACK CHRISTMAS TREE 120CM,91
High-Value Customers,DOCTOR'S BAG SOFT TOY,91
High-Value Customers,GARDEN PATH JOURNAL,91
High-Value Customers,STAR  T-LIGHT HOLDER ,91
High-Value Customers,CANDLE PLATE LACE WHITE,90
High-Value Customers,GOLD STANDING GNOME,90
High-Value Customers,JARDIN ETCHED GLASS FRUITBOWL,90
High-Value Customers,PORCELAIN BUTTERFLY OIL BURNER,90
High-Value Customers,SET/6 POSIES PAPER PLATES,90
High-Value Customers,CHAMBRE HOOK,89
High-Value Customers,FROSTED WHITE BASE ,89
High-Value Customers,GARDEN METAL SIGN ,89
High-Value Customers,LOVE HEART NAPKIN BOX ,89
High-Value Customers,RELAX LARGE WOOD LETTERS,89
High-Value Customers,SKULLS  DESIGN  COTTON TOTE BAG,89
High-Value Customers,GOLD APERITIF GLASS,88
High-Value Customers,"GREETING CARD,SQUARE, DOUGHNUTS",88
High-Value Customers,ROUND WHITE CONFETTI IN TUBE,88
High-Value Customers,VINTAGE COFFEE GRINDER BOX,88
High-Value Customers,CLASSIC GLASS SWEET JAR,87
High-Value Customers,ENGLISH ROSE SMALL SCENTED FLOWER,87
High-Value Customers, 4 PURPLE FLOCK DINNER CANDLES,86
High-Value Customers,MILK PAN BLUE POLKADOT,86
High-Value Customers,PIG MUG IN TWO COLOUR DESIGNS,86
High-Value Customers,PINK POLKADOT CHILDRENS UMBRELLA,86
High-Value Customers,SET 8 CANDLES VINTAGE DOILEY,86
High-Value Customers,IVORY WIRE SWEETHEART LETTER TRAY,85
High-Value Customers,LARGE MEDINA STAMPED METAL BOWL ,85
High-Value Customers,MIRRORED DOVE WALL DECORATION,85
High-Value Customers,PAINTED LIGHTBULB STAR+ MOON,85
High-Value Customers,TOOL BOX SOFT TOY ,85
High-Value Customers,WALL ART CAT AND BIRD ,85
High-Value Customers,FAWN AND MUSHROOM GREETING CARD,84
High-Value Customers,PINK FELT EASTER RABBIT GARLAND,84
High-Value Customers,PINK GOOSE FEATHER TREE 60CM,84
High-Value Customers,PURPLE ENAMEL+GLASS HAIR COMB,84
High-Value Customers,RED   ACRYLIC FACETED BANGLE,84
High-Value Customers,SET 4 VALENTINE DECOUPAGE HEART BOX,84
High-Value Customers,ANTIQUE IVORY WIRE BOWL SMALL,83
High-Value Customers,EASTER BUNNY WITH BASKET ON BACK,83
High-Value Customers,GLASS  SONGBIRD STORAGE JAR,83
High-Value Customers,GOLD PHOTO FRAME,83
High-Value Customers,GREEN HEART COMPACT MIRROR,83
High-Value Customers,MOBILE VINTAGE HEARTS ,83
High-Value Customers,ORGANISER WOOD ANTIQUE WHITE ,83
High-Value Customers,SET/3 RABBITS FLOWER SKIPPPING ROPE,83
High-Value Customers,SPACE OWL,83
High-Value Customers,ASSORTED TUTTI FRUTTI HEART BOX,82
High-Value Customers,CABIN BAG VINTAGE RETROSPOT,82
High-Value Customers,GARDENIA 1 WICK MORRIS BOXED CANDLE,82
High-Value Customers,HEART T-LIGHT HOLDER,82
High-Value Customers,SPACE FROG,82
High-Value Customers,4 PINK DINNER CANDLE SILVER FLOCK,81
High-Value Customers,FIRST CLASS LUGGAGE TAG ,81
High-Value Customers,FRENCH CARRIAGE LANTERN,81
High-Value Customers,MUM'S KITCHEN CLOCK,81
High-Value Customers,QUEEN OF SKIES LUGGAGE TAG,81
High-Value Customers,DANISH ROSE FOLDING CHAIR,80
High-Value Customers,DOORSTOP FOOTBALL DESIGN,80
High-Value Customers,12 EGG HOUSE PAINTED WOOD,79
High-Value Customers,HANGING GLASS ETCHED TEALIGHT,79
High-Value Customers,LE GRAND TRAY CHIC SET,79
High-Value Customers,SET OF 4 NAPKIN CHARMS LEAVES   ,79
High-Value Customers,SNACK TRAY HAPPY FOREST  ,79
High-Value Customers,TEA TIME TEA SET IN GIFT BOX,79
High-Value Customers,ZINC BOX SIGN HOME,79
High-Value Customers,BROWN  PIRATE TREASURE CHEST ,78
High-Value Customers,CHERRY BLOSSOM PASSPORT COVER,78
High-Value Customers,CINAMMON & ORANGE WREATH,78
High-Value Customers,CLASSICAL ROSE SMALL VASE,78
High-Value Customers,MISELTOE HEART WREATH WHITE,78
High-Value Customers,PINK ROSE WASHBAG,78
High-Value Customers,SMALL HAMMERED SILVER CANDLEPOT ,78
High-Value Customers,SWEETHEART WALL TIDY ,78
High-Value Customers,T-LIGHT HOLDER SILVER HEART HANDLE,78
High-Value Customers,WHITE WITH BLACK CATS PLATE,78
High-Value Customers,HEART TRELLIS TRIPLE T-LIGHT HOLDER,77
High-Value Customers,IVORY CAFE HANGING LAMP ,77
High-Value Customers,PINK CHICK EGG WARMER + EGG CUP,77
High-Value Customers,SET OF 16 VINTAGE BLACK CUTLERY,77
High-Value Customers,SET OF 4 DIAMOND NAPKIN RINGS,77
High-Value Customers,SPACE CADET RED,77
High-Value Customers,WALL ART I LOVE LONDON ,77
High-Value Customers,ENAMEL BLUE RIM BISCUIT BIN,76
High-Value Customers,FOLKART HEART NAPKIN RINGS,76
High-Value Customers,MISELTOE HEART WREATH ,76
High-Value Customers,CREAM SLICE FLANNEL CHOCOLATE SPOT ,75
High-Value Customers,LADYBIRD + BEE RAFFIA FOOD COVER,75
High-Value Customers,RETRO LEAVES MAGNETIC NOTEPAD,75
High-Value Customers,TRANQUILITY MASALA INCENSE,75
High-Value Customers,WHITE CHRISTMAS GARLAND STARS TREES,75
High-Value Customers,WRAP SUMMER ROSE DESIGN,75
High-Value Customers,"WRAP, CAROUSEL",75
High-Value Customers,BUTTERFLY CROCHET FOOD COVER,74
High-Value Customers,DOLLCRAFT BOY JEAN-PAUL ,74
High-Value Customers,HALL CABINET WITH 3 DRAWERS,74
High-Value Customers,PING! MICROWAVE PLATE,74
High-Value Customers,POP ART PUSH DOWN RUBBER ,74
High-Value Customers,BLUE  TILE HOOK,73
High-Value Customers,CAKE STAND LOVEBIRD 2 TIER PINK,73
High-Value Customers,CHRISTMAS HANGING HEART WITH BELL,73
High-Value Customers,EASTER TREE YELLOW BIRDS,73
High-Value Customers,WOODLAND LARGE BLUE FELT HEART,73
High-Value Customers,CRYSTAL STUD EARRINGS CLEAR DISPLAY,72
High-Value Customers,"FLOWER FAIRY,5 SUMMER B'DRAW LINERS",72
High-Value Customers,GLASS CHALICE GREEN  LARGE ,72
High-Value Customers,"GREETING CARD, STICKY GORDON",72
High-Value Customers,IVORY PILLAR CANDLE GOLD FLOCK,72
High-Value Customers,PAPERWEIGHT VINTAGE PAISLEY,72
High-Value Customers,PURPLE BERTIE GLASS BEAD BAG CHARM,72
High-Value Customers,S/6 SEW ON CROCHET FLOWERS,72
High-Value Customers,TURQUOISE BERTIE GLASS BEAD CHARM,72
High-Value Customers,ECONOMY LUGGAGE TAG,71
High-Value Customers,JINGLE BELLS TREE DECORATION,71
High-Value Customers,WIRE EGG BASKET ,71
High-Value Customers, OVAL WALL MIRROR DIAMANTE ,70
High-Value Customers,ASSORTED TUTTI FRUTTI LARGE PURSE,70
High-Value Customers,BLUE  VOILE LAMPSHADE,70
High-Value Customers,SUNFLOWER DECORATIVE PARASOL,70
High-Value Customers,TALL ROCOCO CANDLE HOLDER,70
High-Value Customers,NINJA RABBIT PINK,69
High-Value Customers,PINK FAIRY CAKE CUSHION COVER,69
High-Value Customers,SKULLS DESIGN FLANNEL,69
High-Value Customers,"SMALL POP BOX,FUNKY MONKEY",69
High-Value Customers,WEEKEND BAG VINTAGE ROSE PAISLEY,69
High-Value Customers,FOLDING UMBRELLA BLACKBLUE POLKADOT,68
High-Value Customers,MONEY BOX CONFECTIONERY DESIGN,68
High-Value Customers,PSYCHEDELIC WALL THERMOMETER,68
High-Value Customers,RABBIT  DESIGN  COTTON TOTE BAG,68
High-Value Customers,BLUE SAVANNAH PICNIC HAMPER FOR 2,67
High-Value Customers,METAL RABBIT LADDER EASTER ,67
High-Value Customers,THREE MINI HANGING FRAMES,67
High-Value Customers,TUB 24 PINK FLOWER PEGS,67
High-Value Customers,WALL ART TREASURE AHOY ,67
High-Value Customers,ABSTRACT CIRCLES SKETCHBOOK ,66
High-Value Customers,BEADED CRYSTAL HEART GREEN SMALL,66
High-Value Customers,CUT GLASS T-LIGHT HOLDER OCTAGON,66
High-Value Customers,DOORSTOP RACING CAR DESIGN,66
High-Value Customers,POLYESTER FILLER PAD 30CMx30CM,66
High-Value Customers,ROSE DU SUD OVEN GLOVE,66
High-Value Customers,SET 4 PICNIC CUTLERY BLUEBERRY,66
High-Value Customers,WALL ART DOG AND BALL ,66
High-Value Customers,SMALL WHITE/PINK ROSE ART FLOWER,65
High-Value Customers,THREE CANVAS LUGGAGE TAGS,65
High-Value Customers,BLUE BLOSSOM HAIR CLIP,64
High-Value Customers,BLUE TV TRAY TABLE ,64
High-Value Customers,CUPBOARD 3 DRAWER MA CAMPAGNE,64
High-Value Customers,HEN PARTY CORDON BARRIER TAPE,64
High-Value Customers,NUMBER TILE VINTAGE FONT 7,64
High-Value Customers,PARTY TIME DESIGN FLANNEL,64
High-Value Customers,RIDGED GLASS STORAGE JAR CREAM LID,64
High-Value Customers,4 ROSE PINK DINNER CANDLES,63
High-Value Customers,BLUE HEART COMPACT MIRROR,63
High-Value Customers,FOLDING UMBRELLA WHITE/RED POLKADOT,63
High-Value Customers,PINK CANDYSTUFT ARTIFICIAL FLOWER,63
High-Value Customers,POPPY FIELDS CHOPPING BOARD,63
High-Value Customers,SILVER PHOTO FRAME,63
High-Value Customers,BATHROOM SET LOVE HEART DESIGN,62
High-Value Customers,BLACK BIRD GARDEN DESIGN MUG,62
High-Value Customers,CAMPHOR WOOD PORTOBELLO MUSHROOM,62
High-Value Customers,DOLLCRAFT GIRL AMELIE KIT,62
High-Value Customers,GEMSTONE CHANDELIER T-LIGHT HOLDER,62
High-Value Customers,SET OF 16 VINTAGE SKY BLUE CUTLERY,62
High-Value Customers,SET/3 POLKADOT STACKING TINS,62
High-Value Customers,SET/4 BUTTERFLY MIRROR MAGNETS,62
High-Value Customers,SILVER DISCO HANDBAG,62
High-Value Customers,SILVER FABRIC MIRROR,62
High-Value Customers,HARDMAN MUG 3 ASSORTED,61
High-Value Customers,NUMBER TILE VINTAGE FONT 2,61
High-Value Customers,NUMBER TILE VINTAGE FONT 4,61
High-Value Customers,PICNIC BASKET WICKER 60 PIECES,61
High-Value Customers,PURPLE DRESS JEWELLERY STAND,61
High-Value Customers,QUEEN OF THE SKIES PASSPORT COVER ,61
High-Value Customers,WHEELBARROW FOR CHILDREN ,61
High-Value Customers,ZINC WIRE SWEETHEART LETTER TRAY,61
High-Value Customers,CLASSIC CROME BICYCLE BELL ,60
High-Value Customers,GREEN JUICY FRUIT PHOTO FRAME,60
High-Value Customers,LARGE PARLOUR PICTURE FRAME,60
High-Value Customers,LOVE LARGE WOOD LETTERS ,60
High-Value Customers,LUNCH BAG VINTAGE DOILEY ,60
High-Value Customers,NUMBER TILE VINTAGE FONT 6 ,60
High-Value Customers,PACK 3 FIRE ENGINE/CAR PATCHES,60
High-Value Customers,PINK SCOTTIE DOG W FLOWER PATTERN,60
High-Value Customers,VINTAGE PINK DECORATIVE PARASOL,60
High-Value Customers,YELLOW/ORANGE FLOWER DESIGN PLATE,60
High-Value Customers,BLUE PAISLEY SKETCHBOOK,59
High-Value Customers,FORKED CACTUS CANDLE,59
High-Value Customers,GLOW IN DARK DOLPHINS,59
High-Value Customers,HEART GARLAND RUSTIC PADDED,59
High-Value Customers,MIRROR CORNICE,59
High-Value Customers,NUMBER TILE VINTAGE FONT 3,59
High-Value Customers,NUMBER TILE VINTAGE FONT 5,59
High-Value Customers,STRAWBERRY DREAM CHILDS UMBRELLA,59
High-Value Customers,VINTAGE GLASS COFFEE CADDY,59
High-Value Customers,EDWARDIAN PHOTO FRAME,58
High-Value Customers,GREEN BITTY LIGHT CHAIN,58
High-Value Customers,LARGE ROUND WICKER PLATTER ,58
High-Value Customers,METALIC LEAVES BAG CHARMS,58
High-Value Customers,PAINTED LIGHTBULB RAINBOW DESIGN,58
High-Value Customers,BOOM BOX SPEAKER BOYS,57
High-Value Customers,LAVENDER INCENSE 40 CONES IN TIN,57
High-Value Customers,POLYESTER FILLER PAD 45x30cm,57
High-Value Customers,BLUE KNITTED HEN ,56
High-Value Customers,CUSHION COVER PINK UNION JACK,56
High-Value Customers,DAISY JOURNAL ,56
High-Value Customers,GYMKHANNA TREASURE BOOK BOX,56
High-Value Customers,PAISLEY PATTERN  STICKERS,56
High-Value Customers,POLKADOT MUG PINK ,56
High-Value Customers,ABSTRACT CIRCLES POCKET BOOK,55
High-Value Customers,BLACK SMALL GLASS CAKE STAND,55
High-Value Customers,BLOND DOLL DOORSTOP,55
High-Value Customers,BLUE ROUND COMPACT MIRROR,55
High-Value Customers,DAISY SKETCHBOOK ,55
High-Value Customers,EIGHT PIECE DINOSAUR SET,55
High-Value Customers,FOUR RABBIT EASTER DECORATIONS,55
High-Value Customers,GREEN FERN SKETCHBOOK ,55
High-Value Customers,IVORY RETRO KITCHEN WALL CLOCK,55
High-Value Customers,LAZER CUT NECKLACE W PASTEL BEADS,55
High-Value Customers,ORIGAMI SANDLEWOOD INCENSE+FLOWER,55
High-Value Customers,ROCOCO WALL MIRROR WHITE,55
High-Value Customers,ROUND BLUE CLOCK WITH SUCKER,55
High-Value Customers,SET OF 2 TEA TOWELS PING MICROWAVE,55
High-Value Customers,YELLOW EASTER EGG HUNT START POST,55
High-Value Customers,BLUE & WHITE BREAKFAST TRAY,54
High-Value Customers,PANTRY KITCHEN THERMOMETER ,54
High-Value Customers,RED KUKUI COCONUT SEED NECKLACE,54
High-Value Customers,SET OF 16 VINTAGE PISTACHIO CUTLERY,54
High-Value Customers,SET OF 4 CAROUSEL PLACEMATS ,54
High-Value Customers,SKULLS STORAGE BOX LARGE,54
High-Value Customers,BLUE JUICY FRUIT PHOTO FRAME,53
High-Value Customers,CUBIC MUG FLOCK BLUE ON BROWN,53
High-Value Customers,FIRST CLASS PASSPORT COVER ,53
High-Value Customers,NUMBER TILE VINTAGE FONT 1,53
High-Value Customers,NUMBER TILE VINTAGE FONT 8,53
High-Value Customers,SET 4 PICNIC CUTLERY FONDANT,53
High-Value Customers,ASSORTED COLOURED CIRCLE MOBILE ,52
High-Value Customers,COOKING SET RETROSPOT,52
High-Value Customers,CROCHET ROSE PURSE WITH SUEDE BACK,52
High-Value Customers,FLOWER FAIRY INCENSE BOUQUET,52
High-Value Customers,FOLDING UMBRELLA PINKWHITE POLKADOT,52
High-Value Customers,GREEN SQUARE COMPACT MIRROR,52
High-Value Customers,NUMBER TILE VINTAGE FONT 0,52
High-Value Customers,NUMBER TILE VINTAGE FONT 9 ,52
High-Value Customers,SILVER FLOWR PINK SHELL NECKLACE,52
High-Value Customers,BLUE POLKADOT LUGGAGE TAG ,51
High-Value Customers,CAKE STAND VICTORIAN FILIGREE MED,51
High-Value Customers,GOLD FABRIC MIRROR,51
High-Value Customers,"LETTER ""A"" BLING KEY RING",51
High-Value Customers,PAPER LANTERN 5 POINT STAR MOON ,51
High-Value Customers,PINK DIAMANTE PEN IN GIFT BOX,51
High-Value Customers,SWEET PUDDING STICKER SHEET,51
High-Value Customers,VEGETABLE GARDEN CHOPPING BOARD,51
High-Value Customers,CAKES AND RABBITS DESIGN FLANNEL ,50
High-Value Customers,CHARLIE LOLA BLUE HOT WATER BOTTLE ,50
High-Value Customers,CREAM HANGING HEART T-LIGHT HOLDER,50
High-Value Customers,LARGE SKULL WINDMILL,50
High-Value Customers,LARGE TORTILLA DESIGN RED BOWL,50
High-Value Customers,LOVE POTION MASALA INCENSE,50
High-Value Customers,PINK/PURPLE RETRO RADIO,50
High-Value Customers,"PINK/WHITE ""KEEP CLEAN"" BULLET BIN",50
High-Value Customers,VINTAGE JINGLE BELLS WREATH,50
High-Value Customers,WRAP A PRETTY THANK YOU,50
High-Value Customers,BLUE SCOTTIE DOG W FLOWER PATTERN,49
High-Value Customers,CHRYSANTHEMUM SKETCHBOOK ,49
High-Value Customers,FLOWERS HANDBAG blue and orange,49
High-Value Customers,GARDEN PATH SKETCHBOOK,49
High-Value Customers,SET OF PICTURE FRAME  STICKERS,49
High-Value Customers,SMALL BLUE PROVENCAL CERAMIC BALL,49
High-Value Customers,T-LIGHT HOLDER SILVER PETIT FOUR ,49
High-Value Customers,4 BLUE DINNER CANDLES SILVER FLOCK,48
High-Value Customers,"ACRYLIC JEWEL ANGEL,PINK",48
High-Value Customers,BLUE DELPHINIUM ARTIFICIAL FLOWER,48
High-Value Customers,BUNDLE OF 3 RETRO EXERCISE BOOKS,48
High-Value Customers,CD WALL TIDY BLUE OFFICE,48
High-Value Customers,GIFT BAG LARGE SPOT ,48
High-Value Customers,HANGING METAL CHICKEN DECORATION,48
High-Value Customers,MONEY BOX FIRST ADE DESIGN,48
High-Value Customers,PACK OF 12 DOILEY TISSUES,48
High-Value Customers,PINK/BLUE STRING CURTAIN ,48
High-Value Customers,POSY CANDY BAG,48
High-Value Customers,RED DAISY PAPER LAMPSHADE,48
High-Value Customers,"RETRO TIN ASHTRAY,REVOLUTIONARY",48
High-Value Customers,SET 36 COLOUR PENCILS DOILEY,48
High-Value Customers,SET OF 4 POLKADOT PLACEMATS ,48
High-Value Customers,SMALL APOTHECARY MEASURING JAR ,48
High-Value Customers,4 BURGUNDY WINE DINNER CANDLES,47
High-Value Customers,"CHRISTMAS GARLAND STARS,TREES",47
High-Value Customers,GLASS BONNE JAM JAR,47
High-Value Customers,GREEN FERN JOURNAL ,47
High-Value Customers,ROUND PINK HEART MIRROR,47
High-Value Customers,S/4 GROOVY CAT MAGNETS,47
High-Value Customers,BLACK SWEETHEART BRACELET,46
High-Value Customers,CERAMIC BIRDHOUSE CRESTED TIT SMALL,46
High-Value Customers,PINK SWEETHEART BRACELET,46
High-Value Customers,SMALL SQUARE CUT GLASS CANDLESTICK,46
High-Value Customers,VINTAGE KITCHEN PRINT FRUITS,46
High-Value Customers,CHRYSANTHEMUM  JOURNAL,45
High-Value Customers,FOLDING UMBRELLA CHOCOLATE POLKADOT,45
High-Value Customers,FRENCH CHATEAU LARGE PLATTER ,45
High-Value Customers,PINK DISCO HANDBAG,45
High-Value Customers,PINK METAL SWINGING BUNNY,45
High-Value Customers,RIDGED GLASS POSY VASE ,45
High-Value Customers,SMALL TALL CAMPHOR WOOD TOADSTOOL,45
High-Value Customers,BEACH HUT SHELF W 3 DRAWERS,44
High-Value Customers,GLASS SPHERE CANDLE STAND MEDIUM,44
High-Value Customers,HEN HOUSE W FAMILY IN BARN & NEST,44
High-Value Customers,LUSH GREENS RIBBONS,44
High-Value Customers,SET OF 4 POLKADOT COASTERS,44
High-Value Customers,SET/4 MODERN VINTAGE COTTON NAPKINS,44
High-Value Customers,SNACK TRAY RED GINGHAM,44
High-Value Customers,4 SKY BLUE DINNER CANDLES,43
High-Value Customers,ASSORTED SHAPES PHOTO CLIP SILVER ,43
High-Value Customers,BEADED CRYSTAL HEART BLUE ON STICK,43
High-Value Customers,DAISY FOLKART HEART DECORATION,43
High-Value Customers,DAISY HAIR BAND,43
High-Value Customers,FUSCHIA VOILE POINTY SHOE DEC,43
High-Value Customers,IVORY SCULPTED RND CANDLE ,43
High-Value Customers,LUNCH BOX WITH CUTLERY FAIRY CAKES ,43
High-Value Customers,PINK/PURPLE CIRCLE CURTAIN,43
High-Value Customers,SCOTTIES DESIGN WASHBAG,43
High-Value Customers,SWEET HEART CAKE CARRIER,43
High-Value Customers,TRIPLE WIRE HOOK PINK HEART,43
High-Value Customers,ASSORTED CAKES FRIDGE MAGNETS,42
High-Value Customers,BLUE CAT BISCUIT BARREL PINK HEART,42
High-Value Customers,BLUE CIRCLES DESIGN MONKEY DOLL,42
High-Value Customers,COLUMBIAN  CUBE CANDLE ,42
High-Value Customers,CRYSTAL SEA HORSE PHONE CHARM,42
High-Value Customers,DONKEY TAIL GAME ,42
High-Value Customers,"GARLAND, VINTAGE BELLS",42
High-Value Customers,PIN CUSHION BABUSHKA BLUE,42
High-Value Customers,PINK & WHITE BREAKFAST TRAY,42
High-Value Customers,SMALL PARLOUR FRAME,42
High-Value Customers,"TUMBLER, BAROQUE",42
High-Value Customers,BATHROOM SCALES FOOTPRINTS IN SAND,41
High-Value Customers,BLACK BAROQUE WALL CLOCK ,41
High-Value Customers,CABIN BAG VINTAGE PAISLEY,41
High-Value Customers,MIRRORED WALL ART TABLE LAMP,41
High-Value Customers,NUMBER TILE COTTAGE GARDEN 2,41
High-Value Customers,PAPER LANTERN 7 POINT SNOW STAR,41
High-Value Customers,SILVER T-LIGHT SETTING,41
High-Value Customers,SMALL ZINC/GLASS CANDLEHOLDER,41
High-Value Customers,SQUARECUSHION COVER PINK UNION FLAG,41
High-Value Customers,BABY MOUSE RED GINGHAM DRESS,40
High-Value Customers,COSY SLIPPER SHOES SMALL  RED ,40
High-Value Customers,ELVIS WALLHANGING / CURTAIN,40
High-Value Customers,FLOOR CUSHION ELEPHANT CARNIVAL,40
High-Value Customers,NUMBER TILE COTTAGE GARDEN 1,40
High-Value Customers,PINK FEATHERS CURTAIN,40
High-Value Customers,PINK RETRO BIG FLOWER BAG,40
High-Value Customers,SCENTED CANDLE IN DIGITALIS TIN,40
High-Value Customers,SET 4 PICNIC CUTLERY CHERRY ,40
High-Value Customers,SMALL CAMPHOR WOOD FIELD  MUSHROOM,40
High-Value Customers,VINTAGE KITCHEN PRINT PUDDINGS,40
High-Value Customers,WHITE BAROQUE WALL CLOCK ,40
High-Value Customers,APOTHECARY MEASURING JAR,39
High-Value Customers,CHERRY BLOSSOM CANVAS ART PICTURE,39
High-Value Customers,LA PALMIERA TILE HOOK,39
High-Value Customers,"LETTER ""C"" BLING KEY RING",39
High-Value Customers,MIRRORED WALL ART SPLODGES,39
High-Value Customers,PLASMATRONIC LAMP,39
High-Value Customers,TRIANGULAR POUFFE VINTAGE ,39
High-Value Customers,VINTAGE KITCHEN PRINT VEGETABLES,39
High-Value Customers,12 PINK HEN+CHICKS IN BASKET,38
High-Value Customers,BLUE CIRCLES DESIGN TEDDY,38
High-Value Customers,PAIR PADDED HANGERS PINK CHECK,38
High-Value Customers,PINK PILLAR CANDLE SILVER FLOCK,38
High-Value Customers,SET OF 16 VINTAGE RED CUTLERY,38
High-Value Customers,SKULLS STORAGE BOX SMALL,38
High-Value Customers,ASSORTED CHEESE FRIDGE MAGNETS,37
High-Value Customers,CRYSTAL FROG PHONE CHARM,37
High-Value Customers,FLAMES SUNGLASSES PINK LENSES,37
High-Value Customers,FLOWER FAIRY 5 DRAWER LINERS,37
High-Value Customers,OYSTER TRINKET BOX,37
High-Value Customers,SET OF 12 T-LIGHTS VINTAGE DOILEY,37
High-Value Customers,SPACE CADET WHITE,37
High-Value Customers,WAKE UP COCKEREL TILE HOOK,37
High-Value Customers,YELLOW FLOWERS FELT HANDBAG KIT,37
High-Value Customers,BATHROOM SCALES RUBBER DUCKS,36
High-Value Customers,BLUE FLOWER DES PURSE,36
High-Value Customers,COLUMBIAN CANDLE RECTANGLE,36
High-Value Customers,DOLLCRAFT GIRL NICOLE,36
High-Value Customers,DOORKNOB CERAMIC IVORY,36
High-Value Customers,FELT EGG COSY LADYBIRD ,36
High-Value Customers,GOLD SCROLL GLASS T-LIGHT HOLDER,36
High-Value Customers,HEART T-LIGHT HOLDER ,36
High-Value Customers,HOUSE WRECKING METAL SIGN ,36
High-Value Customers,LIGHT PINK FLOCK GLASS CANDLEHOLDER,36
High-Value Customers,MINITURE ANTIQUE ROSE HOOK IVORY,36
High-Value Customers,MONEY BOX FIRST AID DESIGN,36
High-Value Customers,PINK FLY SWAT,36
High-Value Customers,PINK MARSHMALLOW SCARF KNITTING KIT,36
High-Value Customers,RETRO BROWN BALL ASHTRAY ,36
High-Value Customers,SILVER GLASS T-LIGHT SET,36
High-Value Customers,SILVER JEWELLED MIRROR TRINKET TRAY,36
High-Value Customers,SQUARE FLOOR CUSHION VINTAGE RED,36
High-Value Customers,SQUARE METAL CANDLEHOLDER BASE,36
High-Value Customers,VEGETABLE MAGNETIC  SHOPPING LIST,36
High-Value Customers,VINTAGE ENGRAVED HEART,36
High-Value Customers,VINTAGE RED KITCHEN CABINET,36
High-Value Customers,EASTER BUNNY HANGING GARLAND,35
High-Value Customers,GOLD FISHING GNOME,35
High-Value Customers,"LETTER ""K"" BLING KEY RING",35
High-Value Customers,PINK GINGHAM CAT WITH SCARF,35
High-Value Customers,PINK MONTE CARLO HANDBAG,35
High-Value Customers,RED RETROSPOT WASHBAG,35
High-Value Customers,ROSE DU SUD COSMETICS BAG,35
High-Value Customers,SHOE SHINE BOX ,35
High-Value Customers,BLACK DINER WALL CLOCK,34
High-Value Customers,CERAMIC STRAWBERRY TRINKET TRAY,34
High-Value Customers,DECORATIVE VINTAGE COFFEE  BOX,34
High-Value Customers,GREEN SWEETHEART BRACELET,34
High-Value Customers,LA JARDIN BOTANIQUE CUSHION COVER,34
High-Value Customers,Next Day Carriage,34
High-Value Customers,RED DRAGONFLY HELICOPTER,34
High-Value Customers,TABLE LAMP WHITE SHADE WOOD BASE,34
High-Value Customers,BLACK GRAND BAROQUE PHOTO FRAME,33
High-Value Customers,CAKE SHOP  STICKER SHEET,33
High-Value Customers,CAMOUFLAGE EAR MUFF HEADPHONES,33
High-Value Customers,CHARLIE AND LOLA CHARLOTTE BAG,33
High-Value Customers,FRENCH ENAMEL UTENSIL HOLDER,33
High-Value Customers,PACK 3 BOXES CHRISTMAS PANETTONE,33
High-Value Customers,SET OF 36 SPACEBOY PAPER DOILIES,33
High-Value Customers,SET OF SKULL WALL STICKERS,33
High-Value Customers,SET/4 COLOURFUL MIXING BOWLS,33
High-Value Customers,STRIPES DESIGN TEDDY,33
High-Value Customers,YELLOW BREAKFAST CUP AND SAUCER,33
High-Value Customers,CLEAR ACRYLIC FACETED BANGLE,32
High-Value Customers,SET 12 COLOUR PENCILS DOILEY,32
High-Value Customers,SIX DRAWER OFFICE TIDY,32
High-Value Customers, NINE DRAWER OFFICE TIDY,31
High-Value Customers,ASSORTED COLOUR METAL CAT ,31
High-Value Customers,BLACK EAR MUFF HEADPHONES,31
High-Value Customers,BLUE CHENILLE SHAGGY CUSHION COVER ,31
High-Value Customers,BLUE PAISLEY NOTEBOOK,31
High-Value Customers,FLORAL PINK MONSTER,31
High-Value Customers,NEW BAROQUE JEWELLERY BOX ,31
High-Value Customers,PINK FLOWER FABRIC PONY,31
High-Value Customers,SET OF 4 NAPKIN CHARMS INSTRUMENT,31
High-Value Customers,BLUE ROSE PATCH PURSE PINK BUTTERFL,30
High-Value Customers,CITRUS GARLAND FELT FLOWERS ,30
High-Value Customers,CROCHET WHITE RABBIT KEYRING ,30
High-Value Customers,GLASS TWIST BON BON JAR,30
High-Value Customers,LARGE BLUE PROVENCAL CERAMIC BALL,30
High-Value Customers,NUMBER TILE COTTAGE GARDEN 4,30
High-Value Customers,NUMBER TILE COTTAGE GARDEN No,30
High-Value Customers,PEACH KNITTED HEN ,30
High-Value Customers,SILVER FISHING GNOME ,30
High-Value Customers,VINTAGE BEAD NOTEBOOK,30
High-Value Customers,WHITE MOROCCAN METAL LANTERN,30
High-Value Customers,ABSTRACT CIRCLE JOURNAL ,29
High-Value Customers,BLUE SQUARE COMPACT MIRROR,29
High-Value Customers,CHRYSANTHEMUM POCKET BOOK ,29
High-Value Customers,FAIRY CAKE NOTEBOOK A5 SIZE,29
High-Value Customers,FAUX FUR CHOCOLATE THROW,29
High-Value Customers,FLAG OF ST GEORGE CHAIR,29
High-Value Customers,FLOWERS TILE HOOK,29
High-Value Customers,IVORY EMBROIDERED QUILT ,29
High-Value Customers,LARGE APOTHECARY MEASURING JAR ,29
High-Value Customers,MILK PAN PINK POLKADOT,29
High-Value Customers,PAPER LANTERN 9 POINT HOLLY STAR S,29
High-Value Customers,PASTEL BLUE PHOTO ALBUM ,29
High-Value Customers,PINK BITTY LIGHT CHAIN,29
High-Value Customers,RETRO PINK BALL ASHTRAY ,29
High-Value Customers,SILVER STANDING GNOME   ,29
High-Value Customers,TROPICAL LUGGAGE TAG,29
High-Value Customers,VINTAGE KEEPSAKE BOX PARIS DAYS,29
High-Value Customers,WAKE UP COCKEREL CALENDAR SIGN ,29
High-Value Customers,WINE BOTTLE DRESSING DARK BLUE,29
High-Value Customers,ZINC HEART LATTICE CHARGER LARGE,29
High-Value Customers,BLACK FEATHER CHRISTMAS DECORATION,28
High-Value Customers,CHRYSANTHEMUM NOTEBOOK,28
High-Value Customers,CLASSIC WHITE FRAME,28
High-Value Customers,ELEPHANT CARNIVAL POUFFE,28
High-Value Customers,FLOOR LAMP SHADE WOOD BASE,28
High-Value Customers,FREESTYLE CANVAS ART PICTURE,28
High-Value Customers,FROG CANDLE,28
High-Value Customers,"LETTER ""E"" BLING KEY RING",28
High-Value Customers,MINT GREEN ROSE TOWEL,28
High-Value Customers,NUMBER TILE COTTAGE GARDEN 0 ,28
High-Value Customers,NUMBER TILE COTTAGE GARDEN 6,28
High-Value Customers,NUMBER TILE COTTAGE GARDEN 9,28
High-Value Customers,PAPER LANTERN 9 POINT HOLLY STAR L,28
High-Value Customers,RIBBONS PURSE ,28
High-Value Customers,ROUND ARTICULATED PINK CLOCK W/SUCK,28
High-Value Customers,BEADED CRYSTAL HEART BLUE SMALL,27
High-Value Customers,CANDY SPOT HEART DECORATION,27
High-Value Customers,DECORATIVE PLANT POT WITH FRIEZE,27
High-Value Customers,DOLLY CABINET 3 DRAWERS ,27
High-Value Customers,FLORAL SOFT CAR TOY,27
High-Value Customers,FOLKART CHRISTMAS TREE T-LIGHT HOLD,27
High-Value Customers,JARDIN ETCHED GLASS SMALL BELL JAR,27
High-Value Customers,KENSINGTON COFFEE SET,27
High-Value Customers,LARGE PARLOUR FRAME,27
High-Value Customers,"LETTER ""D"" BLING KEY RING",27
High-Value Customers,"LETTER ""L"" BLING KEY RING",27
High-Value Customers,"LETTER ""S"" BLING KEY RING",27
High-Value Customers,NURSE'S BAG SOFT TOY,27
High-Value Customers,RED ENAMEL FLOWER RING,27
High-Value Customers,RED RETRO KITCHEN WALL CLOCK,27
High-Value Customers,SCOTTIES CHILDRENS APRON,27
High-Value Customers,SET 4 NURSERY DES ROUND BOXES,27
High-Value Customers,SET OF 36 VINTAGE CHRISTMAS DOILIES,27
High-Value Customers,SILVER DIAMANTE PEN IN GIFT BOX,27
High-Value Customers,SPACE CADET BLACK,27
High-Value Customers,WHITE/PINK CHICK EASTER DECORATION,27
High-Value Customers,3 TIER SWEETHEART GARDEN SHELF,26
High-Value Customers,"ACRYLIC HANGING JEWEL,PINK",26
High-Value Customers,BLUE CLIMBING HYDRANGA ART FLOWER,26
High-Value Customers,BLUE DRAGONFLY HELICOPTER,26
High-Value Customers,BROWN KUKUI COCONUT SEED NECKLACE,26
High-Value Customers,CANDY SPOT CUSHION COVER,26
High-Value Customers,CAROUSEL PONIES BABY BIB,26
High-Value Customers,GREY ACRYLIC FACETED BANGLE,26
High-Value Customers,JARDIN ETCHED GLASS LARGE BELL JAR,26
High-Value Customers,NUMBER TILE COTTAGE GARDEN 3 ,26
High-Value Customers,PINK SPOTS CHOCOLATE NESTING BOXES ,26
High-Value Customers,SET OF 72 GREEN PAPER DOILIES,26
High-Value Customers,TEATIME PEN CASE & PENS,26
High-Value Customers,VINTAGE SHELLS PRINT,26
High-Value Customers,YELLOW PINK FLOWER DESIGN BIG BOWL,26
High-Value Customers,YELLOW SHARK HELICOPTER,26
High-Value Customers,ANT SILVER LIME GREEN BOUDICCA RING,25
High-Value Customers,BLUE DISCO HANDBAG,25
High-Value Customers,CLEAR LOVE BIRD T-LIGHT HOLDER,25
High-Value Customers,GREEN FERN NOTEBOOK,25
High-Value Customers,MEDINA STAMPED METAL STOOL,25
High-Value Customers,NUMBER TILE COTTAGE GARDEN 8,25
High-Value Customers,PINK JEWELLED PHOTO FRAME ,25
High-Value Customers,"S/4 ICON COASTER,ELVIS LIVES",25
High-Value Customers,VINTAGE KITCHEN PRINT SEAFOOD,25
High-Value Customers,WRAP  PINK FLOCK,25
High-Value Customers,WRAP BLUE RUSSIAN FOLKART,25
High-Value Customers,WRAP GREEN RUSSIAN FOLKART ,25
High-Value Customers,ASSORTED FARMYARD ANIMALS IN BUCKET,24
High-Value Customers,BEADED PEARL HEART WHITE LARGE,24
High-Value Customers,BISCUIT TIN VINTAGE LEAF,24
High-Value Customers,BLUE MONTE CARLO HANDBAG,24
High-Value Customers,CANNABIS LEAF BEAD CURTAIN,24
High-Value Customers,CAROUSEL DESIGN WASHBAG,24
High-Value Customers,CHILDRENS SPACEBOY MUG,24
High-Value Customers,CRYSTAL STILETTO PHONE CHARM,24
High-Value Customers,"DECORATION HEN ON NEST, HANGING",24
High-Value Customers,DOLLCRAFT GIRL AMELIE,24
High-Value Customers,ENAMEL BOWL PANTRY,24
High-Value Customers,GIFT BAG LARGE 50'S CHRISTMAS,24
High-Value Customers,GREEN FERN POCKET BOOK,24
High-Value Customers,"GREETING CARD, TWO SISTERS.",24
High-Value Customers,JAM JAR WITH BLUE LID,24
High-Value Customers,KIDS CUTLERY DOLLY GIRL ,24
High-Value Customers,KIDS CUTLERY SPACEBOY ,24
High-Value Customers,LEAVES MAGNETIC  SHOPPING LIST,24
High-Value Customers,LILAC VOTIVE CANDLE,24
High-Value Customers,NEWSPAPER STAND,24
High-Value Customers,PINK FELT HANGING HEART W FLOWER,24
High-Value Customers,RETO LEAVES MAGNETIC SHOPPING LIST,24
High-Value Customers,RUSTIC  SEVENTEEN DRAWER SIDEBOARD,24
High-Value Customers,SET OF 3 MINI HANGING PORTRAITS,24
High-Value Customers,SPOTTED WHITE NATURAL SEED NECKLACE,24
High-Value Customers,STARFISH SOAP DISH,24
High-Value Customers,TOP SECRET PEN SET,24
High-Value Customers,WHITE STITCHED CUSHION COVER,24
High-Value Customers,ZINC T-LIGHT HOLDER STARS LARGE,24
High-Value Customers,ASS FLORAL PRINT SPIRIT LEVEL ,23
High-Value Customers,ASSORTED COLOUR SUCTION CUP HOOK,23
High-Value Customers,BLUE TRAVEL FIRST AID KIT,23
High-Value Customers,FAN BLACK FRAME ,23
High-Value Customers,GARDEN PATH POCKET BOOK,23
High-Value Customers,BLACK ENAMEL FLOWER RING,22
High-Value Customers,BLUE TABLE RUN FLOWER,22
High-Value Customers,CLEAR MILKSHAKE GLASS,22
High-Value Customers,CUTE BIRD CEATURE SCREEN,22
High-Value Customers,ENVELOPE 50 CURIOUS IMAGES,22
High-Value Customers,FUSCHIA TABLE RUN FLOWER ,22
High-Value Customers,JADE DROP EARRINGS W FILIGREE,22
High-Value Customers,KITCHEN FLOWER POTS WALL PLAQUE,22
High-Value Customers,MEDIUM PARLOUR FRAME ,22
High-Value Customers,PINK JEWELLED MIRROR TRINKET TRAY,22
High-Value Customers,SET OF 12 MINI BUNNIES IN A BUCKET,22
High-Value Customers,SET/3 POT PLANT CANDLES,22
High-Value Customers,SILVER CHRISTMAS TREE BAUBLE STAND ,22
High-Value Customers,75 BLACK PETIT FOUR CASES,21
High-Value Customers,BLUE RETRO KITCHEN WALL CLOCK,21
High-Value Customers,CHEST 7 DRAWER MA CAMPAGNE,21
High-Value Customers,DAISY NOTEBOOK ,21
High-Value Customers,NEW BAROQUE BLACK PHOTO ALBUM,21
High-Value Customers,NUMBER TILE COTTAGE GARDEN 7,21
High-Value Customers,PAPER LANTERN 5 POINT SEQUIN STAR,21
High-Value Customers,PINK BREAKFAST CUP AND SAUCER ,21
High-Value Customers,PURPLE ENAMEL FLOWER RING,21
High-Value Customers,RED SHARK HELICOPTER,21
High-Value Customers,THE KING GIFT BAG 25x24x12cm,21
High-Value Customers,VANILLA INCENSE 40 CONES IN TIN,21
High-Value Customers,VIP PASSPORT COVER ,21
High-Value Customers,WALL ART BICYCLE SAFTEY ,21
High-Value Customers,WHITE SQUARE TABLE CLOCK,21
High-Value Customers,BIRD BOX CHRISTMAS TREE DECORATION,20
High-Value Customers,COLUMBIAN CUBE CANDLE,20
High-Value Customers,GREEN ENAMEL FLOWER RING,20
High-Value Customers,GREEN WIRE STANDING CANDLE HOLDER,20
High-Value Customers,LARGE  TALL CAMPHOR WOOD TOADSTOOL ,20
High-Value Customers,MILK BOTTLE WITH GLASS STOPPER ,20
High-Value Customers,NUMBER TILE COTTAGE GARDEN 5,20
High-Value Customers,SILVER VANILLA  FLOWER CANDLE POT,20
High-Value Customers,SMALL REGAL  SILVER CANDLEPOT ,20
High-Value Customers,SOFT PINK ROSE TOWEL ,20
High-Value Customers,WAY OUT METAL SIGN ,20
High-Value Customers,ZINC SWEETHEART SOAP DISH,20
High-Value Customers,BEACH HUT DESIGN BLACKBOARD,19
High-Value Customers,FLAG OF ST GEORGE ,19
High-Value Customers,LOVE SEAT ANTIQUE WHITE METAL,19
High-Value Customers,SILVER HOOP EARRINGS WITH FLOWER,19
High-Value Customers,VINTAGE NOTEBOOK TRAVELOGUE,19
High-Value Customers,WHITE  ROSEBUD PEARL BRACELET,19
High-Value Customers,AQUA BERTIE GLASS BEAD BAG CHARM,18
High-Value Customers,ASSORTED SANSKRIT MINI NOTEBOOK,18
High-Value Customers,BILI NUT AND WOOD NECKLACE,18
High-Value Customers,BLACK SQUARE TABLE CLOCK,18
High-Value Customers,FOLDING MIRROR IVORY ,18
High-Value Customers,FOLDING MIRROR RED  ,18
High-Value Customers,HANGING BAUBLE T-LIGHT HOLDER LARGE,18
High-Value Customers,HANGING MEDINA LANTERN SMALL,18
High-Value Customers,IVORY SHELL HEART NECKLACE,18
High-Value Customers,METAL TUBE CHIME ON BAMBOO,18
High-Value Customers,MODERN VINTAGE COTTON SHOPPING BAG,18
High-Value Customers,MULTICOLOUR EASTER RABBIT ,18
High-Value Customers,PINK CHRYSANTHEMUMS ART FLOWER,18
High-Value Customers,PINK FLOCK GLASS CANDLEHOLDER,18
High-Value Customers,PINK FLOWERS RABBIT EASTER,18
High-Value Customers,BEACH HUT MIRROR,17
High-Value Customers,BLUE  DIAMANTE PEN IN GIFT BOX,17
High-Value Customers,BLUE SWEETHEART BRACELET,17
High-Value Customers,CORDIAL GLASS JUG,17
High-Value Customers,EASTER BUNNY WREATH,17
High-Value Customers,GOLD EAR MUFF HEADPHONES,17
High-Value Customers,GREEN EASTER EGG HUNT START POST,17
High-Value Customers,GREEN PEONY CUSHION COVER,17
High-Value Customers,PAINTED SEA SHELL METAL WINDCHIME,17
High-Value Customers,PINK ROSEBUD PEARL BRACELET,17
High-Value Customers,PURPLE SWEETHEART BRACELET,17
High-Value Customers,SET OF 36 PANTRY PAPER DOILIES,17
High-Value Customers,SMALL SINGLE FLAME CANDLE HOLDER,17
High-Value Customers,STEEL SWEETHEART ROUND TABLE CREAM,17
High-Value Customers,STRIPES DESIGN MONKEY DOLL,17
High-Value Customers,VINTAGE BLUE KITCHEN CABINET,17
High-Value Customers,VINTAGE ROSE BEAD BRACELET RASPBERR,17
High-Value Customers,BLUE CUSHION COVER WITH FLOWER,16
High-Value Customers,DIAMANTE BOW BROOCH RED COLOUR,16
High-Value Customers,DOLLY CABINET 2 DRAWERS ,16
High-Value Customers,DOTCOM POSTAGE,16
High-Value Customers,DOUBLE CERAMIC PARLOUR HOOK,16
High-Value Customers,GLITTER SNOW PEAR TREE DECORATION,16
High-Value Customers,HEART TRELLISTRIPLE T-LIGHT HOLDER,16
High-Value Customers,KNITTED RABBIT DOLL ,16
High-Value Customers,LITTLE GREEN MONSTER SOFT TOY,16
High-Value Customers,PAPER LANTERN 9 POINT HOLLY STAR 23,16
High-Value Customers,PINK HYDRANGEA ART FLOWER,16
High-Value Customers,PINK STRING CURTAIN WITH POLE,16
High-Value Customers,RED POLKADOT PUDDING BOWL,16
High-Value Customers,VINTAGE ZINC PLANTER  ,16
High-Value Customers,WISE MAN STAR SHAPE EGG PAN,16
High-Value Customers,12 HANGING EGGS HAND PAINTED,15
High-Value Customers,36 PENCILS TUBE POSY,15
High-Value Customers,AMBER DIAMANTE EXPANDABLE RING,15
High-Value Customers,BEACH HUT KEY CABINET,15
High-Value Customers,BLACK BAROQUE CARRIAGE CLOCK,15
High-Value Customers,BLACK PHOTO ALBUM ,15
High-Value Customers,BLUE GEISHA GIRL ,15
High-Value Customers,CLEAR CRYSTAL STAR PHONE CHARM,15
High-Value Customers,CRYSTAL DIAMANTE EXPANDABLE RING,15
High-Value Customers,CRYSTAL PAIR HEART HAIR SLIDES,15
High-Value Customers,DROP DIAMANTE EARRINGS PURPLE,15
High-Value Customers,GREEN GEISHA GIRL ,15
High-Value Customers,"LETTER ""M"" BLING KEY RING",15
High-Value Customers,"LETTER ""P"" BLING KEY RING",15
High-Value Customers,LILAC GAUZE BUTTERFLY LAMPSHADE,15
High-Value Customers,MAGAZINE RACK GEBRA ASSORTED ,15
High-Value Customers,PACK/12 XMAS FUN CARD,15
High-Value Customers,PERIWINKLE T-LIGHT HOLDER,15
High-Value Customers,RED PEONY CUSHION COVER ,15
High-Value Customers,SET OF 36 DOLLY GIRL PAPER DOILIES,15
High-Value Customers,SET/9 CHRISTMAS T-LIGHTS SCENTED ,15
High-Value Customers,SILVER TEDDY BEAR,15
High-Value Customers,TOAST ITS - DINOSAUR,15
High-Value Customers,TURQ+RED BOUDICCA LARGE BRACELET,15
High-Value Customers,TURQUOISE CRYSTAL+GLASS BRACELET,15
High-Value Customers,TUSCAN VILLA DOVECOTE BIRD FEEDER,15
High-Value Customers,VINTAGE BEAD COSMETIC BAG ,15
High-Value Customers,YELLOW POT PLANT CANDLE,15
High-Value Customers,75 GREEN FAIRY CAKE CASES,14
High-Value Customers,ANT COPPER LIME BOUDICCA BRACELET,14
High-Value Customers,BLACK MEDIUM GLASS CAKE STAND,14
High-Value Customers,CARNIVAL BRACELET,14
High-Value Customers,CHERRY BLOSSOM LUGGAGE TAG,14
High-Value Customers,FLORAL BATHROOM SET,14
High-Value Customers,FLOWER PURPLE CLOCK WITH SUCKER,14
High-Value Customers,FRUIT SALAD BAG CHARM,14
High-Value Customers,LITTLE PINK MONSTER SOFT TOY,14
High-Value Customers,PAIR OF ENAMEL BUTTERFLY HAIRCLIP,14
High-Value Customers,PINK HORSE SOCK PUPPET KIT,14
High-Value Customers,PINK OVAL JEWELLED MIRROR,14
High-Value Customers,PINK/FLOWER RABBIT EGG WARMER ,14
High-Value Customers,SCHOOL DESK AND CHAIR ,14
High-Value Customers,SMALL HANGING GLASS+ZINC LANTERN,14
High-Value Customers,SMALL KITCHEN FLOWER POTS PLAQUE,14
High-Value Customers,SWEETHEART CREAM STEEL TABLE RECT,14
High-Value Customers,WHITE 3 FRAME BIRDS AND TREE ,14
High-Value Customers,WHITE CHRYSANTHEMUMS ART FLOWER,14
High-Value Customers,WHITE FRANGIPANI NECKLACE,14
High-Value Customers,AMBER DROP EARRINGS W LONG BEADS,13
High-Value Customers,ANT COPPER TURQ BOUDICCA BRACELET,13
High-Value Customers,ANT SILVER FUSCHIA BOUDICCA RING,13
High-Value Customers,"BATHROOM SCALES, TROPICAL BEACH",13
High-Value Customers,CONGRATULATIONS BUNTING,13
High-Value Customers,CURIO CABINET LINEN AND LACE ,13
High-Value Customers,FINE SILVER NECKLACE W PASTEL FLOWE,13
High-Value Customers,HAND OPEN SHAPE DECO.WHITE,13
High-Value Customers,JOY LARGE WOOD LETTERS,13
High-Value Customers,LILAC DIAMANTE PEN IN GIFT BOX,13
High-Value Customers,LILY BROOCH AMETHYST COLOUR,13
High-Value Customers,MOUSEY LONG LEGS SOFT TOY,13
High-Value Customers,PACK OF 12 CHRISTMAS FUN CARDS,13
High-Value Customers,"PET MUG, GOLDFISH",13
High-Value Customers,PINK STRAWBERRY HANDBAG ,13
High-Value Customers,PLAYING CARDS VINTAGE DOILEY ,13
High-Value Customers,POLYESTER FILLER PAD 65CMx65CM,13
High-Value Customers,SILVER LARIAT 40CM,13
High-Value Customers,SILVER/M.O.P PENDANT ORBIT NECKLACE,13
High-Value Customers,THE KING GIFT BAG,13
High-Value Customers,TURQ ICE CREAM BUM BAG ,13
High-Value Customers,VINTAGE BEAD PINK SHADE ,13
High-Value Customers,ZINC WIRE KITCHEN ORGANISER,13
High-Value Customers,3 BLACK CATS W HEARTS BLANK CARD,12
High-Value Customers,ALUMINIUM HEART,12
High-Value Customers,BAKING MOULD CHOCOLATE CUP CAKES,12
High-Value Customers,BAKING MOULD CUPCAKE CHOCOLATE,12
High-Value Customers,BELL HEART ANTIQUE GOLD,12
High-Value Customers,BEST DAD CANDLE LETTERS,12
High-Value Customers,BLACK DIAMANTE EXPANDABLE RING,12
High-Value Customers,BLACK SIL'T SQU CANDLE PLATE ,12
High-Value Customers,BLUE HANGING GINGHAM EASTER HEN,12
High-Value Customers,BLUE POLKADOT PUDDING BOWL,12
High-Value Customers,CANNISTER VINTAGE LEAF DESIGN,12
High-Value Customers,CREAM CLIMBING HYDRANGA ART FLOWER,12
High-Value Customers,DOORKNOB CRACKED GLAZE GREEN,12
High-Value Customers,DOORKNOB CRACKED GLAZE PINK,12
High-Value Customers,ENAMEL DINNER PLATE PANTRY,12
High-Value Customers,ENAMEL MUG PANTRY,12
High-Value Customers,FOLDING CAMPING SCISSOR W/KNIF & S,12
High-Value Customers,FOLKART ZINC STAR CHRISTMAS DEC,12
High-Value Customers,FRENCH CHATEAU SMALL FRUITBOWL,12
High-Value Customers,FRENCH STYLE EMBOSSED HEART CABINET,12
High-Value Customers,FUSCHIA RETRO BAR STOOL,12
High-Value Customers,"GARLAND, MAGIC GARDEN 1.8M",12
High-Value Customers,GREEN METAL BOX TOP SECRET,12
High-Value Customers,GREEN MURANO TWIST BRACELET,12
High-Value Customers,GREEN POP ART MAO CUSHION COVER ,12
High-Value Customers,HOLLY TOP CHRISTMAS STOCKING,12
High-Value Customers,LARGE CAMPHOR WOOD FIELD MUSHROOM ,12
High-Value Customers,LARGE ZINC GLASS CANDLEHOLDER,12
High-Value Customers,"LETTER ""I"" BLING KEY RING",12
High-Value Customers,LILAC FEATHERS CURTAIN,12
High-Value Customers,MEDIUM PINK BUDDHA HEAD ,12
High-Value Customers,METAL HERB GERDEN CONTAINER,12
High-Value Customers,PAINTED HEART WREATH WITH BELL,12
High-Value Customers,PAIR BUTTERFLY HAIR CLIPS,12
High-Value Customers,PINK ACRYLIC JEWEL SNOWFLAKE,12
High-Value Customers,PINK BOUDOIR T-LIGHT HOLDER,12
High-Value Customers,PINK DOG CANNISTER,12
High-Value Customers,PINK ENAMEL FLOWER HAIR TIE,12
High-Value Customers,PINK FELT EASTER EGG BASKET,12
High-Value Customers,PINK FLOCK PHOTO FRAME ,12
High-Value Customers,PINK HANGING GINGHAM EASTER HEN,12
High-Value Customers,PINK ROUND COMPACT MIRROR,12
High-Value Customers,"RETRO ""TEA FOR ONE"" ",12
High-Value Customers,ROSE DU SUD WASHBAG ,12
High-Value Customers,RUSTIC STRAWBERRY JAMPOT SMALL,12
High-Value Customers,S/3 POT POURI CUSHIONS BLUE COLOURS,12
High-Value Customers,SET OF 6 EASTER RAINBOW CHICKS,12
High-Value Customers,SET OF 6 ICE CREAM SKITTLES,12
High-Value Customers,"STRING OF 8 BUTTERFLIES,PINK",12
High-Value Customers,SUNSET COLOUR CHUNKY KNITTED THROW,12
High-Value Customers,WHITE TISSUE REAM,12
High-Value Customers,WINE BOTTLE DRESSING LT.BLUE,12
High-Value Customers,YELLOW DRAGONFLY HELICOPTER,12
High-Value Customers,AMETHYST CHUNKY BEAD BRACELET W STR,11
High-Value Customers,BIRD ON BRANCH CANVAS SCREEN,11
High-Value Customers,BLUE/YELLOW FLOWER DESIGN BIG MUG,11
High-Value Customers,CHEST NATURAL WOOD 20 DRAWERS,11
High-Value Customers,CHUNKY SILVER NECKLACE PASTEL FLOWE,11
High-Value Customers,CONDIMENT TRAY 4 BOWLS AND 4 SPOONS,11
High-Value Customers,CUTE RABBIT CEATURE SCREEN ,11
High-Value Customers,DIAMANTE BOW BROOCH GREEN COLOUR,11
High-Value Customers,FROG SOCK PUPPET,11
High-Value Customers,GREEN/BLUE FLOWER DESIGN BIG MUG,11
High-Value Customers,HILDA CANDY SPOT RABBIT,11
High-Value Customers,"LETTER ""J"" BLING KEY RING",11
High-Value Customers,MOROCCAN BEATEN METAL MIRROR,11
High-Value Customers,ORIGAMI OPIUM INCENSE/CANDLE SET ,11
High-Value Customers,PINK BUTTERFLY CUSHION COVER,11
High-Value Customers,PINK/GREEN FLOWER DESIGN BIG MUG,11
High-Value Customers,RED BOUDICCA LARGE BRACELET,11
High-Value Customers,S/2 ZINC HEART DESIGN PLANTERS,11
High-Value Customers,TUSCAN VILLA BIRD TABLE ,11
High-Value Customers,VINTAGE KEEPSAKE BOX TRAVELOGUE,11
High-Value Customers,YELLOW/PINK FLOWER DESIGN BIG MUG,11
High-Value Customers,ZINC HEART LATTICE CHARGER SMALL,11
High-Value Customers,4 PINK FLOCK CHRISTMAS BALLS,10
High-Value Customers,ANTIQUE GLASS PLACE SETTING,10
High-Value Customers,BEADED LOVE HEART JEWELLERY SET,10
High-Value Customers,CREAM DELPHINIUM ARTIFICIAL FLOWER,10
High-Value Customers,DECROTIVEVINTAGE COFFEE GRINDER BOX,10
High-Value Customers,FOLK FELT HANGING MULTICOL GARLAND,10
High-Value Customers,GARDEN PATH NOTEBOOK ,10
High-Value Customers,GOLD TEDDY BEAR,10
High-Value Customers,HANGING HEART BASKET,10
High-Value Customers,HELLO SAILOR BATHROOM SET,10
High-Value Customers,LA PALMIERA WALL THERMOMETER,10
High-Value Customers,"LETTER ""G"" BLING KEY RING",10
High-Value Customers,"LETTER ""H"" BLING KEY RING",10
High-Value Customers,LILY BROOCH OLIVE COLOUR,10
High-Value Customers,MOROCCAN BEATEN METAL DISH,10
High-Value Customers,PEACE SMALL WOOD LETTERS,10
High-Value Customers,PINK B'FLY C/COVER W BOBBLES,10
High-Value Customers,PSYCHEDELIC METAL SIGN CALENDAR,10
High-Value Customers,PURPLE BOUDICCA LARGE BRACELET,10
High-Value Customers,RED PEONY TABLE CLOCK,10
High-Value Customers,RUBY DROP CHANDELIER EARRINGS,10
High-Value Customers,SILVER M.O.P ORBIT DROP EARRINGS,10
High-Value Customers,STRING OF STARS CARD HOLDER,10
High-Value Customers,TUSCAN VILLA DOVECOTE,10
High-Value Customers,VINTAGE POST OFFICE CABINET,10
High-Value Customers,WHITE ALLIUM  ARTIFICIAL FLOWER,10
High-Value Customers,YELLOW/BLUE RETRO RADIO,10
High-Value Customers,YULETIDE IMAGES S/6 PAPER BOXES,10
High-Value Customers,ZINC HEART LATTICE 2 WALL PLANTER,10
High-Value Customers,ACRYLIC GEOMETRIC LAMP,9
High-Value Customers,ANT SILVER PURPLE BOUDICCA RING,9
High-Value Customers,ANTIQUE CREAM CUTLERY SHELF ,9
High-Value Customers,ASS COL SMALL SAND GECKO P'WEIGHT,9
High-Value Customers,ASSTD RASTA KEY-CHAINS,9
High-Value Customers,BUTTERFLY HAIR BAND,9
High-Value Customers,CRYSTAL DIAMANTE STAR BROOCH,9
High-Value Customers,DIAMANTE HAIR GRIP PACK/2 LT ROSE,9
High-Value Customers,FRENCH CHATEAU LARGE FRUIT BOWL ,9
High-Value Customers,FROG KING WATERING CAN,9
High-Value Customers,FRUIT TREE AND BIRDS WALL PLAQUE,9
High-Value Customers,GLASS SONGBIRD STORAGE JAR,9
High-Value Customers,GREEN CHRISTMAS TREE STRING 20LIGHT,9
High-Value Customers,LARGE MINT DIAMANTE HAIRSLIDE,9
High-Value Customers,MIDNIGHT BLUE PAIR HEART HAIR SLIDE,9
High-Value Customers,MIRRORED WALL ART FOXY,9
High-Value Customers,NECKLACE+BRACELET PINK BUTTERFLY,9
High-Value Customers,PINK & WHITE ROSEBUD RING,9
High-Value Customers,PINK VINTAGE VICTORIAN EARRINGS,9
High-Value Customers,ROSE DU SUD CUSHION COVER ,9
High-Value Customers,SET OF 12 ROSE BOTANICAL T-LIGHTS,9
High-Value Customers,SPOTS ON RED BOOKCOVER TAPE,9
High-Value Customers,WOVEN BERRIES CUSHION COVER ,9
High-Value Customers,ANT COPPER PINK BOUDICCA BRACELET,8
High-Value Customers,ARMY CAMO BOOKCOVER TAPE,8
High-Value Customers,BLUE POLKADOT PURSE ,8
High-Value Customers,BLUE TEATIME PRINT BOWL ,8
High-Value Customers,BUTTONS AND STRIPES NOTEBOOK ,8
High-Value Customers,CAKE STAND VICTORIAN FILIGREE LARGE,8
High-Value Customers,CHRISTMAS MUSICAL ZINC HEART ,8
High-Value Customers,CRYSTAL HOOP EARRING FLORAL LEAF,8
High-Value Customers,DANISH ROSE BEDSIDE CABINET,8
High-Value Customers,ENAMEL JUG PANTRY,8
High-Value Customers,GOLD WASHBAG,8
High-Value Customers,GREEN PAIR HEART HAIR SLIDES,8
High-Value Customers,GREEN/BLUE CERAMIC CANDLE HOLDER,8
High-Value Customers,MIDNIGHT BLUE VINTAGE EARRINGS,8
High-Value Customers,NECKLACE+BRACELET SET BLUE HIBISCUS,8
High-Value Customers,ORIENTAL RED CUSHION COVER ,8
High-Value Customers,PAIR OF PINK FLOWER CLUSTER SLIDE,8
High-Value Customers,PAPER LANTERN 6 POINT SNOW STAR,8
High-Value Customers,PINK JEWELLED PHOTO FRAME,8
High-Value Customers,PURPLE FRANGIPANI NECKLACE,8
High-Value Customers,SET OF 3 CONEY ISLAND OVAL BOXES,8
High-Value Customers,SET OF 4 GREEN CAROUSEL COASTERS,8
High-Value Customers,"WALL ART ,PUDDINGS ",8
High-Value Customers,WHITE WIRE PLANT POT HOLDER,8
High-Value Customers,ZINC PLANT POT HOLDER,8
High-Value Customers,3 PINK HEN+CHICKS IN BASKET,7
High-Value Customers,"ACRYLIC JEWEL ICICLE, BLUE",7
High-Value Customers,BLACK FLOWER CANDLE PLATE,7
High-Value Customers,BLUE CHECK BAG W HANDLE 34X20CM,7
High-Value Customers,BLUE CRUSOE CHECK LAMPSHADE,7
High-Value Customers,CREAM AND PINK FLOWERS PONY ,7
High-Value Customers,CRYSTAL CZECH CROSS PHONE CHARM,7
High-Value Customers,DIAMANTE HAIR GRIP PACK/2 BLACK DIA,7
High-Value Customers,DIAMANTE HAIR GRIP PACK/2 MONTANA,7
High-Value Customers,DIAMANTE HAIR GRIP PACK/2 RUBY,7
High-Value Customers,EDWARDIAN DROP EARRINGS JET BLACK,7
High-Value Customers,ENAMEL BLUE RIM TEA CONTAINER,7
High-Value Customers,ENGLISH ROSE METAL WASTE BIN,7
High-Value Customers,FILIGREE DIAMANTE EARRINGS,7
High-Value Customers,GREEN MURANO TWIST NECKLACE,7
High-Value Customers,MIRRORED WALL ART PHOTO FRAMES,7
High-Value Customers,PACKING CHARGE,7
High-Value Customers,PINK GAUZE BUTTERFLY LAMPSHADE,7
High-Value Customers,PINK GLASS TASSLE BAG CHARM ,7
High-Value Customers,PINK HAWAIIAN PICNIC HAMPER FOR 2,7
High-Value Customers,PINK HEART DOTS HOT WATER BOTTLE,7
High-Value Customers,PINK SQUARE TABLE CLOCK,7
High-Value Customers,PURPLE/COPPER HANGING LAMPSHADE,7
High-Value Customers,RECIPE BOX WITH METAL HEART,7
High-Value Customers,RED PURSE WITH PINK HEART,7
High-Value Customers,SILICON STAR BULB  BLUE,7
High-Value Customers,SILVER OVAL SHAPE TRINKET BOX,7
High-Value Customers,SUMMER DAISIES BAG CHARM,7
High-Value Customers,TUSCAN VILLA BIRD FEEDER,7
High-Value Customers,VINTAGE ENAMEL & CRYSTAL EARRINGS,7
High-Value Customers,VINTAGE ROSE BEAD BRACELET BLACK,7
High-Value Customers,VINTAGE ZINC WATERING CAN,7
High-Value Customers,ZINC TOP  2 DOOR WOODEN SHELF ,7
High-Value Customers,2 DAISIES HAIR COMB,6
High-Value Customers,AMBER CHUNKY BEAD BRACELET W STRAP,6
High-Value Customers,AMETHYST DIAMANTE EXPANDABLE RING,6
High-Value Customers,ANT SILVER TURQUOISE BOUDICCA RING,6
High-Value Customers,ASS COL LARGE SAND FROG P'WEIGHT,6
High-Value Customers,BAKING MOULD TOFFEE CUP  CHOCOLATE,6
High-Value Customers,BIG POLKADOT MUG,6
High-Value Customers,BLACK 3 BEAD DROP EARRINGS,6
High-Value Customers,BLACK CRYSTAL DROP EARRINGS,6
High-Value Customers,BLACK DROP CRYSTAL NECKLACE,6
High-Value Customers,BLACK+WHITE NECKLACE W TASSEL,6
High-Value Customers,BLUE NETTING STORAGE HANGER,6
High-Value Customers,Bank Charges,6
High-Value Customers,CLASSIC DIAMANTE EARRINGS JET,6
High-Value Customers,CLEAR STATIONERY BOX SET ,6
High-Value Customers,CUPID SCENTED CANDLE IN GLASS,6
High-Value Customers,DAISY HAIR COMB,6
High-Value Customers,DIAMANTE HAIR GRIP PACK/2 CRYSTAL,6
High-Value Customers,DIAMANTE HAIR GRIP PACK/2 PERIDOT,6
High-Value Customers,DROP DIAMANTE EARRINGS CRYSTAL,6
High-Value Customers,DROP DIAMANTE EARRINGS GREEN,6
High-Value Customers,FLOWER FAIRY 5 SUMMER DRAW LINERS,6
High-Value Customers,"FLOWER GLASS GARLAND NECKL.36""BLUE",6
High-Value Customers,"FLOWER GLASS GARLD NECKL36""AMETHYST",6
High-Value Customers,GLASS AND PAINTED BEADS BRACELET TO,6
High-Value Customers,GREEN ENAMEL FLOWER HAIR TIE,6
High-Value Customers,GREEN GLASS TASSLE BAG CHARM,6
High-Value Customers,GREEN VINTAGE EARRINGS ,6
High-Value Customers,I LOVE LONDON WALL ART,6
High-Value Customers,"LETTER ""N"" BLING KEY RING",6
High-Value Customers,MIDNIGHT BLUE DROP CRYSTAL NECKLACE,6
High-Value Customers,MONTANA DIAMOND CLUSTER EARRINGS,6
High-Value Customers,MOROCCAN BEATEN METAL DISH LARGE,6
High-Value Customers,PACK/12 BLUE FOLKART CARDS,6
High-Value Customers,PAPER LANTERN 5 POINT STAR MOON 30,6
High-Value Customers,PAPER LANTERN 5 POINT STUDDED STAR,6
High-Value Customers,PINK CHERRY BLOSSOM CUP & SAUCER,6
High-Value Customers,PINK CLEAR GLASS CANDLE PLATE,6
High-Value Customers,PINK CRYSTAL+GLASS BRACELET,6
High-Value Customers,PINK DAISY BAG CHARM,6
High-Value Customers,PINK FLOCK SUEDE CUSHION COVER ,6
High-Value Customers,PINK OVAL SHAPE TRINKET BOX,6
High-Value Customers,PINK PARTY SUNGLASSES,6
High-Value Customers,PURPLE ENAMEL FLOWER HAIR TIE,6
High-Value Customers,RASPBERRY ANT COPPER FLOWER NECKLAC,6
High-Value Customers,ROSE DU SUD DRAWSTRING BAG,6
High-Value Customers,SILVER BLACK ORBIT DROP EARRINGS,6
High-Value Customers,SILVER M.O.P ORBIT BRACELET,6
High-Value Customers,SMALL JEWELLERY STAND,6
High-Value Customers,TINY CRYSTAL BRACELET GREEN,6
High-Value Customers,TURQUOISE GLASS TASSLE BAG CHARM ,6
High-Value Customers,VINTAGE PHOTO ALBUM PARIS DAYS,6
High-Value Customers,"WALL ART,ONLY ONE PERSON ",6
High-Value Customers,WHITE ENAMEL FLOWER HAIR TIE,6
High-Value Customers,WOODEN BOX ADVENT CALENDAR ,6
High-Value Customers,AMBER GLASS/SILVER BRACELET,5
High-Value Customers,ANTIQUE CREAM CUTLERY CUPBOARD,5
High-Value Customers,CHAMPAGNE TRAY BLANK CARD,5
High-Value Customers,COLOURFUL FLOWER FRUIT BOWL,5
High-Value Customers,DECORATIVE HANGING SHELVING UNIT,5
High-Value Customers,EIGHT PIECE CREEPY CRAWLIE SET,5
High-Value Customers,FIRST CLASS HOLIDAY PURSE ,5
High-Value Customers,FRENCH CHATEAU OVAL PLATTER,5
High-Value Customers,GIRLY PINK TOOL SET,5
High-Value Customers,GOLD/M.O.P PENDANT ORBIT NECKLACE,5
High-Value Customers,GREEN CAT FLORAL CUSHION COVER ,5
High-Value Customers,GREEN HEART OF GLASS BRACELET,5
High-Value Customers,HAPPY BIRTHDAY CARD TEDDY/CAKE,5
High-Value Customers,IVORY GOLD METAL BAG CHARM,5
High-Value Customers,LARGE CRYSTAL DIAMANTE HAIRSLIDE,5
High-Value Customers,OLD DOC RUSSEL METAL SIGN,5
High-Value Customers,PINK BOUDICCA LARGE BRACELET,5
High-Value Customers,PINK BUTTERFLY WASHBAG,5
High-Value Customers,PINK CAT FLORAL CUSHION COVER ,5
High-Value Customers,PINK GREEN EMBROIDERY COSMETIC BAG,5
High-Value Customers,PINK SMALL JEWELLED PHOTOFRAME,5
High-Value Customers,RESIN NECKLACE W PASTEL BEADS,5
High-Value Customers,ROSE COLOUR PAIR HEART HAIR SLIDES,5
High-Value Customers,ROSE DU SUD CUSHION COVER,5
High-Value Customers,SILVER BRACELET W PASTEL FLOWER,5
High-Value Customers,SILVER LARIAT BLACK STONE EARRINGS,5
High-Value Customers,SPACEBOY MINI RUCKSACK,5
High-Value Customers,ST TROPEZ NECKLACE,5
High-Value Customers,T-LIGHT HOLDER SILVER SAUCER,5
High-Value Customers,TRANSPARENT ACRYLIC TAPE DISPENSER,5
High-Value Customers,TURQUOISE HEART OF GLASS BRACELET,5
High-Value Customers,WOODLAND MINI RUCKSACK ,5
High-Value Customers,WOVEN FROST CUSHION COVER,5
High-Value Customers,WOVEN ROSE GARDEN CUSHION COVER ,5
High-Value Customers,ZINC HEART LATTICE TRAY OVAL ,5
High-Value Customers,15 PINK FLUFFY CHICKS IN BOX,4
High-Value Customers,16 PC CUTLERY SET PANTRY DESIGN,4
High-Value Customers,A4 WALL TIDY RED FLOWERS,4
High-Value Customers,BAG OF SILVER STONES,4
High-Value Customers,BLACK/WHITE GLASS/SILVER BRACELET,4
High-Value Customers,BLUE BREAKFAST CUP AND SAUCER ,4
High-Value Customers,BLUE MURANO TWIST BRACELET,4
High-Value Customers,BLUE STRIPES SHOULDER BAG,4
High-Value Customers,BLUE WIRE SPIRAL CANDLE HOLDER,4
High-Value Customers,BLUE/YELLOW CERAMIC CANDLE HOLDER,4
High-Value Customers,"BREAD BIN, DINER STYLE, IVORY",4
High-Value Customers,"BREAD BIN, DINER STYLE, MINT",4
High-Value Customers,BUTTERFLY CUSHION COVER,4
High-Value Customers,CHALKBOARD KITCHEN ORGANISER,4
High-Value Customers,CHRISTMAS TREE T-LIGHT HOLDER,4
High-Value Customers,COPPER AND BRASS BAG CHARM,4
High-Value Customers,CORDIAL JUG,4
High-Value Customers,DIAMANTE NECKLACE PURPLE,4
High-Value Customers,DOLLY GIRL MINI RUCKSACK,4
High-Value Customers,GOLD M PEARL  ORBIT NECKLACE,4
High-Value Customers,GREEN  DIAMANTE PEN IN GIFT BOX,4
High-Value Customers,LARGE BLACK DIAMANTE HAIRSLIDE,4
High-Value Customers,LIGHTHOUSE PRINTED METAL SIGN,4
High-Value Customers,MAXWELL 2 TONE BLUE 60 PAGE PHOTO A,4
High-Value Customers,NEW BAROQUE B'FLY NECKLACE RED,4
High-Value Customers,PASTEL PINK PHOTO ALBUM ,4
High-Value Customers,PINK BUTTERFLY CUSHION COVER ,4
High-Value Customers,PINK FOXGLOVE ARTIIFCIAL FLOWER,4
High-Value Customers,PINK HEART OF GLASS BRACELET,4
High-Value Customers,PINK PAINTED KASHMIRI CHAIR,4
High-Value Customers,"POCKET MIRROR ""GLAMOROUS""",4
High-Value Customers,PURPLE ANEMONE ARTIFICIAL FLOWER,4
High-Value Customers,PURPLE GEMSTONE BRACELET,4
High-Value Customers,RAIN PONCHO ,4
High-Value Customers,RASTA IN BATH W SPLIFF ASHTRAY,4
High-Value Customers,REGENCY MIRROR WITH SHUTTERS,4
High-Value Customers,SET/4 GARDEN ROSE DINNER CANDLE,4
High-Value Customers,SILVER ROCCOCO CHANDELIER,4
High-Value Customers,SILVER/MOP ORBIT NECKLACE,4
High-Value Customers,UNION JACK HOT WATER BOTTLE ,4
High-Value Customers,VINTAGE KEEPSAKE BOX PINK FLOWER,4
High-Value Customers,VINTAGE NOTEBOOK PARIS DAYS,4
High-Value Customers,VINTAGE ZINC WATERING CAN SMALL,4
High-Value Customers,VIP HOLIDAY PURSE,4
High-Value Customers,"WALL ART , LOVES' SECRET ",4
High-Value Customers,WHITE HYDRANGEA ART FLOWER,4
High-Value Customers,WHITE VINTAGE CRYSTAL BRACELET,4
High-Value Customers,WOOD AND GLASS MEDICINE CABINET,4
High-Value Customers,WOVEN BUBBLE GUM CUSHION COVER,4
High-Value Customers,WOVEN CANDY CUSHION COVER ,4
High-Value Customers,WOVEN SUNSET CUSHION COVER ,4
High-Value Customers,ANT COPPER RED BOUDICCA BRACELET,3
High-Value Customers,BLACK CHUNKY BEAD BRACELET W STRAP,3
High-Value Customers,BLACK GEMSTONE NECKLACE 45CM,3
High-Value Customers,BLACK GLASS BRACELET W HEART CHARMS,3
High-Value Customers,BLUE GREEN EMBROIDERY COSMETIC BAG,3
High-Value Customers,BLUE HOLE PUNCH,3
High-Value Customers,CANDY SPOT TEA COSY,3
High-Value Customers,COPPER/OLIVE GREEN FLOWER NECKLACE,3
High-Value Customers,CRACKED GLAZE NECKLACE IVORY,3
High-Value Customers,CREAM SWEETHEART WALL CABINET,3
High-Value Customers,DIAMOND LAS VEGAS NECKLACE 45CM,3
High-Value Customers,DUSTY PINK CHRISTMAS TREE 60CM,3
High-Value Customers,ELEPHANT CLIP W SUCTION CUP,3
High-Value Customers,ENVELOPE 50 ROMANTIC IMAGES,3
High-Value Customers,FLOWER BURST SILVER RING CRYSTAL,3
High-Value Customers,FLOWER GARLAND NECKLACE RED,3
High-Value Customers,"FLOWER GLASS GARLAND NECKL.36""BLACK",3
High-Value Customers,"FOLK ART GREETING CARD,pack/12",3
High-Value Customers,"FOOD COVER WITH BEADS , SET 2 SIZES",3
High-Value Customers,GOLD DIAMANTE STAR BROOCH,3
High-Value Customers,GREEN PENDANT TRIPLE SHELL NECKLACE,3
High-Value Customers,GREEN WITH METAL BAG CHARM,3
High-Value Customers,HANGING BUTTERFLY  EGG,3
High-Value Customers,HEART SHAPED MIRROR,3
High-Value Customers,IVORY PENDANT TRIPLE SHELL NECKLACE,3
High-Value Customers,LARGE JEWELLERY STAND,3
High-Value Customers,"LETTER ""R"" BLING KEY RING",3
High-Value Customers,LONG SILVER NECKLACE PASTEL FLOWER,3
High-Value Customers,MOP PENDANT SHELL NECKLACE,3
High-Value Customers,NECKLACE+BRACELET SET BLUE BLOSSOM,3
High-Value Customers,NECKLACE+BRACELET SET FRUIT SALAD ,3
High-Value Customers,ORANGE PENDANT TRIPLE SHELL NECKLAC,3
High-Value Customers,PINK EASTER HENS+FLOWER,3
High-Value Customers,PINK MURANO TWIST NECKLACE,3
High-Value Customers,PINK NEW BAROQUE FLOCK CANDLESTICK,3
High-Value Customers,PURPLE LAS VEGAS BRACELET ROUND,3
High-Value Customers,QUEEN OF THE SKIES HOLIDAY PURSE ,3
High-Value Customers,RED GLASS TASSLE BAG CHARM,3
High-Value Customers,RED ROSE AND LACE C/COVER,3
High-Value Customers,RED WHITE SCARF  HOT WATER BOTTLE,3
High-Value Customers,ROBOT MUG IN DISPLAY BOX,3
High-Value Customers,ROMANTIC IMAGES SCRAP BOOK SET,3
High-Value Customers,ROSE PENDANT TRIPLE SHELL NECKLACE,3
High-Value Customers,SILVER BLACK ORBIT BRACELET,3
High-Value Customers,SILVER DROP EARRINGS WITH FLOWER,3
High-Value Customers,SILVER/AMETHYST DROP EARRINGS LEAF,3
High-Value Customers,SILVER/NAT SHELL NECKLACE W PENDANT,3
High-Value Customers,SILVER/NATURAL SHELL NECKLACE,3
High-Value Customers,TEAL/FUSCHIA COL BEAD NECKLACE,3
High-Value Customers,TEATIME FUNKY FLOWER BACKPACK FOR 2,3
High-Value Customers,TROPICAL HOLIDAY PURSE ,3
High-Value Customers,TURQ PENDANT TRIPLE SHELL NECKLACE,3
High-Value Customers,TUSCAN VILLA FEEDING STATION,3
High-Value Customers,UBO-LIGHT TRIOBASE BLUE,3
High-Value Customers,WHITE GLASS CHUNKY CHARM BRACELET,3
High-Value Customers,WHITE WITH METAL BAG CHARM,3
High-Value Customers, TOADSTOOL BEDSIDE LIGHT ,2
High-Value Customers,3 BIRDS CANVAS SCREEN,2
High-Value Customers,5 STRAND GLASS NECKLACE AMETHYST,2
High-Value Customers,5 STRAND GLASS NECKLACE BLACK,2
High-Value Customers,5 STRAND GLASS NECKLACE CRYSTAL,2
High-Value Customers,AMBER FINE BEAD NECKLACE W TASSEL,2
High-Value Customers,AMETHYST HOOP EARRING FLORAL LEAF,2
High-Value Customers,ANTIQUE MID BLUE FLOWER EARRINGS,2
High-Value Customers,ANTIQUE OLIVE GREEN FLOWER EARRINGS,2
High-Value Customers,BLACK VINT ART DEC CRYSTAL NECKLACE,2
High-Value Customers,BLUE FLOCK CUSHION COVER ,2
High-Value Customers,BLUE GLASS CHUNKY CHARM BRACELET,2
High-Value Customers,BLUE WHITE PLASTIC RINGS LAMPSHADE,2
High-Value Customers,CLAM SHELL LARGE,2
High-Value Customers,CLASSIC DIAMANTE NECKLACE JET,2
High-Value Customers,DIAMANTE BOW BROOCH BLACK COLOUR,2
High-Value Customers,DIAMANTE NECKLACE BLACK ,2
High-Value Customers,FIRE POLISHED GLASS BRACELET GREEN,2
High-Value Customers,FLORAL BLUE MONSTER,2
High-Value Customers,FLOWER PURPLE CLOCK W/SUCKER,2
High-Value Customers,FUNKY FLOWER PICNIC BAG FOR 4,2
High-Value Customers,GINGHAM OVEN GLOVE RED HEART ,2
High-Value Customers,GLASS BEAD HOOP NECKLACE GREEN,2
High-Value Customers,GLASS CAKE COVER AND PLATE,2
High-Value Customers,GOLD M.O.P ORBIT DROP EARRINGS,2
High-Value Customers,HEART BUTTONS JEWELLERY BOX,2
High-Value Customers,High Resolution Image,2
High-Value Customers,IVORY SHELL HEART EARRINGS,2
High-Value Customers,JET BLACK LAS VEGAS NECKLACE 45CM,2
High-Value Customers,"LARGE CAKE TOWEL, CHOCOLATE SPOTS",2
High-Value Customers,"LETTER ""V"" BLING KEY RING",2
High-Value Customers,LIGHT DECORATION BATTERY OPERATED,2
High-Value Customers,MIDNIGHT BLUE GLASS/SILVER BRACELET,2
High-Value Customers,MINT DINER CLOCK,2
High-Value Customers,PAPER LANTERN 9 POINT HOLLY STAR 40,2
High-Value Customers,PINK PAISLEY CUSHION COVER ,2
High-Value Customers,PINK YELLOW PATCH CUSHION COVER,2
High-Value Customers,PINK/WHITE GLASS DEMI CHOKER,2
High-Value Customers,POLYESTER FILLER PAD 60x40cm,2
High-Value Customers,PURPLE AMETHYST NECKLACE W TASSEL,2
High-Value Customers,PURPLE GEMSTONE NECKLACE 45CM,2
High-Value Customers,PURPLE/BLUE CERAMIC CANDLE HOLDER,2
High-Value Customers,PURPLE/TURQ FLOWERS HANDBAG,2
High-Value Customers,RESIN BRACELET W PASTEL BEADS,2
High-Value Customers,RUBY GLASS CLUSTER NECKLACE,2
High-Value Customers,SILVER LATTICE VANILLA CANDLE POT,2
High-Value Customers,SILVER LOOKING MIRROR,2
High-Value Customers,SILVER/BLACK ORBIT NECKLACE,2
High-Value Customers,TURQ STONE/CRYSTAL EARRINGS,2
High-Value Customers,VINTAGE WOODEN BAR STOOL,2
High-Value Customers,WHITE ANEMONE ARTIFICIAL FLOWER,2
High-Value Customers,WHITE BEADED GARLAND STRING 20LIGHT,2
High-Value Customers,WHITE VINT ART DECO CRYSTAL NECKLAC,2
High-Value Customers, I LOVE LONDON MINI RUCKSACK,1
High-Value Customers,60 GOLD AND SILVER FAIRY CAKE CASES,1
High-Value Customers,AMBER CHUNKY GLASS+BEAD NECKLACE,1
High-Value Customers,AMBER GLASS/SHELL/PEARL NECKLACE,1
High-Value Customers,BLACK GEMSTONE BRACELET,1
High-Value Customers,BLACK VINT ART DEC CRYSTAL BRACELET,1
High-Value Customers,BLUE EASTER EGG HUNT START POST,1
High-Value Customers,BLUE MURANO TWIST NECKLACE,1
High-Value Customers,BLUE PADDED SOFT MOBILE,1
High-Value Customers,BLUE SHARK HELICOPTER,1
High-Value Customers,BLUE/NAT SHELL NECKLACE W PENDANT,1
High-Value Customers,COTE D'AZURE NECKLACE,1
High-Value Customers,CREAM BUNNY EASTER EGG BASKET,1
High-Value Customers,DANISH ROSE UMBRELLA STAND,1
High-Value Customers,DROP DIAMANTE EARRINGS BLACK DIAMON,1
High-Value Customers,DROP EARRINGS W FLOWER & LEAF,1
High-Value Customers,ECONOMY HOLIDAY PURSE,1
High-Value Customers,ENGLISH ROSE SCENTED HANGING HEART,1
High-Value Customers,FIRE POLISHED GLASS NECKL BRONZE,1
High-Value Customers,"FLOWER GLASS GARLAND NECKL.36""GREEN",1
High-Value Customers,FRYING PAN RED POLKADOT ,1
High-Value Customers,FUNKY MONKEY MUG,1
High-Value Customers,GLASS BEAD HOOP NECKLACE AMETHYST,1
High-Value Customers,GOLD COSMETIC BAG PINK STAR,1
High-Value Customers,GOLD M.O.P ORBIT BRACELET,1
High-Value Customers,GOLDIE LOOKING MIRROR,1
High-Value Customers,HEN HOUSE W CHICK IN NEST,1
High-Value Customers,HEN HOUSE WITH CHICK STANDING,1
High-Value Customers,HOME SWEEET HOME 3 PEG HANGER ,1
High-Value Customers,IVY HEART WREATH,1
High-Value Customers,LADLE LOVE HEART PINK,1
High-Value Customers,"LETTER ""B"" BLING KEY RING",1
High-Value Customers,"LETTER ""F"" BLING KEY RING",1
High-Value Customers,"LETTER ""Y"" BLING KEY RING",1
High-Value Customers,MARIE ANTOIENETT TRINKET BOX GOLD,1
High-Value Customers,MIDNIGHT BLUE CRYSTAL DROP EARRINGS,1
High-Value Customers,MUMMY MOUSE RED GINGHAM RIBBON,1
High-Value Customers,NECKLACE+BRACELET SET PINK DAISY,1
High-Value Customers,NEW BAROQUE BLACK BOXES,1
High-Value Customers,ORANGE FELT VASE + FLOWERS,1
High-Value Customers,ORIGAMI VANILLA INCENSE CONES,1
High-Value Customers,PACK 4 FLOWER/BUTTERFLY PATCHES,1
High-Value Customers,PINK CRYSTAL GUITAR PHONE CHARM,1
High-Value Customers,PINK CRYSTAL SKULL PHONE CHARM,1
High-Value Customers,PINK HEART RED HANDBAG,1
High-Value Customers,PINK POLKADOT KIDS BAG,1
High-Value Customers,PINK/WHITE RIBBED MELAMINE JUG,1
High-Value Customers,PURPLE FRANGIPANI HAIRCLIP,1
High-Value Customers,RABBIT EASTER DECORATION,1
High-Value Customers,ROUND CACTUS CANDLE,1
High-Value Customers,"RUSTIC WOODEN CABINET, GLASS DOORS",1
High-Value Customers,S/3 PINK SQUARE PLANTERS ROSES,1
High-Value Customers,SET 12 COLOURING PENCILS DOILEY,1
High-Value Customers,SET 36 COLOURING PENCILS DOILEY,1
High-Value Customers,SET OF 16 VINTAGE IVORY CUTLERY,1
High-Value Customers,SET OF 3 PINK FLYING DUCKS,1
High-Value Customers,SET/3 FLORAL GARDEN TOOLS IN BAG,1
High-Value Customers,"SILICON CUBE 25W, BLUE",1
High-Value Customers,SILVER  CANDLEPOT JARDIN ,1
High-Value Customers,SILVER 2 STRAND NECKLACE-LEAF CHARM,1
High-Value Customers,SILVER AND BLACK ORBIT NECKLACE,1
High-Value Customers,ST GEORGE SET OF 10 PARTY LIGHTS,1
High-Value Customers,SWEETHEART CARRY-ALL BASKET,1
High-Value Customers,TURQUOISE CHRISTMAS TREE ,1
High-Value Customers,UBO-LIGHT TRIOBASE PURPLE,1
High-Value Customers,VINTAGE BEAD PINK JEWEL STAND,1
High-Value Customers,VINTAGE GLASS TEA CADDY,1
High-Value Customers,VINTAGE NOTEBOOK BEAUTY GIRL,1
High-Value Customers,WHITE CHRISTMAS TREE 60CM,1
High-Value Customers,WHITE HEART OF GLASS BRACELET,1
High-Value Customers,WHITE MURANO TWIST BRACELET,1
High-Value Customers,WHITE ROSEBUD  PEARL EARRINGS,1
High-Value Customers,WHITE STONE/CRYSTAL EARRINGS,1
Regular Customers,WORLD WAR 2 GLIDERS ASSTD DESIGNS,10036
Regular Customers,ASSORTED COLOUR BIRD ORNAMENT,8093
Regular Customers,JUMBO BAG RED RETROSPOT,6670
Regular Customers,ESSENTIAL BALM 3.5g TIN IN ENVELOPE,5700
Regular Customers,BROCADE RING PURSE ,5609
Regular Customers,WHITE HANGING HEART T-LIGHT HOLDER,5169
Regular Customers,POPART WOODEN PENCILS ASST,5000
Regular Customers,PACK OF 72 RETROSPOT CAKE CASES,4806
Regular Customers,SMALL CHINESE STYLE SCISSOR,4767
Regular Customers,ASSORTED COLOURS SILK FAN,4344
Regular Customers,PAPER CHAIN KIT 50'S CHRISTMAS ,4179
Regular Customers,BUBBLEGUM RING ASSORTED,4178
Regular Customers,WOODEN HEART CHRISTMAS SCANDINAVIAN,4142
Regular Customers,WOODEN STAR CHRISTMAS SCANDINAVIAN,4060
Regular Customers,ANTIQUE SILVER TEA GLASS ENGRAVED,3969
Regular Customers,AGED GLASS SILVER T-LIGHT HOLDER,3814
Regular Customers,POPCORN HOLDER,3730
Regular Customers,DISCO BALL CHRISTMAS DECORATION,3726
Regular Customers,ANTIQUE SILVER T-LIGHT GLASS,3617
Regular Customers,COLOUR GLASS T-LIGHT HOLDER HANGING,3487
Regular Customers,DOUGHNUT LIP GLOSS ,3443
Regular Customers,MINI PAINT SET VINTAGE ,3420
Regular Customers,VICTORIAN GLASS HANGING T-LIGHT,3364
Regular Customers,RABBIT NIGHT LIGHT,3325
Regular Customers,60 CAKE CASES VINTAGE CHRISTMAS,3273
Regular Customers,VINTAGE SNAP CARDS,3042
Regular Customers,PACK OF 60 PINK PAISLEY CAKE CASES,2992
Regular Customers,RED RETROSPOT WRAP ,2950
Regular Customers,HEART OF WICKER SMALL,2900
Regular Customers,PLACE SETTING WHITE HEART,2844
Regular Customers,RED RETROSPOT CHARLOTTE BAG,2784
Regular Customers,PENS ASSORTED FUNNY FACE,2774
Regular Customers,CHRISTMAS HANGING STAR WITH BELL,2719
Regular Customers,60 TEATIME FAIRY CAKE CASES,2654
Regular Customers,SET OF 60 PANTRY DESIGN CAKE CASES ,2641
Regular Customers,JAM MAKING SET PRINTED,2575
Regular Customers,PACK OF 12 HEARTS DESIGN TISSUES ,2535
Regular Customers,FANCY FONTS BIRTHDAY WRAP,2525
Regular Customers,JUMBO BAG 50'S CHRISTMAS ,2485
Regular Customers,WRAP CHRISTMAS VILLAGE,2475
Regular Customers,LUNCH BAG CARS BLUE,2462
Regular Customers,BLUE POLKADOT WRAP,2450
Regular Customers,ICE CREAM SUNDAE LIP GLOSS,2444
Regular Customers,PARTY BUNTING,2397
Regular Customers,DINOSAUR KEYRINGS ASSORTED,2376
Regular Customers,LUNCH BAG RED RETROSPOT,2315
Regular Customers,GIRLS ALPHABET IRON ON PATCHES ,2304
Regular Customers,WRAP ENGLISH ROSE ,2300
Regular Customers,NATURAL SLATE HEART CHALKBOARD ,2296
Regular Customers,RED  HARMONICA IN BOX ,2295
Regular Customers,ICE CREAM PEN LIP GLOSS ,2264
Regular Customers,WRAP 50'S  CHRISTMAS,2262
Regular Customers,PINK POLKADOT WRAP ,2250
Regular Customers,HOMEMADE JAM SCENTED CANDLES,2220
Regular Customers,PAPER CHAIN KIT VINTAGE CHRISTMAS,2216
Regular Customers,JUMBO  BAG BAROQUE BLACK WHITE,2206
Regular Customers,LUNCH BAG SPACEBOY DESIGN ,2195
Regular Customers,ZINC FOLKART SLEIGH BELLS,2191
Regular Customers,MULTI COLOUR SILVER T-LIGHT HOLDER,2180
Regular Customers,LUNCH BAG  BLACK SKULL.,2178
Regular Customers,JUMBO BAG PINK POLKADOT,2175
Regular Customers,JUMBO BAG ALPHABET,2144
Regular Customers,STRAWBERRY CERAMIC TRINKET BOX,2128
Regular Customers,VINTAGE HEADS AND TAILS CARD GAME ,2122
Regular Customers,FUNKY DIVA PEN,2114
Regular Customers,6 RIBBONS RUSTIC CHARM,2107
Regular Customers,SET OF 20 VINTAGE CHRISTMAS NAPKINS,2092
Regular Customers,LUNCH BAG SUKI DESIGN ,2088
Regular Customers,ASSORTED LAQUERED INCENSE HOLDERS,2067
Regular Customers,PACK OF 72 SKULL CAKE CASES,2066
Regular Customers,PACK OF 12 TRADITIONAL CRAYONS,2052
Regular Customers,PACK OF 60 DINOSAUR CAKE CASES,2048
Regular Customers,LUNCH BAG PINK POLKADOT,2029
Regular Customers,SKULLS AND CROSSBONES WRAP,2025
Regular Customers,HAND WARMER OWL DESIGN,2020
Regular Customers,COLOURING PENCILS BROWN TUBE,2011
Regular Customers,WRAP VINTAGE LEAF DESIGN,2000
Regular Customers,WOODEN TREE CHRISTMAS SCANDINAVIAN,1936
Regular Customers,HANGING HEART JAR T-LIGHT HOLDER,1927
Regular Customers,GARDENERS KNEELING PAD KEEP CALM ,1918
Regular Customers,SET OF 12 FAIRY CAKE BAKING CASES,1890
Regular Customers,TRADITIONAL MODELLING CLAY,1887
Regular Customers,TRADITIONAL KNITTING NANCY,1854
Regular Customers,GROW A FLYTRAP OR SUNFLOWER IN TIN,1849
Regular Customers,"ASSORTED FLOWER COLOUR ""LEIS""",1847
Regular Customers,HOT WATER BOTTLE KEEP CALM,1828
Regular Customers,LUNCH BAG APPLE DESIGN,1812
Regular Customers,ZINC METAL HEART DECORATION,1781
Regular Customers,T-LIGHT GLASS FLUTED ANTIQUE,1780
Regular Customers,PENS ASSORTED SPACEBALL,1764
Regular Customers,TRAVEL CARD WALLET KEEP CALM,1762
Regular Customers,JUMBO BAG VINTAGE LEAF,1756
Regular Customers,CHRISTMAS PUDDING TRINKET POT ,1754
Regular Customers,JUMBO BAG VINTAGE DOILY ,1751
Regular Customers,JUMBO BAG APPLES,1742
Regular Customers,SET 12 KIDS COLOUR  CHALK STICKS,1717
Regular Customers,HANGING HEART ZINC T-LIGHT HOLDER,1710
Regular Customers,SET OF 12 MINI LOAF BAKING CASES,1702
Regular Customers,WRAP ALPHABET DESIGN,1700
Regular Customers,JUMBO BAG STRAWBERRY,1699
Regular Customers,STAR DECORATION PAINTED ZINC ,1692
Regular Customers,HANGING HEART WITH BELL,1657
Regular Customers,HAND WARMER UNION JACK,1644
Regular Customers,PINK CREAM FELT CRAFT TRINKET BOX ,1639
Regular Customers,10 COLOUR SPACEBOY PEN,1634
Regular Customers,CARD MOTORBIKE SANTA,1632
Regular Customers,WOODEN BOX OF DOMINOES,1630
Regular Customers,HANGING JAM JAR T-LIGHT HOLDER,1624
Regular Customers,12 PENCILS SMALL TUBE RED RETROSPOT,1606
Regular Customers,BLACK RECORD COVER FRAME,1605
Regular Customers,JUMBO SHOPPER VINTAGE RED PAISLEY,1592
Regular Customers,6 GIFT TAGS VINTAGE CHRISTMAS ,1586
Regular Customers,HEART DECORATION RUSTIC HANGING ,1585
Regular Customers,PACK OF 60 SPACEBOY CAKE CASES,1575
Regular Customers,CARD CHRISTMAS VILLAGE,1572
Regular Customers,SET OF 4 PANTRY JELLY MOULDS,1568
Regular Customers,SMALL WHITE HEART OF WICKER,1556
Regular Customers,JINGLE BELL HEART DECORATION,1549
Regular Customers,CLOTHES PEGS RETROSPOT PACK 24 ,1548
Regular Customers,HAND WARMER BIRD DESIGN,1547
Regular Customers,ROTATING SILVER ANGELS T-LIGHT HLDR,1546
Regular Customers,BLUE HARMONICA IN BOX ,1543
Regular Customers,CHARLOTTE BAG SUKI DESIGN,1543
Regular Customers,60 CAKE CASES DOLLY GIRL DESIGN,1542
Regular Customers,PACK OF 12 RED RETROSPOT TISSUES ,1541
Regular Customers,HAND WARMER SCOTTY DOG DESIGN,1527
Regular Customers,GINGERBREAD MAN COOKIE CUTTER,1518
Regular Customers,PAINTED METAL PEARS ASSORTED,1518
Regular Customers,JAZZ HEARTS ADDRESS BOOK,1512
Regular Customers,PACK OF 12 LONDON TISSUES ,1512
Regular Customers,PLAYING CARDS KEEP CALM & CARRY ON,1512
Regular Customers,CHRISTMAS STAR WISH LIST CHALKBOARD,1499
Regular Customers,GINGHAM HEART DECORATION,1498
Regular Customers,SET OF 3 WOODEN HEART DECORATIONS,1498
Regular Customers,LUNCH BAG WOODLAND,1473
Regular Customers,6 GIFT TAGS 50'S CHRISTMAS ,1463
Regular Customers,JUMBO STORAGE BAG SUKI,1459
Regular Customers,FAIRY CAKE FLANNEL ASSORTED COLOUR,1458
Regular Customers,SET/20 RED RETROSPOT PAPER NAPKINS ,1458
Regular Customers,72 SWEETHEART FAIRY CAKE CASES,1455
Regular Customers,CARD BILLBOARD FONT,1440
Regular Customers,HEART FILIGREE DOVE  SMALL,1438
Regular Customers,GRAND CHOCOLATECANDLE,1431
Regular Customers,PACK OF 6 BIRDY GIFT TAGS,1424
Regular Customers,PLEASE ONE PERSON METAL SIGN,1415
Regular Customers,MAGIC DRAWING SLATE SPACEBOY ,1398
Regular Customers,WOODLAND CHARLOTTE BAG,1398
Regular Customers,BAKING SET 9 PIECE RETROSPOT ,1397
Regular Customers,SET OF 6 TEA TIME BAKING CASES,1397
Regular Customers,SET OF 3 BUTTERFLY COOKIE CUTTERS,1394
Regular Customers,POLKADOT PEN,1392
Regular Customers,RED TOADSTOOL LED NIGHT LIGHT,1384
Regular Customers,REGENCY CAKESTAND 3 TIER,1380
Regular Customers,HEART OF WICKER LARGE,1378
Regular Customers,LUNCH BAG ALPHABET DESIGN,1373
Regular Customers,"FEATHER PEN,HOT PINK",1369
Regular Customers,JAM MAKING SET WITH JARS,1361
Regular Customers,JUMBO BAG VINTAGE CHRISTMAS ,1359
Regular Customers,STRAWBERRY CHARLOTTE BAG,1353
Regular Customers,SPACEBOY LUNCH BOX ,1341
Regular Customers,SPOTTY BUNTING,1341
Regular Customers,JAZZ HEARTS PURSE NOTEBOOK,1340
Regular Customers,PENS ASSORTED FUNKY JEWELED ,1332
Regular Customers,SET OF 20 KIDS COOKIE CUTTERS,1330
Regular Customers,12 PENCILS TALL TUBE POSY,1318
Regular Customers,PINK BLUE FELT CRAFT TRINKET BOX,1313
Regular Customers,TRADITIONAL CHRISTMAS RIBBONS,1313
Regular Customers,WRAP RED APPLES ,1300
Regular Customers,SET OF 6 RIBBONS VINTAGE CHRISTMAS,1297
Regular Customers,SET/10 PINK POLKADOT PARTY CANDLES,1284
Regular Customers,PIECE OF CAMO STATIONERY SET,1282
Regular Customers,SINGLE HEART ZINC T-LIGHT HOLDER,1275
Regular Customers,ROSES REGENCY TEACUP AND SAUCER ,1269
Regular Customers,TRADITIONAL WOODEN SKIPPING ROPE,1267
Regular Customers,CHARLOTTE BAG APPLES DESIGN,1260
Regular Customers,FOLKART STAR CHRISTMAS DECORATIONS,1253
Regular Customers,ZINC T-LIGHT HOLDER STARS SMALL,1253
Regular Customers,SET OF 3 NOTEBOOKS IN PARCEL,1251
Regular Customers,CHRISTMAS METAL POSTCARD WITH BELLS,1249
Regular Customers,"FEATHER PEN,COAL BLACK",1249
Regular Customers,LUNCH BAG DOLLY GIRL DESIGN,1249
Regular Customers,SET/5 RED RETROSPOT LID GLASS BOWLS,1236
Regular Customers,SET/10 RED POLKADOT PARTY CANDLES,1235
Regular Customers,CHOCOLATE HOT WATER BOTTLE,1230
Regular Customers,STAR WOODEN CHRISTMAS DECORATION,1219
Regular Customers,JUMBO BAG PEARS,1206
Regular Customers,PACK OF 20 NAPKINS PANTRY DESIGN,1205
Regular Customers,PLASTERS IN TIN SPACEBOY,1203
Regular Customers,GARDENERS KNEELING PAD CUP OF TEA ,1202
Regular Customers,CHRISTMAS RETROSPOT ANGEL WOOD,1201
Regular Customers,SWEETHEART CERAMIC TRINKET BOX,1199
Regular Customers,4 TRADITIONAL SPINNING TOPS,1196
Regular Customers,ASSORTED TUTTI FRUTTI PEN,1185
Regular Customers,BAG 125g SWIRLY MARBLES,1184
Regular Customers,SET OF 3 HEART COOKIE CUTTERS,1183
Regular Customers,PLASTERS IN TIN WOODLAND ANIMALS,1182
Regular Customers,HAND WARMER RED LOVE HEART,1181
Regular Customers,VINTAGE DOILY TRAVEL SEWING KIT,1180
Regular Customers,WRAP PINK FAIRY CAKES ,1175
Regular Customers,12 PENCILS SMALL TUBE SKULL,1174
Regular Customers,DOLLY GIRL LUNCH BOX,1174
Regular Customers,WOODEN FRAME ANTIQUE WHITE ,1173
Regular Customers,SILVER HANGING T-LIGHT HOLDER,1170
Regular Customers,ROLL WRAP VINTAGE CHRISTMAS,1169
Regular Customers,LUNCH BAG VINTAGE DOILY ,1168
Regular Customers,CLEAR DRAWER KNOB ACRYLIC EDWARDIAN,1166
Regular Customers,ROLL WRAP 50'S CHRISTMAS,1166
Regular Customers,TRAVEL CARD WALLET VINTAGE TICKET,1163
Regular Customers,WOODEN SCHOOL COLOURING SET,1158
Regular Customers,SET OF 60 VINTAGE LEAF CAKE CASES ,1156
Regular Customers,ROLL WRAP VINTAGE SPOT ,1154
Regular Customers,CHRISTMAS METAL TAGS ASSORTED ,1153
Regular Customers,GLITTER HEART DECORATION,1152
Regular Customers,SPACEBOY BIRTHDAY CARD,1152
Regular Customers,SPACEBOY GIFT WRAP,1152
Regular Customers,PACK OF 12 SUKI TISSUES ,1146
Regular Customers,SCOTTIE DOG HOT WATER BOTTLE,1146
Regular Customers,NATURAL SLATE RECTANGLE CHALKBOARD,1145
Regular Customers,CHRISTMAS CRAFT WHITE FAIRY ,1144
Regular Customers,PAPER CHAIN KIT EMPIRE,1139
Regular Customers,CHARLOTTE BAG PINK POLKADOT,1138
Regular Customers,SLEEPING CAT ERASERS,1135
Regular Customers,ICE CREAM BUBBLES,1128
Regular Customers,BOX OF 6 MINI 50'S CRACKERS,1127
Regular Customers,EMPIRE GIFT WRAP,1125
Regular Customers,HAND WARMER RED RETROSPOT,1125
Regular Customers,GIANT 50'S CHRISTMAS CRACKER,1122
Regular Customers,JINGLE BELL HEART ANTIQUE SILVER,1121
Regular Customers,WOODEN PICTURE FRAME WHITE FINISH,1115
Regular Customers,LARGE WHITE HEART OF WICKER,1110
Regular Customers,CHRISTMAS CRAFT LITTLE FRIENDS,1109
Regular Customers,"FANCY FONT BIRTHDAY CARD, ",1104
Regular Customers,12 PENCILS TALL TUBE SKULLS,1103
Regular Customers,WRAP POPPIES  DESIGN,1100
Regular Customers,SOMBRERO ,1099
Regular Customers,12 PENCILS TALL TUBE RED RETROSPOT,1095
Regular Customers,GREEN REGENCY TEACUP AND SAUCER,1093
Regular Customers,SET OF 72 PINK HEART PAPER DOILIES,1088
Regular Customers,PLASTERS IN TIN SKULLS,1087
Regular Customers,SET OF 12  VINTAGE POSTCARD SET,1077
Regular Customers,SET 12 COLOURING PENCILS DOILY,1076
Regular Customers,SET OF 3 CAKE TINS PANTRY DESIGN ,1068
Regular Customers,ROUND SNACK BOXES SET OF4 WOODLAND ,1067
Regular Customers,BOX OF 6 MINI VINTAGE CRACKERS,1063
Regular Customers,12 PENCIL SMALL TUBE WOODLAND,1062
Regular Customers,BATHROOM METAL SIGN,1056
Regular Customers,PACK OF 12 WOODLAND TISSUES ,1053
Regular Customers,IVORY WICKER HEART LARGE,1048
Regular Customers,FAIRY CAKES NOTEBOOK A7 SIZE,1043
Regular Customers,LUNCH BAG VINTAGE LEAF DESIGN,1042
Regular Customers,SET OF 6 SNACK LOAF BAKING CASES,1042
Regular Customers,BOX OF 24 COCKTAIL PARASOLS,1041
Regular Customers,PACK OF 60 MUSHROOM CAKE CASES,1041
Regular Customers,CAMOUFLAGE LED TORCH,1036
Regular Customers,PLASTERS IN TIN VINTAGE PAISLEY ,1028
Regular Customers,FLUTED ANTIQUE CANDLE HOLDER,1025
Regular Customers,WRAP PAISLEY PARK ,1025
Regular Customers,MUSICAL ZINC HEART DECORATION ,1021
Regular Customers,SET 12 COLOUR PENCILS LOVE LONDON,1021
Regular Customers,FELTCRAFT 6 FLOWER FRIENDS,1020
Regular Customers,PACK OF 12 SPACEBOY TISSUES,1009
Regular Customers,JUMBO BAG PINK VINTAGE PAISLEY,1007
Regular Customers,JUMBO BAG SCANDINAVIAN BLUE PAISLEY,1007
Regular Customers,RED HANGING HEART T-LIGHT HOLDER,1004
Regular Customers,36 DOILIES VINTAGE CHRISTMAS,1003
Regular Customers,COOK WITH WINE METAL SIGN ,1003
Regular Customers,PLASTERS IN TIN CIRCUS PARADE ,1002
Regular Customers,PLASTERS IN TIN STRONGMAN,1001
Regular Customers,TEA PARTY BIRTHDAY CARD,996
Regular Customers,TRADITIONAL WOODEN CATCH CUP GAME ,980
Regular Customers,RETROSPOT TEA SET CERAMIC 11 PC ,978
Regular Customers,ANGEL DECORATION 3 BUTTONS ,975
Regular Customers,SET 12 KIDS  WHITE CHALK STICKS,966
Regular Customers,SET 12 COLOUR PENCILS SPACEBOY ,965
Regular Customers,SILVER GLITTER FLOWER VOTIVE HOLDER,961
Regular Customers,CACTI T-LIGHT CANDLES,960
Regular Customers,RECIPE BOX PANTRY YELLOW DESIGN,960
Regular Customers,LETTER SHAPE PENCIL SHARPENER,955
Regular Customers,12 PENCILS TALL TUBE WOODLAND,948
Regular Customers,SMALL POPCORN HOLDER,944
Regular Customers,PAPER CHAIN KIT RETROSPOT,938
Regular Customers,RED RETROSPOT SHOPPER BAG,936
Regular Customers,ROBOT BIRTHDAY CARD,936
Regular Customers,FRENCH STYLE STORAGE JAR BONBONS,932
Regular Customers,SET OF 3 REGENCY CAKE TINS,932
Regular Customers,PINK FAIRY CAKE CHILDRENS APRON,931
Regular Customers,CARTOON  PENCIL SHARPENERS,930
Regular Customers,GLITTER CHRISTMAS STAR ,929
Regular Customers,PAPER BUNTING RETROSPOT,929
Regular Customers,REGENCY TEA PLATE ROSES ,928
Regular Customers,IVORY HANGING DECORATION  HEART,926
Regular Customers,WRAP  VINTAGE DOILY ,925
Regular Customers,WRAP SUKI AND FRIENDS,925
Regular Customers,PACK OF 12 50'S CHRISTMAS TISSUES,924
Regular Customers,PACK OF 12 VINTAGE CHRISTMAS TISSUE,922
Regular Customers,SET/10 BLUE POLKADOT PARTY CANDLES,921
Regular Customers,WHITE ROCKING HORSE HAND PAINTED,917
Regular Customers,PACK OF 12 BLUE PAISLEY TISSUES ,915
Regular Customers,SMALL FOLDING SCISSOR(POINTED EDGE),915
Regular Customers,WHITE JEWELLED HEART DECORATION,915
Regular Customers,JUMBO BAG DOILEY PATTERNS,913
Regular Customers,CHRISTMAS HANGING TREE WITH BELL,912
Regular Customers,ASS FLORAL PRINT MULTI SCREWDRIVER,910
Regular Customers,PICTURE DOMINOES,905
Regular Customers,MAGIC DRAWING SLATE DOLLY GIRL ,903
Regular Customers,CHRISTMAS TREE PAINTED ZINC ,902
Regular Customers,MINI JIGSAW SPACEBOY,901
Regular Customers,PINK REGENCY TEACUP AND SAUCER,901
Regular Customers,WRAP GINGHAM ROSE ,901
Regular Customers,SCANDINAVIAN REDS RIBBONS,895
Regular Customers,HEART IVORY TRELLIS SMALL,894
Regular Customers,SMALL CERAMIC TOP STORAGE JAR ,892
Regular Customers,LOVE HEART TRINKET POT,884
Regular Customers,ZINC T-LIGHT HOLDER STAR LARGE,880
Regular Customers,3 HEARTS HANGING DECORATION RUSTIC,878
Regular Customers,CHRISTMAS TOILET ROLL,876
Regular Customers,"FEATHER PEN,LIGHT PINK",876
Regular Customers,GIN + TONIC DIET METAL SIGN,876
Regular Customers,VINTAGE CHRISTMAS STOCKING ,876
Regular Customers,PAINTED METAL STAR WITH HOLLY BELLS,875
Regular Customers,CHRISTMAS RETROSPOT STAR WOOD,874
Regular Customers,COLOUR GLASS. STAR T-LIGHT HOLDER,871
Regular Customers,CHILDRENS APRON SPACEBOY DESIGN,870
Regular Customers,SET OF 72 RETROSPOT PAPER  DOILIES,866
Regular Customers,SMALL GLASS HEART TRINKET POT,865
Regular Customers,IVORY WICKER HEART MEDIUM,864
Regular Customers,TOILET METAL SIGN,863
Regular Customers,PACK OF 12 SKULL TISSUES,862
Regular Customers,TRAVEL CARD WALLET TRANSPORT,859
Regular Customers,ZINC WILLIE WINKIE  CANDLE STICK,858
Regular Customers,TRAVEL SEWING KIT,856
Regular Customers,RIBBON REEL STRIPES DESIGN ,854
Regular Customers,HOT WATER BOTTLE TEA AND SYMPATHY,852
Regular Customers,RAIN PONCHO RETROSPOT,850
Regular Customers,PACK OF SIX LED TEA LIGHTS,846
Regular Customers,GREY HEART HOT WATER BOTTLE,845
Regular Customers,VINTAGE CHRISTMAS BUNTING,838
Regular Customers,HANGING METAL HEART LANTERN,837
Regular Customers,EMBOSSED GLASS TEALIGHT HOLDER,835
Regular Customers,VINTAGE GLASS T-LIGHT HOLDER,835
Regular Customers,RED ROCKING HORSE HAND PAINTED,833
Regular Customers,HEART IVORY TRELLIS LARGE,831
Regular Customers,CARD CIRCUS PARADE,828
Regular Customers,JUMBO BAG PAISLEY PARK,826
Regular Customers,SET OF 60 I LOVE LONDON CAKE CASES ,826
Regular Customers,WRAP DOILEY DESIGN,825
Regular Customers,CERAMIC STRAWBERRY CAKE MONEY BANK,820
Regular Customers,FELTCRAFT BUTTERFLY HEARTS,820
Regular Customers,PACK OF 20 NAPKINS RED APPLES,819
Regular Customers,PANTRY MAGNETIC  SHOPPING LIST,817
Regular Customers,LUNCH BAG DOILEY PATTERN ,816
Regular Customers,SET OF 3 WOODEN STOCKING DECORATION,816
Regular Customers,SWALLOWS GREETING CARD,816
Regular Customers,RED POLKADOT BEAKER ,814
Regular Customers,ASSORTED TUTTI FRUTTI BRACELET,805
Regular Customers,PACK OF 12 PINK PAISLEY TISSUES ,804
Regular Customers,WRAP CIRCUS PARADE,802
Regular Customers,FINE WICKER HEART ,797
Regular Customers,HOT WATER BOTTLE I AM SO POORLY,796
Regular Customers,REX CASH+CARRY JUMBO SHOPPER,795
Regular Customers,36 PENCILS TUBE RED RETROSPOT,794
Regular Customers,REGENCY TEA PLATE GREEN ,782
Regular Customers,SMALL DOLLY MIX DESIGN ORANGE BOWL,779
Regular Customers,RECYCLED PENCIL WITH RABBIT ERASER,777
Regular Customers,HOUSE SHAPE PENCIL SHARPENER,776
Regular Customers,CHARLOTTE BAG VINTAGE ALPHABET ,775
Regular Customers,JUMBO STORAGE BAG SKULLS,773
Regular Customers,POSTAGE,770
Regular Customers,DECORATIVE WICKER HEART MEDIUM,766
Regular Customers,TRAVEL CARD WALLET SKULLS,766
Regular Customers,GUMBALL COAT RACK,765
Regular Customers,PARTY CONES CANDY ASSORTED,763
Regular Customers,SET 12 COLOUR PENCILS DOLLY GIRL ,763
Regular Customers,SET 40 HEART SHAPE PETIT FOUR CASES,763
Regular Customers,PHOTO FRAME CORNICE,760
Regular Customers,REVOLVER WOODEN RULER ,758
Regular Customers,COWBOYS AND INDIANS BIRTHDAY CARD ,756
Regular Customers,BAKING SET SPACEBOY DESIGN,754
Regular Customers,HEART FILIGREE DOVE LARGE,752
Regular Customers,ENGLISH ROSE GARDEN SECATEURS,749
Regular Customers,TOILET SIGN OCCUPIED OR VACANT,749
Regular Customers,SMALL HANGING IVORY/RED WOOD BIRD,747
Regular Customers,RETROSPOT CIGAR BOX MATCHES ,745
Regular Customers,BLUE EGG  SPOON,742
Regular Customers,SET OF 3 WOODEN TREE DECORATIONS,741
Regular Customers,KEY RING BASEBALL BOOT UNION JACK,739
Regular Customers,SET OF 3 BIRD LIGHT PINK FEATHER ,739
Regular Customers,TRADITIONAL NAUGHTS & CROSSES,738
Regular Customers,LIPSTICK PEN FUSCHIA,737
Regular Customers,LOVEBIRD HANGING DECORATION WHITE ,736
Regular Customers,RED STRIPE CERAMIC DRAWER KNOB,736
Regular Customers,VINTAGE  2 METER FOLDING RULER,735
Regular Customers,HAIRCLIPS FORTIES FABRIC ASSORTED,734
Regular Customers,KEY RING BASEBALL BOOT ASSORTED ,734
Regular Customers,YOU'RE CONFUSING ME METAL SIGN ,734
Regular Customers,ASSORTED BOTTLE TOP  MAGNETS ,733
Regular Customers,CHRISTMAS CRAFT TREE TOP ANGEL,732
Regular Customers,CHILLI LIGHTS,728
Regular Customers,MEDIUM CERAMIC TOP STORAGE JAR,727
Regular Customers,PANTRY WASHING UP BRUSH,727
Regular Customers,3 RAFFIA RIBBONS 50'S CHRISTMAS ,726
Regular Customers,BLUE STRIPE CERAMIC DRAWER KNOB,726
Regular Customers,GLASS HEART T-LIGHT HOLDER ,726
Regular Customers,DOORMAT KEEP CALM AND COME IN,724
Regular Customers,ASSORTED CREEPY CRAWLIES,720
Regular Customers,WHITE WICKER STAR ,720
Regular Customers,POLYESTER FILLER PAD 40x40cm,717
Regular Customers,BUNDLE OF 3 ALPHABET EXERCISE BOOKS,713
Regular Customers,MINI PAINTED GARDEN DECORATION ,713
Regular Customers,WHITE SAGE INCENSE,713
Regular Customers,MULTICOLOUR SPRING FLOWER MUG,709
Regular Customers,CARD GINGHAM ROSE ,708
Regular Customers,FAIRY CAKES NOTEBOOK A6 SIZE,707
Regular Customers,SOLDIERS EGG CUP ,706
Regular Customers,SET/6 RED SPOTTY PAPER PLATES,704
Regular Customers,CHRISTMAS TABLE SILVER CANDLE SPIKE,703
Regular Customers,CHINESE DRAGON PAPER LANTERNS,702
Regular Customers,SET OF 3 WOODEN SLEIGH DECORATIONS,702
Regular Customers,SET OF 9 BLACK SKULL BALLOONS,702
Regular Customers,PARTY CONE CHRISTMAS DECORATION ,701
Regular Customers,MAGIC DRAWING SLATE CIRCUS PARADE  ,700
Regular Customers,HAND OVER THE CHOCOLATE   SIGN ,698
Regular Customers,POTTERING IN THE SHED METAL SIGN,697
Regular Customers,CHARLOTTE BAG DOLLY GIRL DESIGN,696
Regular Customers,3 STRIPEY MICE FELTCRAFT,695
Regular Customers,PLAYING CARDS JUBILEE UNION JACK,693
Regular Customers,DECORATIVE WICKER HEART LARGE,691
Regular Customers,CERAMIC CHERRY CAKE MONEY BANK,686
Regular Customers,PARTY METAL SIGN ,685
Regular Customers,ROLL WRAP 50'S RED CHRISTMAS ,678
Regular Customers,SET 20 NAPKINS FAIRY CAKES DESIGN ,678
Regular Customers,SET/6 RED SPOTTY PAPER CUPS,678
Regular Customers,CHRISTMAS RETROSPOT TREE WOOD,676
Regular Customers,FILIGRIS HEART WITH BUTTERFLY,675
Regular Customers,WRAP RED VINTAGE DOILY,675
Regular Customers,GIN & TONIC DIET GREETING CARD ,672
Regular Customers,HYACINTH BULB T-LIGHT CANDLES,672
Regular Customers,TRADITIONAL PICK UP STICKS GAME ,670
Regular Customers,ASSORTED TUTTI FRUTTI KEYRING BALL,665
Regular Customers,HOME SWEET HOME MUG,662
Regular Customers,12 COLOURED PARTY BALLOONS,661
Regular Customers,CHRISTMAS GINGHAM STAR,661
Regular Customers,MAGIC DRAWING SLATE DINOSAUR,661
Regular Customers,HANGING MINI COLOURED BOTTLES,658
Regular Customers,HANGING WOOD AND FELT FLOWER,658
Regular Customers,ROCKING HORSE RED CHRISTMAS ,657
Regular Customers,HOME SWEET HOME HANGING HEART,656
Regular Customers,ALARM CLOCK BAKELIKE RED ,650
Regular Customers,WRAP BILLBOARD FONTS DESIGN,650
Regular Customers,ASSORTED INCENSE PACK,648
Regular Customers,MAGNETS PACK OF 4 SWALLOWS,648
Regular Customers,RETROSPOT WOODEN HEART DECORATION,646
Regular Customers,SET 6 SCHOOL MILK BOTTLES IN CRATE,645
Regular Customers,JUMBO BAG SPACEBOY DESIGN,643
Regular Customers,PACK OF 12 PINK POLKADOT TISSUES,643
Regular Customers,JUMBO BAG WOODLAND ANIMALS,642
Regular Customers,RETROSPOT HEART HOT WATER BOTTLE,640
Regular Customers,SET OF 3 HANGING OWLS OLLIE BEAK,640
Regular Customers,SMALL MARSHMALLOWS PINK BOWL,639
Regular Customers,FENG SHUI PILLAR CANDLE,638
Regular Customers,LUNCH BAG PAISLEY PARK  ,637
Regular Customers,PACK OF 12 VINTAGE DOILY TISSUES,636
Regular Customers,SET 6 PAPER TABLE LANTERN HEARTS ,636
Regular Customers,REGENCY CAKE FORK,632
Regular Customers,VINTAGE CHRISTMAS CAKE FRILL,632
Regular Customers,JUMBO BAG OWLS,631
Regular Customers,SILVER BELLS TABLE DECORATION,631
Regular Customers,HEART WOODEN CHRISTMAS DECORATION,629
Regular Customers,Manual,629
Regular Customers,PAINTED METAL HEART WITH HOLLY BELL,628
Regular Customers,DOVE DECORATION PAINTED ZINC ,626
Regular Customers,PACK OF 12 COLOURED PENCILS,626
Regular Customers,CUPCAKE LACE PAPER SET 6,625
Regular Customers,FRENCH STYLE STORAGE JAR CAFE ,625
Regular Customers,STAR DECORATION RUSTIC,625
Regular Customers,WRAP FLOWER SHOP  ,625
Regular Customers,WRAP I LOVE LONDON ,625
Regular Customers,LOVE HOT WATER BOTTLE,624
Regular Customers,HOME BUILDING BLOCK WORD,622
Regular Customers,CHILDRENS APRON APPLES DESIGN,617
Regular Customers,CARD I LOVE LONDON ,615
Regular Customers,VINTAGE CHRISTMAS GIFT BAG LARGE ,614
Regular Customers,SKULLS GREETING CARD,612
Regular Customers, 50'S CHRISTMAS GIFT BAG LARGE,607
Regular Customers,PINK BABY BUNTING,607
Regular Customers,RIBBON REEL SNOWY VILLAGE,606
Regular Customers,LAUREL HEART ANTIQUE SILVER,604
Regular Customers,MINI JIGSAW CIRCUS PARADE ,603
Regular Customers,6 ROCKET BALLOONS ,602
Regular Customers,NO SINGING METAL SIGN,602
Regular Customers,STAR WREATH DECORATION WITH BELL,601
Regular Customers,SET OF 36 PAISLEY FLOWER DOILIES,600
Regular Customers,SET OF 36 TEATIME PAPER DOILIES,600
Regular Customers,SET OF 6 SOLDIER SKITTLES,597
Regular Customers,3 PIECE SPACEBOY COOKIE CUTTER SET,596
Regular Customers,SET OF 36 DOILIES PANTRY DESIGN,595
Regular Customers,BLUE SPOT CERAMIC DRAWER KNOB,594
Regular Customers,CARD BIRTHDAY COWBOY,594
Regular Customers,ENGLISH ROSE NOTEBOOK A7 SIZE,593
Regular Customers,IVORY WICKER HEART SMALL,593
Regular Customers,RED SPOT CERAMIC DRAWER KNOB,593
Regular Customers,PACK 3 BOXES CHRISTMAS PANNETONE,592
Regular Customers,"RECORD FRAME 7"" SINGLE SIZE ",592
Regular Customers,CHOCOLATE THIS WAY METAL SIGN,591
Regular Customers,DOORMAT UNION FLAG,591
Regular Customers,SLATE TILE NATURAL HANGING,591
Regular Customers,FELTCRAFT PRINCESS CHARLOTTE DOLL,589
Regular Customers,MAGIC DRAWING SLATE PURDEY,589
Regular Customers,CARD DOLLY GIRL ,588
Regular Customers,REINDEER HEART DECORATION SILVER,587
Regular Customers,3D TRADITIONAL CHRISTMAS STICKERS,586
Regular Customers,SET OF 4 KNICK KNACK TINS DOILY ,586
Regular Customers,BISCUIT TIN 50'S CHRISTMAS,584
Regular Customers,HERB MARKER PARSLEY,584
Regular Customers,SILVER STARS TABLE DECORATION,584
Regular Customers,CHRISTMAS GINGHAM TREE,582
Regular Customers,JAM JAR WITH PINK LID,582
Regular Customers,HERB MARKER THYME,581
Regular Customers,MINIATURE ANTIQUE ROSE HOOK IVORY,580
Regular Customers,CHRISTMAS CARD SCREEN PRINT ,576
Regular Customers,BAG 250g SWIRLY MARBLES,575
Regular Customers,HERB MARKER ROSEMARY,575
Regular Customers,WRAP WEDDING DAY,575
Regular Customers,HERB MARKER BASIL,574
Regular Customers,TRAVEL CARD WALLET UNION JACK,574
Regular Customers,HANGING CLEAR MINI BOTTLE,572
Regular Customers,RED WOOLLY HOTTIE WHITE HEART.,571
Regular Customers,"KEY FOB , SHED",570
Regular Customers,PACK OF 12 PAISLEY PARK TISSUES ,570
Regular Customers,12 MESSAGE CARDS WITH ENVELOPES,569
Regular Customers,LARGE CERAMIC TOP STORAGE JAR,569
Regular Customers,BISCUIT TIN VINTAGE CHRISTMAS,566
Regular Customers,CREAM HEART CARD HOLDER,565
Regular Customers,LARGE CIRCULAR MIRROR MOBILE,565
Regular Customers,PURPLE DRAWERKNOB ACRYLIC EDWARDIAN,565
Regular Customers,PORCELAIN ROSE SMALL,564
Regular Customers,SCENTED VELVET LOUNGE CANDLE ,564
Regular Customers,HEART WREATH DECORATION WITH BELL,562
Regular Customers,PAPER BUNTING WHITE LACE,562
Regular Customers,SCANDINAVIAN 3 HEARTS NAPKIN RING,561
Regular Customers,SMALL FOLKART STAR CHRISTMAS DEC,561
Regular Customers,ANTIQUE SILVER TEA GLASS ETCHED,559
Regular Customers,ASSTD FRUIT+FLOWERS FRIDGE MAGNETS,558
Regular Customers,DECORATIVE WICKER HEART SMALL,558
Regular Customers,STAR T-LIGHT HOLDER WILLIE WINKIE,558
Regular Customers,3D VINTAGE CHRISTMAS STICKERS ,557
Regular Customers,HAPPY STENCIL CRAFT,557
Regular Customers,CERAMIC HEART FAIRY CAKE MONEY BANK,556
Regular Customers,SET 6 PAPER TABLE LANTERN STARS ,555
Regular Customers,HANGING QUILTED PATCHWORK APPLES,554
Regular Customers,SET 12 RETRO WHITE CHALK STICKS,554
Regular Customers,PENNY FARTHING BIRTHDAY CARD,552
Regular Customers,EASTER DECORATION HANGING BUNNY,551
Regular Customers,NOEL GARLAND PAINTED ZINC ,551
Regular Customers,RETROSPOT CHILDRENS APRON,550
Regular Customers,WRAP COWBOYS  ,550
Regular Customers,WRAP VINTAGE PETALS  DESIGN,550
Regular Customers,GIRAFFE WOODEN RULER,549
Regular Customers,BASKET OF TOADSTOOLS,547
Regular Customers,PACK OF 6 LARGE FRUIT STRAWS ,547
Regular Customers,EDWARDIAN PARASOL NATURAL,546
Regular Customers,WICKER STAR ,546
Regular Customers,ALARM CLOCK BAKELIKE GREEN,544
Regular Customers,SMALL RED RETROSPOT WINDMILL,544
Regular Customers,"KEY FOB , BACK DOOR ",543
Regular Customers,EMPIRE TISSUE BOX,542
Regular Customers,REGENCY TEA PLATE PINK,542
Regular Customers,WHITE SKULL HOT WATER BOTTLE ,542
Regular Customers,ASSORTED COLOUR T-LIGHT HOLDER,540
Regular Customers,HANGING JAM JAR T-LIGHT HOLDERS,540
Regular Customers,HERB MARKER CHIVES ,539
Regular Customers,POTTING SHED TEA MUG,537
Regular Customers,RETROSPOT SMALL TUBE MATCHES,537
Regular Customers,SET 12 LAVENDER  BOTANICAL T-LIGHTS,537
Regular Customers,ROUND SNACK BOXES SET OF 4 FRUITS ,535
Regular Customers,SCANDINAVIAN PAISLEY PICNIC BAG,533
Regular Customers,TRAVEL CARD WALLET FLOWER MEADOW,533
Regular Customers,DARK BIRD HOUSE TREE DECORATION,532
Regular Customers,TRAVEL CARD WALLET I LOVE LONDON,532
Regular Customers,FRIDGE MAGNETS LES ENFANTS ASSORTED,531
Regular Customers,TRAVEL CARD WALLET SUKI,531
Regular Customers,6 RIBBONS ELEGANT CHRISTMAS ,530
Regular Customers,HANGING  BUTTERFLY T-LIGHT HOLDER,530
Regular Customers,AREA PATROLLED METAL SIGN,529
Regular Customers,FOLKART ZINC HEART CHRISTMAS DEC,529
Regular Customers,HAND WARMER BABUSHKA DESIGN,529
Regular Customers,SET OF 6 SPICE TINS PANTRY DESIGN,529
Regular Customers,FAWN BLUE HOT WATER BOTTLE,528
Regular Customers,FELTCRAFT CUSHION OWL,525
Regular Customers,WRAP ALPHABET POSTER  ,525
Regular Customers,WRAP CHRISTMAS SCREEN PRINT,525
Regular Customers,PACK OF 12 DOLLY GIRL TISSUES,521
Regular Customers,BLUE POLKADOT BEAKER ,519
Regular Customers,SET/6 COLLAGE PAPER CUPS,519
Regular Customers,ENAMEL FLOWER JUG CREAM,518
Regular Customers,FLORAL FOLK STATIONERY SET,518
Regular Customers,FELTCRAFT CHRISTMAS FAIRY,517
Regular Customers,HOT BATHS METAL SIGN,517
Regular Customers,VINTAGE KID DOLLY CARD ,516
Regular Customers,SWISS CHALET TREE DECORATION ,515
Regular Customers,ROCKING HORSE GREEN CHRISTMAS ,514
Regular Customers,I'M ON HOLIDAY METAL SIGN,513
Regular Customers,LIPSTICK PEN RED,513
Regular Customers,RED RETROSPOT TISSUE BOX,512
Regular Customers,SKULLS  WATER TRANSFER TATTOOS ,512
Regular Customers,15CM CHRISTMAS GLASS BALL 20 LIGHTS,511
Regular Customers,MONSTERS STENCIL CRAFT,511
Regular Customers,PAPER POCKET TRAVELING FAN ,511
Regular Customers,WHITE SPOT RED CERAMIC DRAWER KNOB,511
Regular Customers,3 ROSE MORRIS BOXED CANDLES,509
Regular Customers,RED SPOT PAPER GIFT BAG,509
Regular Customers,FELTCRAFT PRINCESS LOLA DOLL,508
Regular Customers,COFFEE MUG APPLES DESIGN,506
Regular Customers,FOOD/DRINK SPONGE STICKERS,506
Regular Customers,VINTAGE RED ENAMEL TRIM MUG ,505
Regular Customers,FELTCRAFT DOLL MOLLY,504
Regular Customers,ZINC  STAR T-LIGHT HOLDER ,504
Regular Customers,RED RETROSPOT BOWL,502
Regular Customers,HANGING METAL STAR LANTERN,501
Regular Customers,FRENCH ENAMEL CANDLEHOLDER,500
Regular Customers,WRAP DOLLY GIRL,500
Regular Customers,CIRCUS PARADE LUNCH BOX ,499
Regular Customers,RIBBON REEL HEARTS DESIGN ,499
Regular Customers,4 PEAR BOTANICAL DINNER CANDLES,496
Regular Customers,LONDON BUS COFFEE MUG,494
Regular Customers,RED RETROSPOT MINI CASES,494
Regular Customers,RETROSPOT PARTY BAG + STICKER SET,494
Regular Customers,VINTAGE LEAF MAGNETIC NOTEPAD,493
Regular Customers,VINTAGE SNAKES & LADDERS,493
Regular Customers,PINK VINTAGE PAISLEY PICNIC BAG,492
Regular Customers,MINI PLAYING CARDS DOLLY GIRL ,491
Regular Customers,CARAVAN SQUARE TISSUE BOX,487
Regular Customers,MINI JIGSAW DOLLY GIRL,486
Regular Customers,SET 36 COLOURING PENCILS DOILY,485
Regular Customers,SET OF 4 SANTA PLACE SETTINGS,485
Regular Customers,CHRISTMAS DECOUPAGE CANDLE,484
Regular Customers,SET OF 6 NATIVITY MAGNETS ,484
Regular Customers,SPACEBOY CHILDRENS BOWL,484
Regular Customers,VINTAGE CHRISTMAS PAPER GIFT BAG,484
Regular Customers,RIBBON REEL CHRISTMAS SOCK BAUBLE,482
Regular Customers,VINTAGE PAISLEY STATIONERY SET,482
Regular Customers,WHITE TALL PORCELAIN T-LIGHT HOLDER,482
Regular Customers,SET 36 COLOUR PENCILS SPACEBOY ,481
Regular Customers,BALLOON WATER BOMB PACK OF 35,480
Regular Customers,36 PENCILS TUBE WOODLAND,478
Regular Customers,LAVENDER SCENTED FABRIC HEART,478
Regular Customers,SWALLOW WOODEN CHRISTMAS DECORATION,478
Regular Customers,DRAWER KNOB CERAMIC IVORY,477
Regular Customers,SUKI  SHOULDER BAG,477
Regular Customers,LOVE BUILDING BLOCK WORD,475
Regular Customers,TEA PARTY  WRAPPING PAPER ,475
Regular Customers,MINI PLAYING CARDS SPACEBOY ,474
Regular Customers,PANTRY SCRUBBING BRUSH,473
Regular Customers,TEA BAG PLATE RED RETROSPOT,473
Regular Customers,ASSTD DESIGN 3D PAPER STICKERS,471
Regular Customers,PACK OF 6 SANDCASTLE FLAGS ASSORTED,470
Regular Customers,LUNCH BOX I LOVE LONDON,468
Regular Customers,CLASSIC GLASS COOKIE JAR,467
Regular Customers,36 PENCILS TUBE SKULLS,466
Regular Customers,COFFEE MUG PEARS  DESIGN,465
Regular Customers,HEADS AND TAILS SPORTING FUN,464
Regular Customers,SET OF TEA COFFEE SUGAR TINS PANTRY,464
Regular Customers,BLUE POLKADOT CUP,463
Regular Customers,SET OF 4 JAM JAR MAGNETS,463
Regular Customers,VANILLA INCENSE IN TIN,461
Regular Customers,GLASS BON BON JAR,460
Regular Customers,RED  EGG  SPOON,460
Regular Customers,SET OF 6 T-LIGHTS SANTA,460
Regular Customers,GREEN CHRISTMAS TREE CARD HOLDER,458
Regular Customers,HEART T-LIGHT HOLDER WILLIE WINKIE,458
Regular Customers,SINGLE ANTIQUE ROSE HOOK IVORY,458
Regular Customers,CLASSIC CHROME BICYCLE BELL ,457
Regular Customers,COFFEE MUG CAT + BIRD DESIGN,456
Regular Customers,VINTAGE  2 METRE FOLDING RULER,456
Regular Customers,RED RETROSPOT PLATE ,455
Regular Customers,KNICKERBOCKERGLORY MAGNET ASSORTED ,454
Regular Customers,MAGIC SHEEP WOOL GROWING FROM PAPER,451
Regular Customers,MOTORING TISSUE BOX,451
Regular Customers,VICTORIAN  METAL POSTCARD SPRING,448
Regular Customers,WOOD STOCKING CHRISTMAS SCANDISPOT,448
Regular Customers,TRAVEL CARD WALLET PANTRY,447
Regular Customers,CHILDRENS CUTLERY POLKADOT PINK,445
Regular Customers,ENVELOPE 50 BLOSSOM IMAGES,444
Regular Customers,CANDLEHOLDER PINK HANGING HEART,442
Regular Customers,CHRISTMAS TREE STAR DECORATION,442
Regular Customers,DECORATION SITTING BUNNY,441
Regular Customers,3 WHITE CHOC MORRIS BOXED CANDLES,440
Regular Customers,TRAVEL CARD WALLET RETROSPOT,440
Regular Customers,POPART RECT PENCIL SHARPENER ASST,438
Regular Customers,SET 36 COLOUR PENCILS DOLLY GIRL,438
Regular Customers,STRAWBERRY LUNCH BOX WITH CUTLERY,438
Regular Customers,PACK OF 12 VINTAGE LEAF TISSUES ,437
Regular Customers,SET OF 2 CERAMIC CHRISTMAS TREES,437
Regular Customers,JAM JAR WITH GREEN LID,436
Regular Customers,BAG 500g SWIRLY MARBLES,435
Regular Customers,DRAWER KNOB CRACKLE GLAZE IVORY,435
Regular Customers,POPPY'S PLAYHOUSE KITCHEN,435
Regular Customers,STRAWBERRY SHOPPER BAG,435
Regular Customers,GLITTER CHRISTMAS TREE,434
Regular Customers,PACK OF 6 COCKTAIL PARASOL STRAWS,434
Regular Customers,PRETTY HANGING QUILTED HEARTS,433
Regular Customers,SET 2 PANTRY DESIGN TEA TOWELS,433
Regular Customers,EMPIRE BIRTHDAY CARD,432
Regular Customers,FRIDGE MAGNETS LA VIE EN ROSE,432
Regular Customers,TRAVEL CARD WALLET VINTAGE LEAF,432
Regular Customers,PACK OF 6 PANNETONE GIFT BOXES,431
Regular Customers,QUEENS GUARD COFFEE MUG,431
Regular Customers,SMALL HEART MEASURING SPOONS,431
Regular Customers,ALARM CLOCK BAKELIKE PINK,430
Regular Customers,PINK  POLKADOT CUP,429
Regular Customers,TEATIME ROUND PENCIL SHARPENER ,428
Regular Customers,MADRAS NOTEBOOK MEDIUM,427
Regular Customers,PACK 3 BOXES BIRD PANNETONE ,427
Regular Customers,VINTAGE DOILY JUMBO BAG RED ,427
Regular Customers,WHITE SPOT BLUE CERAMIC DRAWER KNOB,427
Regular Customers,GINGHAM ROSE WRAP,425
Regular Customers,WICKER WREATH SMALL,425
Regular Customers,HEART DECORATION PAINTED ZINC ,424
Regular Customers,JUMBO BAG TOYS ,424
Regular Customers,PLACE SETTING WHITE STAR,423
Regular Customers,MAGIC DRAWING SLATE GO TO THE FAIR ,422
Regular Customers,PARTY TIME PENCIL ERASERS,422
Regular Customers,SET OF 6 3D KIT CARDS FOR KIDS,421
Regular Customers,50'S CHRISTMAS PAPER GIFT BAG,420
Regular Customers,"BIRTHDAY CARD, RETRO SPOT",420
Regular Customers,CARD PSYCHEDELIC APPLES,420
Regular Customers,KNITTED UNION FLAG HOT WATER BOTTLE,420
Regular Customers,RED RETROSPOT CUP,420
Regular Customers,ANIMAL STICKERS,419
Regular Customers,BUNDLE OF 3 RETRO NOTE BOOKS,419
Regular Customers,FELTCRAFT DOLL ROSIE,419
Regular Customers,TREASURE TIN GYMKHANA DESIGN,419
Regular Customers, RED SPOT GIFT BAG LARGE,417
Regular Customers,SMALL HEART FLOWERS HOOK ,417
Regular Customers,BUNDLE OF 3 SCHOOL EXERCISE BOOKS  ,416
Regular Customers,SET OF 2 TEA TOWELS APPLE AND PEARS,416
Regular Customers,SPACEBOY BEAKER,415
Regular Customers,NATURAL SLATE CHALKBOARD LARGE ,414
Regular Customers,WASHROOM METAL SIGN,413
Regular Customers,PAINT YOUR OWN CANVAS SET,412
Regular Customers,BOUDOIR SQUARE TISSUE BOX,411
Regular Customers,FELT FARM ANIMAL WHITE BUNNY ,411
Regular Customers,CHILDREN'S APRON DOLLY GIRL ,410
Regular Customers,JUMBO BAG DOLLY GIRL DESIGN,410
Regular Customers,MINI CAKE STAND  HANGING STRAWBERY,409
Regular Customers,ELEPHANT BIRTHDAY CARD ,408
Regular Customers,MOROCCAN TEA GLASS,408
Regular Customers,RED RETROSPOT TAPE,408
Regular Customers,RIBBON REEL CHRISTMAS PRESENT ,408
Regular Customers,REGENCY TEA SPOON,406
Regular Customers,SET OF 2 CERAMIC CHRISTMAS REINDEER,406
Regular Customers,RED METAL BEACH SPADE ,404
Regular Customers,PINK DRAWER KNOB ACRYLIC EDWARDIAN,403
Regular Customers,CARD WEDDING DAY,402
Regular Customers,FILIGREE HEART BIRD WHITE ,402
Regular Customers,GLASS APOTHECARY BOTTLE PERFUME,402
Regular Customers,SET OF SALT AND PEPPER TOADSTOOLS,402
Regular Customers,RED GINGHAM ROSE JEWELLERY BOX,401
Regular Customers,WOOD 2 DRAWER CABINET WHITE FINISH,401
Regular Customers,PINK PAISLEY ROSE GIFT WRAP,400
Regular Customers,STARS GIFT TAPE ,399
Regular Customers,CHRISTMAS TREE HANGING SILVER ,398
Regular Customers,POPPY'S PLAYHOUSE BEDROOM ,398
Regular Customers,ANTIQUE TALL SWIRLGLASS TRINKET POT,396
Regular Customers,PIGGY BANK RETROSPOT ,395
Regular Customers,WOODEN UNION JACK BUNTING,394
Regular Customers,FOLDING BUTTERFLY MIRROR HOT PINK ,393
Regular Customers,HANGING SPRING FLOWER EGG SMALL,393
Regular Customers,HERB MARKER MINT,393
Regular Customers,FRIDGE MAGNETS US DINER ASSORTED,390
Regular Customers,KITCHEN METAL SIGN,390
Regular Customers,BLUE POLKADOT BOWL,389
Regular Customers,SET OF 2 CHRISTMAS DECOUPAGE CANDLE,389
Regular Customers,WOOD BLACK BOARD ANT WHITE FINISH,389
Regular Customers,20 DOLLY PEGS RETROSPOT,388
Regular Customers,CHRISTMAS TREE HEART DECORATION,388
Regular Customers,DOORMAT HEARTS,388
Regular Customers,DOORMAT NEW ENGLAND,386
Regular Customers,PINK POLKADOT BOWL,386
Regular Customers,CHICK GREY HOT WATER BOTTLE,385
Regular Customers,RED RETROSPOT SMALL MILK JUG,385
Regular Customers,CHRISTMAS MUSICAL ZINC STAR,384
Regular Customers,SKULL SHOULDER BAG,384
Regular Customers,WOOD STAMP SET THANK YOU,383
Regular Customers,FLOWERS TILE COASTER,382
Regular Customers,JIGSAW TREE WITH WATERING CAN,382
Regular Customers,VINTAGE UNION JACK BUNTING,382
Regular Customers,SAVE THE PLANET MUG,381
Regular Customers,MINI LIGHTS WOODLAND MUSHROOMS,380
Regular Customers,VINTAGE DONKEY TAIL GAME ,380
Regular Customers,FRENCH WC SIGN BLUE METAL,379
Regular Customers,DANISH ROSE PHOTO FRAME,378
Regular Customers,METAL SIGN TAKE IT OR LEAVE IT ,378
Regular Customers,SILVER MUG BONE CHINA TREE OF LIFE,377
Regular Customers,CHILDRENS CUTLERY SPACEBOY ,376
Regular Customers,RED PUDDING SPOON,376
Regular Customers,SET OF 10 LED DOLLY LIGHTS,376
Regular Customers,BLUE SCANDINAVIAN PAISLEY WRAP,375
Regular Customers,WRAP GREEN PEARS ,375
Regular Customers,BLUE HAPPY BIRTHDAY BUNTING,374
Regular Customers,RED RETROSPOT OVEN GLOVE ,374
Regular Customers,SET OF 10 LANTERNS FAIRY LIGHT STAR,374
Regular Customers,TREASURE ISLAND BOOK BOX,374
Regular Customers,HANGING HEART MIRROR DECORATION ,371
Regular Customers,PEARL CRYSTAL PUMPKIN T-LIGHT HLDR,371
Regular Customers,BOYS VINTAGE TIN SEASIDE BUCKET,370
Regular Customers,HOME SWEET HOME CUSHION COVER ,370
Regular Customers,NATURAL HANGING QUILTED HEARTS ,370
Regular Customers,PINK DOUGHNUT TRINKET POT ,369
Regular Customers,POTTERING MUG,368
Regular Customers,IVORY HANGING DECORATION  EGG,367
Regular Customers,METAL SIGN EMPIRE TEA,367
Regular Customers,HEART SHAPED HOLLY WREATH,366
Regular Customers,METAL 4 HOOK HANGER FRENCH CHATEAU,365
Regular Customers,MINI WOODEN HAPPY BIRTHDAY GARLAND,365
Regular Customers,PINK HAPPY BIRTHDAY BUNTING,365
Regular Customers,ROMANTIC IMAGES GIFT WRAP SET,365
Regular Customers,BLUE POLKADOT PLATE ,364
Regular Customers,SET 2 TEA TOWELS I LOVE LONDON ,364
Regular Customers,MODERN FLORAL STATIONERY SET,363
Regular Customers,REGENCY MILK JUG PINK ,363
Regular Customers,RED DINER WALL CLOCK,360
Regular Customers,RED STAR CARD HOLDER,359
Regular Customers,VICTORIAN SEWING KIT,359
Regular Customers,VINTAGE BEAD PINK PURSE ,359
Regular Customers,GENTLEMAN SHIRT REPAIR KIT ,358
Regular Customers,HOME GARLAND PAINTED ZINC ,358
Regular Customers,LADIES & GENTLEMEN METAL SIGN,358
Regular Customers,PINK PAISLEY SQUARE TISSUE BOX ,358
Regular Customers,WOOD STAMP SET BEST WISHES,358
Regular Customers,FELTCRAFT DOLL EMILY,357
Regular Customers,PACK OF 12 RED APPLE TISSUES,357
Regular Customers,PHOTO CUBE,357
Regular Customers,RATTLE SNAKE EGGS,357
Regular Customers,BINGO SET,356
Regular Customers,GROW YOUR OWN BASIL IN ENAMEL MUG,356
Regular Customers,FELTCRAFT HAIRBAND RED AND BLUE,355
Regular Customers,BLUE CHARLIE+LOLA PERSONAL DOORSIGN,353
Regular Customers,COFFEE MUG DOG + BALL DESIGN,353
Regular Customers,WHITE METAL LANTERN,353
Regular Customers,ROTATING LEAVES T-LIGHT HOLDER,352
Regular Customers,ABC TREASURE BOOK BOX ,351
Regular Customers,FELTCRAFT PRINCESS OLIVIA DOLL,351
Regular Customers,PACK OF 12 CIRCUS PARADE TISSUES ,351
Regular Customers,SET/4 SPRING FLOWER DECORATION,351
Regular Customers,WRAP BIRD GARDEN ,350
Regular Customers,GOLD MUG BONE CHINA TREE OF LIFE,348
Regular Customers,KIDS RAIN MAC BLUE,348
Regular Customers,PARTY CONES CANDY TREE DECORATION,348
Regular Customers,S/4 PINK FLOWER CANDLES IN BOWL,348
Regular Customers,SET OF 4 NAPKIN CHARMS HEARTS,348
Regular Customers,SET OF 9 HEART SHAPED BALLOONS,348
Regular Customers,HEART DECORATION WITH PEARLS ,347
Regular Customers,ROSE 3 WICK MORRIS BOX CANDLE,347
Regular Customers,VINTAGE EMBOSSED HEART,347
Regular Customers,6 RIBBONS EMPIRE  ,346
Regular Customers,ANTIQUE ALL GLASS CANDLESTICK,346
Regular Customers,WICKER WREATH LARGE,346
Regular Customers,EDWARDIAN PARASOL BLACK,345
Regular Customers,PASTEL COLOUR HONEYCOMB FAN,345
Regular Customers,STRAWBERRY BATH SPONGE ,345
Regular Customers,COSY HOUR CIGAR BOX MATCHES ,344
Regular Customers,REGENCY SUGAR BOWL GREEN,344
Regular Customers,FRENCH LAVENDER SCENT HEART,343
Regular Customers,RED RETROSPOT PICNIC BAG,340
Regular Customers,REINDEER HEART DECORATION GOLD,340
Regular Customers,TRADTIONAL ALPHABET STAMP SET,340
Regular Customers,VINTAGE RED TRIM ENAMEL BOWL ,340
Regular Customers,RECIPE BOX BLUE SKETCHBOOK DESIGN,338
Regular Customers,RED CHARLIE+LOLA PERSONAL DOORSIGN,338
Regular Customers,ETCHED GLASS COASTER,337
Regular Customers,CHRISTMAS CARD STACK OF PRESENTS,336
Regular Customers,BELLE JARDINIERE CUSHION COVER,335
Regular Customers,BLUE PUDDING SPOON,335
Regular Customers,CLASSIC CAFE SUGAR DISPENSER,335
Regular Customers,DOORMAT RED RETROSPOT,335
Regular Customers,CITRONELLA CANDLE GARDEN POT,334
Regular Customers,PACK OF 20 SKULL PAPER NAPKINS,334
Regular Customers,FELTCRAFT HAIRBAND PINK AND BLUE,333
Regular Customers,GLASS APOTHECARY BOTTLE TONIC,333
Regular Customers,LIPSTICK PEN BABY PINK,333
Regular Customers,LUNCH BOX WITH CUTLERY RETROSPOT ,333
Regular Customers,RIDGED GLASS FINGER BOWL,333
Regular Customers,BEWARE OF THE CAT METAL SIGN ,331
Regular Customers,GIRLS VINTAGE TIN SEASIDE BUCKET,331
Regular Customers,IVORY HANGING DECORATION  BIRD,331
Regular Customers,SMALL PURPLE BABUSHKA NOTEBOOK ,330
Regular Customers,CHILDRENS CUTLERY DOLLY GIRL ,329
Regular Customers,RETROSPOT GIANT TUBE MATCHES,329
Regular Customers,SET OF 4 ROSE BOTANICAL CANDLES,328
Regular Customers,SKETCHBOOK MAGNETIC SHOPPING LIST,328
Regular Customers,SKULL LUNCH BOX WITH CUTLERY ,328
Regular Customers,LARGE CHINESE STYLE SCISSOR,327
Regular Customers,MINI PLAYING CARDS BUFFALO BILL ,327
Regular Customers,ANGEL DECORATION STARS ON DRESS,326
Regular Customers,LAUNDRY 15C METAL SIGN,326
Regular Customers,FAIRY DREAMS INCENSE ,325
Regular Customers,WRAP MAGIC FOREST ,325
Regular Customers,CARD PARTY GAMES ,324
Regular Customers,"ELEPHANT, BIRTHDAY CARD, ",324
Regular Customers,T-LIGHT HOLDER HANGING LACE,324
Regular Customers,CHRISTMAS TREE HANGING GOLD,323
Regular Customers,GLASS APOTHECARY BOTTLE ELIXIR,323
Regular Customers,GYMKHANA TREASURE BOOK BOX,323
Regular Customers,SET/6 FRUIT SALAD PAPER CUPS,323
Regular Customers,"KEY FOB , FRONT  DOOR ",322
Regular Customers,SET/20 STRAWBERRY PAPER NAPKINS ,322
Regular Customers,VINTAGE CHRISTMAS GIFT SACK,322
Regular Customers,SET 12 VINTAGE DOILY CHALK ,321
Regular Customers,4 VANILLA BOTANICAL CANDLES,319
Regular Customers,LANTERN CREAM GAZEBO ,319
Regular Customers,PETIT TRAY CHIC,318
Regular Customers,ENGLISH ROSE HOT WATER BOTTLE,317
Regular Customers,ASSORTED SHAPES PHOTO CLIP SILVER ,316
Regular Customers,HANGING CHICK CREAM DECORATION,316
Regular Customers,PACK OF 6 SKULL PAPER CUPS,316
Regular Customers,DOLLY GIRL CHILDRENS CUP,315
Regular Customers,FRENCH BATHROOM SIGN BLUE METAL,315
Regular Customers,MAGNETS PACK OF 4 VINTAGE COLLAGE,315
Regular Customers,NO JUNK MAIL METAL SIGN,315
Regular Customers,PACK OF 6 SMALL FRUIT STRAWS,315
Regular Customers,ASSTD DESIGN RACING CAR PEN,314
Regular Customers,BLUE VINTAGE SPOT BEAKER,314
Regular Customers,GLITTER CHRISTMAS TREE WITH BELLS,314
Regular Customers,RED BABY BUNTING ,314
Regular Customers,SET OF 2 CERAMIC PAINTED HEARTS ,314
Regular Customers,DOLLY GIRL CHILDRENS BOWL,313
Regular Customers,KITTY PENCIL ERASERS,313
Regular Customers,LAUREL HEART ANTIQUE GOLD,313
Regular Customers,RAINY LADIES BIRTHDAY CARD,313
Regular Customers,SET/3 VANILLA SCENTED CANDLE IN BOX,313
Regular Customers,SILVER FABRIC MIRROR,313
Regular Customers,ASSORTED MINI MADRAS NOTEBOOK,312
Regular Customers,BANQUET BIRTHDAY  CARD  ,312
Regular Customers,CREAM FELT EASTER EGG BASKET,312
Regular Customers,ENAMEL MEASURING JUG CREAM,312
Regular Customers,MAGNETS PACK OF 4 HOME SWEET HOME,312
Regular Customers,RIBBON REEL POLKADOTS ,312
Regular Customers,WOOD STAMP SET HAPPY BIRTHDAY,312
Regular Customers,WOODEN HAPPY BIRTHDAY GARLAND,312
Regular Customers,BLOSSOM IMAGES GIFT WRAP SET,311
Regular Customers,MISTLETOE HEART WREATH GREEN,311
Regular Customers,CREAM CUPID HEARTS COAT HANGER,310
Regular Customers,FRENCH TOILET SIGN BLUE METAL,310
Regular Customers,LOVE HEART POCKET WARMER,310
Regular Customers,METAL DECORATION NAUGHTY CHILDREN ,310
Regular Customers,OVEN MITT APPLES DESIGN,310
Regular Customers,ASSORTED COLOUR MINI CASES,309
Regular Customers,BOX OF VINTAGE ALPHABET BLOCKS,309
Regular Customers,MINI PLAYING CARDS GYMKHANA,309
Regular Customers,RED VINTAGE SPOT BEAKER,309
Regular Customers,RIBBON REEL MAKING SNOWMEN ,309
Regular Customers,DAIRY MAID STRIPE MUG,308
Regular Customers,S/6 WOODEN SKITTLES IN COTTON BAG,308
Regular Customers,BOX OF 6 CHRISTMAS CAKE DECORATIONS,307
Regular Customers,ROMANTIC PINKS RIBBONS ,307
Regular Customers,CHILDREN'S SPACEBOY MUG,306
Regular Customers,WOODEN ROUNDERS GARDEN SET ,305
Regular Customers,EASTER CRAFT 4 CHICKS ,303
Regular Customers,REGENCY TEAPOT ROSES ,303
Regular Customers,36 FOIL HEART CAKE CASES,302
Regular Customers,FAIRY TALE COTTAGE NIGHT LIGHT,302
Regular Customers,KIDS RAIN MAC PINK,301
Regular Customers,RED RETROSPOT PEG BAG,301
Regular Customers,STRAWBERRY CERAMIC TRINKET POT,301
Regular Customers,BIRTHDAY BANQUET GIFT WRAP,300
Regular Customers,PINK FLORAL FELTCRAFT SHOULDER BAG,300
Regular Customers,WHITE HEART CONFETTI IN TUBE,300
Regular Customers,WRAP MONSTER FUN ,300
Regular Customers,CHERUB HEART DECORATION SILVER ,298
Regular Customers,SMALL RED BABUSHKA NOTEBOOK ,298
Regular Customers,POLYESTER FILLER PAD 45x45cm,296
Regular Customers,APPLE BATH SPONGE,295
Regular Customers,BALLOONS  WRITING SET ,294
Regular Customers,DOILY THANK YOU CARD,294
Regular Customers,DRAWER KNOB CRACKLE GLAZE GREEN,294
Regular Customers,HANGING HEART BONHEUR,294
Regular Customers,SPACEBOY CHILDRENS CUP,293
Regular Customers,CERAMIC CAKE DESIGN SPOTTED MUG,292
Regular Customers,CREAM SWEETHEART MINI CHEST,292
Regular Customers,MINI CAKE STAND T-LIGHT HOLDER,292
Regular Customers,TOOTHPASTE TUBE PEN,292
Regular Customers,6 RIBBONS SHIMMERING PINKS ,291
Regular Customers,ASSTD MULTICOLOUR CIRCLES MUG,291
Regular Customers,VINTAGE BELLS GARLAND,291
Regular Customers,HEART STRING MEMO HOLDER HANGING,290
Regular Customers,LARGE HEART MEASURING SPOONS,290
Regular Customers,RED FLORAL FELTCRAFT SHOULDER BAG,290
Regular Customers,STORAGE TIN VINTAGE DOILY ,290
Regular Customers, SET 2 TEA TOWELS I LOVE LONDON ,289
Regular Customers,CHOCOLATE BOX RIBBONS ,289
Regular Customers,RECYCLING BAG RETROSPOT ,289
Regular Customers,BOYS ALPHABET IRON ON PATCHES,288
Regular Customers,CRYSTAL STUD EARRINGS ASSORTED COL ,288
Regular Customers,FRENCH PAISLEY CUSHION COVER ,288
Regular Customers,GREEN DRAWER KNOB ACRYLIC EDWARDIAN,288
Regular Customers,IVORY KITCHEN SCALES,288
Regular Customers,RING OF ROSES BIRTHDAY CARD,288
Regular Customers,SET/6 PINK  BUTTERFLY T-LIGHTS,287
Regular Customers,CERAMIC STRAWBERRY DESIGN MUG,286
Regular Customers,CHRISTMAS LIGHTS 10 REINDEER,286
Regular Customers,SET/6 COLLAGE PAPER PLATES,286
Regular Customers,YULETIDE IMAGES GIFT WRAP SET,286
Regular Customers,BLUE POLKADOT EGG CUP ,285
Regular Customers,FELTCRAFT CUSHION RABBIT,285
Regular Customers,NAMASTE SWAGAT INCENSE,285
Regular Customers,SANDALWOOD FAN,285
Regular Customers,BLACK TEA TOWEL CLASSIC DESIGN,284
Regular Customers,CALENDAR PAPER CUT DESIGN,284
Regular Customers,FILIGREE HEART DAISY WHITE,284
Regular Customers,PACK OF 6 SKULL PAPER PLATES,284
Regular Customers,WOOD STAMP SET FLOWERS,284
Regular Customers,BLUE DRAWER KNOB ACRYLIC EDWARDIAN,283
Regular Customers,MEMO BOARD RETROSPOT  DESIGN,283
Regular Customers,POLKADOT COFFEE CUP & SAUCER PINK,283
Regular Customers,REGENCY TEA STRAINER,283
Regular Customers,JINGLE BELL HEART ANTIQUE GOLD,281
Regular Customers,ZINC HEART FLOWER T-LIGHT HOLDER,280
Regular Customers,3 TRADITIONAl BISCUIT CUTTERS  SET,279
Regular Customers,3D CHRISTMAS STAMPS STICKERS ,279
Regular Customers,ALPHABET STENCIL CRAFT,279
Regular Customers,FELTCRAFT CUSHION BUTTERFLY,278
Regular Customers,SET OF 6 T-LIGHTS SNOWMEN,278
Regular Customers,CHILDRENS CUTLERY POLKADOT BLUE,277
Regular Customers,CARD CAT AND TREE ,276
Regular Customers,CINNAMON SCENTED VOTIVE CANDLE,276
Regular Customers,PINK PARTY BAGS,276
Regular Customers,SMALL YELLOW BABUSHKA NOTEBOOK ,276
Regular Customers,PARTY CHARMS 50 PIECES,275
Regular Customers,WRAP DAISY CARPET ,275
Regular Customers,RECIPE BOX RETROSPOT ,274
Regular Customers,SET OF 3 CAKE TINS SKETCHBOOK,274
Regular Customers,FELTCRAFT GIRL AMELIE KIT,273
Regular Customers,MAGIC DRAWING SLATE BUNNIES ,272
Regular Customers,PINK  POLKADOT PLATE ,272
Regular Customers,RED DRAWER KNOB ACRYLIC EDWARDIAN,272
Regular Customers,RETRO COFFEE MUGS ASSORTED,272
Regular Customers,SET OF 6 HERB TINS SKETCHBOOK,271
Regular Customers,SKULLS  STICKERS,271
Regular Customers,CURIOUS IMAGES GIFT WRAP SET,270
Regular Customers,4 LAVENDER BOTANICAL DINNER CANDLES,269
Regular Customers,CHILDRENS DOLLY GIRL MUG,268
Regular Customers,EGG CUP NATURAL CHICKEN,268
Regular Customers,WATERING CAN BLUE ELEPHANT,268
Regular Customers,ANTIQUE GLASS DRESSING TABLE POT,267
Regular Customers,EASTER DECORATION EGG BUNNY ,267
Regular Customers,SET OF 12 T-LIGHTS VINTAGE DOILY,267
Regular Customers,ANTIQUE GLASS PEDESTAL BOWL,266
Regular Customers,CERAMIC CAKE DESIGN SPOTTED PLATE,266
Regular Customers,FRENCH BLUE METAL DOOR SIGN 1,265
Regular Customers,SILVER HEARTS TABLE DECORATION,265
Regular Customers,BOX OF VINTAGE JIGSAW BLOCKS ,264
Regular Customers,CARD SUKI BIRTHDAY,264
Regular Customers,WATERING CAN PINK BUNNY,264
Regular Customers,ALARM CLOCK BAKELIKE IVORY,263
Regular Customers,BLUE POLKADOT COFFEE MUG,263
Regular Customers,PANTRY PASTRY BRUSH,263
Regular Customers,SET OF 5 LUCKY CAT MAGNETS ,263
Regular Customers,CHILDRENS CUTLERY RETROSPOT RED ,262
Regular Customers,LAVENDER TOILETTE BOTTLE,262
Regular Customers,CHILDRENS TOY COOKING UTENSIL SET,260
Regular Customers,CHRISTMAS HANGING SNOWFLAKE,260
Regular Customers,HOME SWEET HOME METAL SIGN ,260
Regular Customers,I CAN ONLY PLEASE ONE PERSON MUG,260
Regular Customers,SET OF 4 KNICK KNACK TINS DOILEY ,260
Regular Customers,SMALL POLKADOT CHOCOLATE GIFT BAG ,260
Regular Customers,WATERING CAN GARDEN MARKER,260
Regular Customers,FILIGREE HEART BUTTERFLY WHITE ,259
Regular Customers,FOUR HOOK  WHITE LOVEBIRDS,259
Regular Customers,BLUE PAISLEY TISSUE BOX,258
Regular Customers,GIN AND TONIC MUG,258
Regular Customers,LARGE HANGING IVORY & RED WOOD BIRD,258
Regular Customers,SET 8 CANDLES VINTAGE DOILY,258
Regular Customers,TEA TIME OVEN GLOVE,257
Regular Customers,BIRDHOUSE GARDEN MARKER ,256
Regular Customers,BUNNY WOODEN PAINTED WITH BIRD ,256
Regular Customers,PORCELAIN T-LIGHT HOLDERS ASSORTED,255
Regular Customers,DO NOT TOUCH MY STUFF DOOR HANGER ,254
Regular Customers,GREEN POLKADOT BOWL,254
Regular Customers,T-LIGHT HOLDER HANGING LOVE BIRD,254
Regular Customers,CANDY HEART HANGING DECORATION,253
Regular Customers,SMALL REGAL  SILVER CANDLEPOT ,253
Regular Customers, DOLLY GIRL BEAKER,252
Regular Customers,OPEN CLOSED METAL SIGN,252
Regular Customers,RETROSPOT LARGE MILK JUG,252
Regular Customers,SET 36 COLOUR PENCILS LOVE LONDON,252
Regular Customers,SET OF 5 PANCAKE DAY MAGNETS,252
Regular Customers,TOXIC AREA  DOOR HANGER ,252
Regular Customers,MINI JIGSAW BUNNIES,251
Regular Customers,PAPER BUNTING VINTAGE PAISLEY,251
Regular Customers,SET 7 BABUSHKA NESTING BOXES,251
Regular Customers,SKULL AND CROSSBONES  GARLAND ,251
Regular Customers,HEARTS GIFT TAPE,250
Regular Customers,LUNCH BAG RED VINTAGE DOILY,250
Regular Customers,RED RETROSPOT SUGAR JAM BOWL,250
Regular Customers,SWALLOW SQUARE TISSUE BOX,250
Regular Customers,WRAP BAD HAIR DAY,250
Regular Customers,PANTRY ROLLING PIN,247
Regular Customers,FELTCRAFT HAIRBANDS PINK AND WHITE ,246
Regular Customers,MINI PLAYING CARDS FUN FAIR ,246
Regular Customers,VINTAGE BILLBOARD LOVE/HATE MUG,246
Regular Customers,WOODLAND PARTY BAG + STICKER SET,246
Regular Customers,DOORMAT ENGLISH ROSE ,245
Regular Customers,CINAMMON SET OF 9 T-LIGHTS,244
Regular Customers,GARAGE KEY FOB,243
Regular Customers,DRAWER KNOB CRACKLE GLAZE PINK,242
Regular Customers,ENGLISH ROSE SPIRIT LEVEL ,242
Regular Customers,GLITTER BUTTERFLY CLIPS,241
Regular Customers,T-LIGHT HOLDER SWEETHEART HANGING,241
Regular Customers,TOADSTOOL MONEY BOX,241
Regular Customers,3 RAFFIA RIBBONS VINTAGE CHRISTMAS,240
Regular Customers,DOORMAT FANCY FONT HOME SWEET HOME,240
Regular Customers,DOORSTOP RETROSPOT HEART,240
Regular Customers,SMALL PARISIENNE HEART PHOTO FRAME ,240
Regular Customers,BEADED CRYSTAL HEART GREEN LARGE,239
Regular Customers,HEN HOUSE DECORATION,239
Regular Customers,RIBBON REEL SOCKS AND MITTENS,239
Regular Customers,CARD DOG AND BALL ,238
Regular Customers,MINI CAKE STAND WITH HANGING CAKES,238
Regular Customers,SET OF 4 ENGLISH ROSE COASTERS,238
Regular Customers,CHERUB HEART DECORATION GOLD,237
Regular Customers,DOORMAT WELCOME TO OUR HOME,237
Regular Customers,REGENCY SUGAR TONGS,237
Regular Customers,GLASS JAR ENGLISH CONFECTIONERY,236
Regular Customers,GREEN VINTAGE SPOT BEAKER,236
Regular Customers,HI TEC ALPINE HAND WARMER,236
Regular Customers,SET/6 PURPLE BUTTERFLY T-LIGHTS,236
Regular Customers,FULL ENGLISH BREAKFAST PLATE,234
Regular Customers,"KEY FOB , GARAGE DESIGN",234
Regular Customers,RETRO MOD TRAY,233
Regular Customers,WATERING CAN GREEN DINOSAUR,233
Regular Customers,JIGSAW TREE WITH BIRDHOUSE,232
Regular Customers,SCOTTIE DOGS BABY BIB,232
Regular Customers,VINTAGE RED ENAMEL TRIM PLATE,232
Regular Customers,ZINC  HEART T-LIGHT HOLDER,232
Regular Customers,PORCELAIN BUDAH INCENSE HOLDER,231
Regular Customers,RED FLOCK LOVE HEART PHOTO FRAME,231
Regular Customers,SET/3 RED GINGHAM ROSE STORAGE BOX,231
Regular Customers,BLUE STONES ON WIRE FOR CANDLE,230
Regular Customers,MEMO BOARD COTTAGE DESIGN,230
Regular Customers,PINK VINTAGE SPOT BEAKER,230
Regular Customers,CHILDS BREAKFAST SET SPACEBOY ,229
Regular Customers,IVORY PAPER CUP CAKE CASES ,229
Regular Customers,FELTCRAFT HAIRBAND PINK AND PURPLE,228
Regular Customers,FRENCH KITCHEN SIGN BLUE METAL,228
Regular Customers,LE JARDIN BOTANIQUE CUSHION COVER,228
Regular Customers,SET OF 5 MINI GROCERY MAGNETS,228
Regular Customers,POTTING SHED SEED ENVELOPES,227
Regular Customers,SET OF 4 KNICK KNACK TINS LONDON ,227
Regular Customers,BALLOON PUMP WITH 10 BALLOONS,226
Regular Customers,BIG DOUGHNUT FRIDGE MAGNETS,226
Regular Customers,36 DOILIES DOLLY GIRL,225
Regular Customers,AIRLINE BAG VINTAGE TOKYO 78,225
Regular Customers,GARLAND WOODEN HAPPY EASTER,225
Regular Customers,OFFICE MUG WARMER BLACK+SILVER ,223
Regular Customers,RETRO PLASTIC ELEPHANT TRAY,223
Regular Customers,ZINC HERB GARDEN CONTAINER,223
Regular Customers,ALARM CLOCK BAKELIKE CHOCOLATE,222
Regular Customers,BIRD HOUSE HOT WATER BOTTLE,222
Regular Customers,RED RETROSPOT CAKE STAND,222
Regular Customers,VINTAGE BILLBOARD DRINK ME MUG,222
Regular Customers,BIRDCAGE DECORATION TEALIGHT HOLDER,220
Regular Customers,DINOSAURS  WRITING SET ,220
Regular Customers,HOME SWEET HOME BLACKBOARD,220
Regular Customers,"SWISS ROLL TOWEL, CHOCOLATE  SPOTS",220
Regular Customers,3 DRAWER ANTIQUE WHITE WOOD CABINET,219
Regular Customers,ALUMINIUM STAMPED HEART,219
Regular Customers,BLACK CHAMPAGNE GLASS,219
Regular Customers,CERAMIC CAKE STAND + HANGING CAKES,219
Regular Customers,DOORMAT SPOTTY HOME SWEET HOME,219
Regular Customers,FOLKART CLIP ON STARS,219
Regular Customers,FRENCH BLUE METAL DOOR SIGN 2,219
Regular Customers,VINTAGE BILLBOARD MUG ,219
Regular Customers,CARD HOLDER GINGHAM HEART,218
Regular Customers,SET/4 RED MINI ROSE CANDLE IN BOWL,218
Regular Customers,CAKES AND BOWS GIFT  TAPE,217
Regular Customers,"METAL SIGN,CUPCAKE SINGLE HOOK",217
Regular Customers,PIG KEYRING WITH LIGHT & SOUND ,217
Regular Customers,TOY TIDY SPACEBOY  ,217
Regular Customers,GLAMOROUS  MUG,216
Regular Customers,GLITTER HANGING BUTTERFLY STRING,216
Regular Customers,PLAYING CARDS I LOVE LONDON ,216
Regular Customers,TRIPLE HOOK ANTIQUE IVORY ROSE,216
Regular Customers,CERAMIC LOVE HEART MONEY BANK,215
Regular Customers,FRENCH GARDEN SIGN BLUE METAL,215
Regular Customers,TREASURE TIN BUFFALO BILL ,215
Regular Customers,FUNKY WASHING UP GLOVES ASSORTED,214
Regular Customers,MAKE YOUR OWN MONSOON CARD KIT,214
Regular Customers,SET/4 DAISY MIRROR MAGNETS,214
Regular Customers,WHITE WOOD GARDEN PLANT LADDER,214
Regular Customers,ANTIQUE SILVER BAUBLE LAMP  ,213
Regular Customers,BOHEMIAN COLLAGE STATIONERY SET,213
Regular Customers,CHARLIE AND LOLA FIGURES TINS,213
Regular Customers,KINGS CHOICE MUG,213
Regular Customers,PACK OF 6 SWEETIE GIFT BOXES,213
Regular Customers,VINTAGE BEAD PINK EVENING BAG,213
Regular Customers,EMERGENCY FIRST AID TIN ,212
Regular Customers,IVORY KNITTED MUG COSY ,212
Regular Customers,METAL SIGN DROP YOUR PANTS,212
Regular Customers,SET OF 6 VINTAGE NOTELETS KIT,212
Regular Customers,ALARM CLOCK BAKELIKE ORANGE,211
Regular Customers,LUNCH BAG SUKI  DESIGN ,211
Regular Customers,SET/10 IVORY POLKADOT PARTY CANDLES,211
Regular Customers,TEA TIME PARTY BUNTING,211
Regular Customers,TOY TIDY PINK POLKADOT,211
Regular Customers,COCKTAIL SWORDS 50 PIECES,210
Regular Customers,FRENCH FLORAL CUSHION COVER ,210
Regular Customers,POPPY'S PLAYHOUSE LIVINGROOM ,210
Regular Customers,RED RETROSPOT CHILDRENS UMBRELLA,210
Regular Customers,3 GARDENIA MORRIS BOXED CANDLES,209
Regular Customers,4 LILY  BOTANICAL DINNER CANDLES,209
Regular Customers,MIRRORED WALL ART SNOWFLAKES,209
Regular Customers,KNEELING MAT HOUSEWORK  DESIGN,208
Regular Customers,LARGE PURPLE BABUSHKA NOTEBOOK  ,208
Regular Customers,S/4 VALENTINE DECOUPAGE HEART BOX,208
Regular Customers,DAIRY MAID TOASTRACK,207
Regular Customers,PARTY INVITES DINOSAURS,207
Regular Customers,RED METAL BOX TOP SECRET,207
Regular Customers,RIBBON REEL FLORA + FAUNA ,207
Regular Customers,SET/2 RED RETROSPOT TEA TOWELS ,207
Regular Customers,BAKING MOULD CHOCOLATE CUPCAKES,206
Regular Customers,DANISH ROSE DECORATIVE PLATE,206
Regular Customers,PLAYING CARDS VINTAGE DOILY ,206
Regular Customers,FELTCRAFT GIRL NICOLE KIT,205
Regular Customers,SWEETHEART CAKESTAND 3 TIER,205
Regular Customers,VICTORIAN SEWING BOX SMALL ,205
Regular Customers,CARDHOLDER HOLLY WREATH METAL,204
Regular Customers,FOLDING BUTTERFLY MIRROR IVORY ,204
Regular Customers,FRENCH BLUE METAL DOOR SIGN 3,204
Regular Customers,GREEN POLKADOT PLATE ,204
Regular Customers,SKULLS WRITING SET ,204
Regular Customers,TUMBLER NEW ENGLAND,204
Regular Customers,BLUE PARTY BAGS ,203
Regular Customers,CERAMIC PIRATE CHEST MONEY BANK,203
Regular Customers,PINK OWL SOFT TOY,203
Regular Customers,RED RETROSPOT MUG,203
Regular Customers,CHOCOLATE CALCULATOR,202
Regular Customers,DECORATIVE ROSE BATHROOM BOTTLE,202
Regular Customers,ENAMEL WATERING CAN CREAM,201
Regular Customers,RED KITCHEN SCALES,201
Regular Customers,SPACEBOY MINI BACKPACK,201
Regular Customers,BOTANICAL ROSE GIFT WRAP,200
Regular Customers,"CHARLIE+LOLA""EXTREMELY BUSY"" SIGN",200
Regular Customers,GIFT BAG PSYCHEDELIC APPLES,200
Regular Customers,MOODY GIRL DOOR HANGER ,200
Regular Customers,MULTICOLOUR HONEYCOMB FAN,200
Regular Customers,PEG BAG APPLES DESIGN,200
Regular Customers,BASKET OF FLOWERS SEWING KIT,199
Regular Customers,BIRTHDAY PARTY CORDON BARRIER TAPE,199
Regular Customers,MAKE YOUR OWN FLOWERPOWER CARD KIT,199
Regular Customers,SMALL CHOCOLATES PINK BOWL,199
Regular Customers,VINTAGE UNION JACK PENNANT,199
Regular Customers,CITRONELLA CANDLE FLOWERPOT,198
Regular Customers,WAKE UP COCKEREL TILE COASTER,198
Regular Customers,LARGE RED BABUSHKA NOTEBOOK ,196
Regular Customers,"SET 3 RETROSPOT TEA,COFFEE,SUGAR",196
Regular Customers,BALLOON ART MAKE YOUR OWN FLOWERS,194
Regular Customers,IVORY DINER WALL CLOCK,194
Regular Customers,FAMILY PHOTO FRAME CORNICE,193
Regular Customers,HANGING CHICK GREEN DECORATION,193
Regular Customers,BIRD DECORATION RED RETROSPOT,192
Regular Customers,EDWARDIAN PARASOL RED,192
Regular Customers,EMBROIDERED RIBBON REEL EMILY ,192
Regular Customers,ORIGAMI ROSE INCENSE IN TUBE,192
Regular Customers,CHRISTMAS MUSICAL ZINC TREE,191
Regular Customers,DOILEY STORAGE TIN,191
Regular Customers,MISTLETOE HEART WREATH CREAM,191
Regular Customers,TOTE BAG I LOVE LONDON,190
Regular Customers,MINI JIGSAW DINOSAUR ,189
Regular Customers,SMALL MEDINA STAMPED METAL BOWL ,189
Regular Customers,COLOURED GLASS STAR T-LIGHT HOLDER,188
Regular Customers,MEDIUM CHINESE STYLE SCISSOR,188
Regular Customers,VINTAGE DOILY DELUXE SEWING KIT ,188
Regular Customers,PACK OF 20 SPACEBOY NAPKINS,187
Regular Customers,PICNIC BASKET WICKER SMALL,187
Regular Customers,PICTURE FRAME WOOD TRIPLE PORTRAIT,187
Regular Customers,PINK HEART SHAPE EGG FRYING PAN,187
Regular Customers,6 CHOCOLATE LOVE HEART T-LIGHTS,186
Regular Customers,BEADED CRYSTAL HEART BLUE  LARGE,186
Regular Customers,GAOLERS KEYS DECORATIVE GARDEN ,186
Regular Customers,METAL MERRY CHRISTMAS WREATH,186
Regular Customers,POSTE FRANCE CUSHION COVER,186
Regular Customers,RIBBON REEL LACE DESIGN ,186
Regular Customers,SKULLS PARTY BAG + STICKER SET,186
Regular Customers,36 FOIL STAR CAKE CASES ,185
Regular Customers,DOLLY GIRL CHILDRENS EGG CUP,185
Regular Customers,BEADED CRYSTAL HEART PINK LARGE,184
Regular Customers,SET OF 6 GIRLS CELEBRATION CANDLES,184
Regular Customers,SET OF 6 T-LIGHTS TOADSTOOLS,184
Regular Customers,SET/6 TURQUOISE BUTTERFLY T-LIGHTS,184
Regular Customers,SWIRLY CIRCULAR RUBBERS IN BAG,184
Regular Customers,FRENCH BLUE METAL DOOR SIGN 5,183
Regular Customers,PARTY PIZZA DISH RED RETROSPOT,183
Regular Customers,S/4 IVORY MINI ROSE CANDLE IN BOWL,183
Regular Customers,MAGIC DRAWING SLATE LEAP FROG ,182
Regular Customers,SMALL HAMMERED SILVER CANDLEPOT ,182
Regular Customers,SWEETHEART RECIPE BOOK STAND,182
Regular Customers,CHARLIE & LOLA WASTEPAPER BIN FLORA,181
Regular Customers,DRAWER KNOB CRACKLE GLAZE BLUE,181
Regular Customers,MAGNETS PACK OF 4 RETRO PHOTO,181
Regular Customers,ROSE 1 WICK MORRIS BOXED CANDLE,181
Regular Customers,CRYSTAL STUD EARRINGS CLEAR DISPLAY,180
Regular Customers,EUCALYPTUS & PINECONE  WREATH,180
Regular Customers,LARGE CAKE TOWEL PINK SPOTS,180
Regular Customers,ROUND CAKE TIN VINTAGE RED,180
Regular Customers,SET 3 SONG BIRD PAPER EGGS ASSORTED,180
Regular Customers,STRAWBERRY   PICNIC BAG,180
Regular Customers,TEATIME GEL PENS ASST,180
Regular Customers,VINTAGE CARAVAN GREETING CARD ,180
Regular Customers,ASSORTED COLOUR SUCTION CUP HOOK,179
Regular Customers,CHRISTMAS LIGHTS 10 SANTAS ,179
Regular Customers,LADS ONLY TISSUE BOX,179
Regular Customers,MAGNETS PACK OF 4 VINTAGE LABELS ,179
Regular Customers,ADVENT CALENDAR GINGHAM SACK,178
Regular Customers,CUT GLASS T-LIGHT HOLDER OCTAGON,177
Regular Customers,FIRST AID TIN,177
Regular Customers,RED LOVE HEART SHAPE CUP,177
Regular Customers,RED PAPER PARASOL,177
Regular Customers,RED POLKADOT COFFEE  MUG,177
Regular Customers,BOTANICAL LAVENDER GIFT WRAP ,175
Regular Customers,LOVE GARLAND PAINTED ZINC ,175
Regular Customers,MAGIC DRAWING SLATE BAKE A CAKE ,175
Regular Customers,DOORMAT HOME SWEET HOME BLUE ,174
Regular Customers,FRENCH BLUE METAL DOOR SIGN 0,174
Regular Customers,PAPER BUNTING COLOURED LACE,174
Regular Customers,SET OF 72 SKULL PAPER  DOILIES,174
Regular Customers,SEWING SUSAN 21 NEEDLE SET,174
Regular Customers,3 HOOK HANGER MAGIC GARDEN,173
Regular Customers,MINI FUNKY DESIGN TAPES,173
Regular Customers,PINK/WHITE CHRISTMAS TREE 60CM,173
Regular Customers,SET 3 PAPER VINTAGE CHICK PAPER EGG,173
Regular Customers,TRIPLE PHOTO FRAME CORNICE ,173
Regular Customers,WOOD S/3 CABINET ANT WHITE FINISH,173
Regular Customers,BLACK ENCHANTED FOREST PLACEMAT,172
Regular Customers,BLACK PIRATE TREASURE CHEST,172
Regular Customers,RED VICTORIAN FABRIC OVAL BOX,172
Regular Customers,SMALL STRIPES CHOCOLATE GIFT BAG ,172
Regular Customers,STANDING FAIRY POLE SUPPORT ,172
Regular Customers,VINYL RECORD FRAME SILVER,172
Regular Customers,ASSORTED TUTTI FRUTTI  FOB NOTEBOOK,171
Regular Customers,LARGE WHITE HONEYCOMB PAPER BELL  ,171
Regular Customers,ORIGAMI LAVENDER INCENSE/CANDL SET ,171
Regular Customers,ROUND SNACK BOXES SET OF 4 SKULLS,171
Regular Customers,SET/4 SKULL BADGES,171
Regular Customers,BATH BUILDING BLOCK WORD,170
Regular Customers,BLUE DINER WALL CLOCK,170
Regular Customers,GINGHAM HEART  DOORSTOP RED,170
Regular Customers,LA PALMIERA TILE COASTER,170
Regular Customers,SET 6 FOOTBALL CELEBRATION CANDLES,170
Regular Customers,SET OF 4 KNICK KNACK TINS POPPIES,170
Regular Customers,SET/6 FRUIT SALAD  PAPER PLATES,170
Regular Customers,WOODLAND SMALL RED FELT HEART,170
Regular Customers,BAKING MOULD HEART MILK CHOCOLATE,169
Regular Customers,PSYCHEDELIC TILE HOOK,169
Regular Customers,SET OF 12 FORK CANDLES,169
Regular Customers,4 IVORY DINNER CANDLES SILVER FLOCK,168
Regular Customers,DIAMANTE RING ASSORTED IN BOX.,168
Regular Customers,HANGING WOOD AND FELT BUTTERFLY ,168
Regular Customers,SPACEBOY CHILDRENS EGG CUP,168
Regular Customers,BLACK HEART CARD HOLDER,167
Regular Customers,MAGNETS PACK OF 4 CHILDHOOD MEMORY,167
Regular Customers,CLASSIC METAL BIRDCAGE PLANT HOLDER,166
Regular Customers,HOME SWEET HOME BOTTLE ,166
Regular Customers,MINI JIGSAW PURDEY,166
Regular Customers,PHOTO FRAME 3 CLASSIC HANGING,166
Regular Customers,PINK  HEART CONFETTI IN TUBE,166
Regular Customers,WOODEN CROQUET GARDEN SET,166
Regular Customers,FELT EGG COSY WHITE RABBIT ,165
Regular Customers,S/4 CACTI CANDLES,165
Regular Customers,SMALL IVORY HEART WALL ORGANISER,165
Regular Customers,WHITE BROCANTE SOAP DISH,165
Regular Customers,CERAMIC BOWL WITH STRAWBERRY DESIGN,164
Regular Customers,CHOC TRUFFLE GOLD TRINKET POT ,164
Regular Customers,FOLDING BUTTERFLY MIRROR RED  ,164
Regular Customers,POLKADOT RAIN HAT ,164
Regular Customers,RED RETROSPOT UMBRELLA,164
Regular Customers,VINTAGE RED ENAMEL TRIM JUG ,164
Regular Customers,BLACK/BLUE POLKADOT UMBRELLA,163
Regular Customers,DECORATIVE CATS BATHROOM BOTTLE,163
Regular Customers,EMBROIDERED RIBBON REEL SUSIE ,163
Regular Customers,HEARTS  STICKERS,163
Regular Customers,SAVE THE PLANET COTTON TOTE BAG,163
Regular Customers,A PRETTY THANK YOU CARD,162
Regular Customers,DECORATION WOBBLY RABBIT METAL ,162
Regular Customers,EMBROIDERED RIBBON REEL SALLY ,161
Regular Customers,FAIRY TALE COTTAGE NIGHTLIGHT,161
Regular Customers,FUNKY MONKEY GIFT BAG MEDIUM,161
Regular Customers,LAUREL STAR ANTIQUE SILVER ,161
Regular Customers,SMALL GLASS SUNDAE DISH CLEAR,161
Regular Customers,SPACEBOY ROCKET LOLLY MAKERS,161
Regular Customers,CAKE PLATE LOVEBIRD WHITE,160
Regular Customers,DELUXE SEWING KIT ,160
Regular Customers,FELT EGG COSY LADYBIRD ,160
Regular Customers,FRENCH BLUE METAL DOOR SIGN 4,160
Regular Customers,GINGHAM RECIPE BOOK BOX,160
Regular Customers,SILVER GLASS T-LIGHT SET,160
Regular Customers,VINTAGE BEAD PINK SCARF ,160
Regular Customers,DINOSAUR LUNCH BOX WITH CUTLERY,159
Regular Customers,ENAMEL BREAD BIN CREAM,159
Regular Customers,FRENCH BLUE METAL DOOR SIGN 7,159
Regular Customers,FRENCH BLUE METAL DOOR SIGN 8,159
Regular Customers,BUFFALO BILL TREASURE BOOK BOX,158
Regular Customers,DOG BOWL CHASING BALL DESIGN,158
Regular Customers,FOOD CONTAINER SET 3 LOVE HEART ,158
Regular Customers,HANGING SPRING FLOWER EGG LARGE,158
Regular Customers,MAN FLU METAL SIGN,158
Regular Customers,ZINC HEART LATTICE T-LIGHT HOLDER,158
Regular Customers,BULL DOG BOTTLE OPENER,157
Regular Customers,FAIRY CAKE BIRTHDAY CANDLE SET,157
Regular Customers,HOLIDAY FUN LUDO,157
Regular Customers,PARTY INVITES WOODLAND,157
Regular Customers,CHRISTMAS CARD SINGING ANGEL,156
Regular Customers,CIRCUS PARADE CHILDRENS EGG CUP ,156
Regular Customers,LARGE YELLOW BABUSHKA NOTEBOOK ,156
Regular Customers,MOODY BOY  DOOR HANGER ,156
Regular Customers,SET OF 6 HALLOWEEN GHOST T-LIGHTS,156
Regular Customers,PINK  HONEYCOMB PAPER FAN,155
Regular Customers,SET OF 4 NAPKIN CHARMS CUTLERY,155
Regular Customers,HOT WATER BOTTLE SEX BOMB,154
Regular Customers,NOEL WOODEN BLOCK LETTERS ,154
Regular Customers,RED TEA TOWEL CLASSIC DESIGN,154
Regular Customers,FELT TOADSTOOL  SMALL,153
Regular Customers,ORIGAMI ROSE INCENSE/CANDLE SET ,153
Regular Customers,PARISIENNE JEWELLERY DRAWER ,153
Regular Customers,RED HEART SHAPE LOVE BUCKET ,153
Regular Customers,WHITE CHRISTMAS STAR DECORATION,153
Regular Customers,DRAWER KNOB CERAMIC BLACK,152
Regular Customers,GIFT BAG BIRTHDAY,152
Regular Customers,RED SPOTTY BISCUIT TIN,152
Regular Customers,12 IVORY ROSE PEG PLACE SETTINGS,151
Regular Customers,ENAMEL PINK COFFEE CONTAINER,151
Regular Customers,RIDGED BONNE JAM JAR T-LIGHT HOLDER,151
Regular Customers,SMALL SILVER FLOWER CANDLE POT,151
Regular Customers,RIDGED GLASS T-LIGHT HOLDER,150
Regular Customers,SWEETIES  STICKERS,150
Regular Customers,WRAP KEEP CALM BIRTHDAY,150
Regular Customers,"WRAP, BILLBOARD FONTS DESIGN",150
Regular Customers,CHILDS GARDEN FORK PINK,149
Regular Customers,DOORMAT WELCOME PUPPIES,149
Regular Customers,GREEN GIANT GARDEN THERMOMETER,149
Regular Customers,SINGLE WIRE HOOK IVORY HEART,149
Regular Customers,LAUREL STAR ANTIQUE GOLD,148
Regular Customers,ROMANTIC IMAGES NOTEBOOK SET,148
Regular Customers,WOODLAND  HEIGHT CHART STICKERS ,148
Regular Customers,CHARLIE + LOLA RED HOT WATER BOTTLE,147
Regular Customers,CHILDS BREAKFAST SET CIRCUS PARADE,147
Regular Customers,CHILDS GARDEN FORK BLUE ,147
Regular Customers,EGG CUP MILKMAID HEIDI,147
Regular Customers,HANGING HEN ON NEST DECORATION,147
Regular Customers,WHITE LOVEBIRD LANTERN,147
Regular Customers,CANDY SPOT EGG WARMER HARE,146
Regular Customers,DAISIES  HONEYCOMB GARLAND ,146
Regular Customers,JIGSAW TOADSTOOLS 3 PIECE,146
Regular Customers,CHILDRENS CUTLERY POLKADOT GREEN ,145
Regular Customers,FOOD COVER WITH BEADS SET 2 ,145
Regular Customers,LED TEA LIGHTS,145
Regular Customers,PARISIENNE KEY CABINET ,145
Regular Customers,WOODLAND MINI BACKPACK,145
Regular Customers,ZINC HEARTS PLANT POT HOLDER,145
Regular Customers,OPIUM SCENTED VOTIVE CANDLE,144
Regular Customers,PARTY INVITES JAZZ HEARTS,144
Regular Customers,POPPY'S PLAYHOUSE BATHROOM,144
Regular Customers,SMALL PINK MAGIC CHRISTMAS TREE,144
Regular Customers,SMALLFOLKART BAUBLE CHRISTMAS DEC,144
Regular Customers,ASSORTED EASTER GIFT TAGS,143
Regular Customers,BREAD BIN DINER STYLE IVORY,143
Regular Customers,DECORATION WHITE CHICK MAGIC GARDEN,143
Regular Customers,MINI JIGSAW BAKE A CAKE ,143
Regular Customers,SOAP DISH BROCANTE,143
Regular Customers,DINOSAUR PARTY BAG + STICKER SET,142
Regular Customers,EASTER BUNNY GARLAND OF FLOWERS,142
Regular Customers,GLASS CLOCHE SMALL,142
Regular Customers,BICYCLE PUNCTURE REPAIR KIT ,141
Regular Customers,CHILDS BREAKFAST SET DOLLY GIRL ,141
Regular Customers,ENAMEL WASH BOWL CREAM,141
Regular Customers,METAL SIGN HIS DINNER IS SERVED,141
Regular Customers,"WHITE TEA,COFFEE,SUGAR JARS",141
Regular Customers,CHILDRENS CUTLERY CIRCUS PARADE,140
Regular Customers,DANISH ROSE ROUND SEWING BOX,140
Regular Customers,DECORATION WOBBLY CHICKEN,140
Regular Customers,HANGING CHICK  YELLOW DECORATION,140
Regular Customers,S/15 SILVER GLASS BAUBLES IN BAG,140
Regular Customers,SET OF 4 KNICK KNACK TINS LEAF,140
Regular Customers,3 HOOK PHOTO SHELF ANTIQUE WHITE,139
Regular Customers,EGG CUP MILKMAID INGRID,139
Regular Customers,EGG FRYING PAN IVORY ,139
Regular Customers,FRAPPUCINO SCARF KNITTING KIT,139
Regular Customers,IVORY LOVE BIRD CANDLE,139
Regular Customers,MIDNIGHT GLAMOUR SCARF KNITTING KIT,139
Regular Customers,RED RETROSPOT BUTTER DISH,139
Regular Customers,SMALL PINK GLASS SUNDAE DISH,139
Regular Customers,UNION JACK FLAG LUGGAGE TAG,139
Regular Customers,WOODEN OWLS LIGHT GARLAND ,139
Regular Customers,BROWN  PIRATE TREASURE CHEST ,138
Regular Customers,FRENCH BLUE METAL DOOR SIGN 6,138
Regular Customers,HOT STUFF HOT WATER BOTTLE,138
Regular Customers,JUNGLE POPSICLES ICE LOLLY MOULDS,138
Regular Customers,PSYCHEDELIC TILE COASTER,138
Regular Customers,RETROSPOT RED WASHING UP GLOVES,138
Regular Customers,BISCUITS SMALL BOWL LIGHT BLUE,137
Regular Customers,CHRISTMAS LIGHTS 10 VINTAGE BAUBLES,137
Regular Customers,DECORATION  BUTTERFLY  MAGIC GARDEN,137
Regular Customers,EASTER TIN CHICKS PINK DAISY,137
Regular Customers,FAMILY ALBUM WHITE PICTURE FRAME,137
Regular Customers,IVORY SWEETHEART WIRE LETTER RACK ,137
Regular Customers,ROUND CONTAINER SET OF 5 RETROSPOT,137
Regular Customers,STRAWBERRY FAIRY CAKE TEAPOT,137
Regular Customers,BUNNY DECORATION MAGIC GARDEN,136
Regular Customers,BUTTON BOX ,136
Regular Customers,CHARLIE+LOLA PINK HOT WATER BOTTLE,136
Regular Customers,CHRISTMAS TREE DECORATION WITH BELL,136
Regular Customers,COLUMBIAN CANDLE RECTANGLE,136
Regular Customers,CREAM SWEETHEART EGG HOLDER,136
Regular Customers,DOORMAT FAIRY CAKE,136
Regular Customers,HEART MINI PORTRAIT FRAME,136
Regular Customers,PACK OF 12 STICKY BUNNIES,136
Regular Customers,PARTY INVITES SPACEMAN,136
Regular Customers,SET OF 4 ENGLISH ROSE PLACEMATS,136
Regular Customers,SET/6 FROG PRINCE T-LIGHT CANDLES,136
Regular Customers,CANDY SPOT EGG WARMER RABBIT,135
Regular Customers,MOUSE TOY WITH PINK T-SHIRT,135
Regular Customers,PAPER CHAIN KIT SKULLS ,135
Regular Customers,PINK LOVE HEART SHAPE CUP,135
Regular Customers,SMALL RED RETROSPOT MUG IN BOX ,135
Regular Customers,VANILLA SCENT CANDLE JEWELLED BOX,135
Regular Customers,4 WILDFLOWER BOTANICAL CANDLES,134
Regular Customers,FRENCH STYLE STORAGE JAR JAM,134
Regular Customers,JIGSAW RABBIT AND BIRDHOUSE,134
Regular Customers,OFFICE MUG WARMER POLKADOT,134
Regular Customers,RED GINGHAM TEDDY BEAR ,134
Regular Customers,T-LIGHT HOLDER SILVER PETIT FOUR ,134
Regular Customers,WALL ART STOP FOR TEA ,134
Regular Customers,BIRDHOUSE DECORATION MAGIC GARDEN,133
Regular Customers,LARGE CAKE TOWEL CHOCOLATE SPOTS,133
Regular Customers,LARGE IVORY HEART WALL ORGANISER,133
Regular Customers,MINI JIGSAW GO TO THE FAIR,133
Regular Customers,RETROSPOT CANDLE  MEDIUM,133
Regular Customers,WOODLAND DESIGN  COTTON TOTE BAG,133
Regular Customers,CARDHOLDER GINGHAM STAR,132
Regular Customers,FOOT STOOL HOME SWEET HOME ,132
Regular Customers,TV DINNER TRAY VINTAGE PAISLEY,132
Regular Customers,WHITE HEARTS WIRE PLANT POT HOLDER,132
Regular Customers,EASTER TIN BUNNY BOUQUET,131
Regular Customers,FRENCH BLUE METAL DOOR SIGN 9,131
Regular Customers,RETRO PLASTIC POLKA TRAY,131
Regular Customers,TRAVEL CARD WALLET RETRO PETALS,131
Regular Customers,UNION STRIPE CUSHION COVER ,131
Regular Customers,CHARLIE & LOLA WASTEPAPER BIN BLUE,129
Regular Customers,EMBROIDERED RIBBON REEL DAISY ,129
Regular Customers,FELT EGG COSY CHICKEN,129
Regular Customers,FOLK ART METAL STAR T-LIGHT HOLDER,129
Regular Customers,SWEETHEART BIRD HOUSE,129
Regular Customers,BLUE GIANT GARDEN THERMOMETER,128
Regular Customers,CLASSIC FRENCH STYLE BASKET NATURAL,128
Regular Customers,FRENCH BLUE METAL DOOR SIGN No,128
Regular Customers,PEACE WOODEN BLOCK LETTERS,128
Regular Customers,SET OF 6 KASHMIR FOLKART BAUBLES,128
Regular Customers,VINTAGE CREAM DOG FOOD CONTAINER,128
Regular Customers,WOODEN ADVENT CALENDAR RED,128
Regular Customers,TEA TIME KITCHEN APRON,127
Regular Customers,WALL ART ONLY ONE PERSON ,127
Regular Customers,"ACRYLIC JEWEL ICICLE, PINK",126
Regular Customers,BUTTERFLIES STICKERS,126
Regular Customers,CERAMIC PLATE STRAWBERRY DESIGN,126
Regular Customers,CHILDREN'S CIRCUS PARADE MUG,126
Regular Customers,DOORMAT VINTAGE LEAF,126
Regular Customers,EMBROIDERED RIBBON REEL REBECCA ,126
Regular Customers,FELT FARM ANIMAL RABBIT,126
Regular Customers,LARGE RED RETROSPOT WINDMILL,126
Regular Customers,LARGE ROUND WICKER PLATTER ,126
Regular Customers,SET/4 BIRD MIRROR MAGNETS ,126
Regular Customers,ASSORTED COLOUR LIZARD SUCTION HOOK,125
Regular Customers,DECORATION  PINK CHICK MAGIC GARDEN,125
Regular Customers,EASTER TIN KEEPSAKE,125
Regular Customers,PENCIL CASE LIFE IS BEAUTIFUL,125
Regular Customers,SET/3 CHRISTMAS DECOUPAGE CANDLES,125
Regular Customers,SMALL BONNE JAM JAR  T-LIGHT HOLDER,125
Regular Customers,TOYBOX  WRAP ,125
Regular Customers,EIGHT PIECE SNAKE  SET,124
Regular Customers,ENCHANTED BIRD COATHANGER 5 HOOK,124
Regular Customers,FELT TOADSTOOL LARGE,124
Regular Customers,FRENCH LATTICE CUSHION COVER ,124
Regular Customers,PAINTED YELLOW WOODEN DAISY,124
Regular Customers,PING MICROWAVE APRON,124
Regular Customers,SET OF 4 NAPKIN CHARMS STARS   ,124
Regular Customers,STORAGE TIN VINTAGE LEAF,124
Regular Customers,CHRISTMAS HANGING HEART WITH BELL,123
Regular Customers,MIRRORED WALL ART STARS,123
Regular Customers,PINK METAL CHICKEN HEART ,123
Regular Customers,"ACRYLIC HANGING JEWEL,BLUE",122
Regular Customers,DOORMAT 3 SMILEY CATS,122
Regular Customers,ICON MUG REVOLUTIONARY,122
Regular Customers,PAPER LANTERN 9 POINT SNOW STAR,122
Regular Customers,SNOWFLAKE PORTABLE TABLE LIGHT ,122
Regular Customers,"SWISS ROLL TOWEL, PINK  SPOTS",122
Regular Customers,ANGEL DECORATION PAINTED ZINC ,121
Regular Customers,CREAM SLICE FLANNEL PINK SPOT ,121
Regular Customers,SET/3 ROSE CANDLE IN JEWELLED BOX,121
Regular Customers,SKULLS SQUARE TISSUE BOX,121
Regular Customers,TOMATO CHARLIE+LOLA COASTER SET,121
Regular Customers,BAKING MOULD HEART WHITE CHOCOLATE,120
Regular Customers,BOTANICAL LILY GREETING CARD,120
Regular Customers,GLITTER HEART GARLAND WITH BELLS ,120
Regular Customers,GROW YOUR OWN PLANT IN A CAN ,120
Regular Customers,HANGING WOOD AND FELT HEART,120
Regular Customers,MAGIC TREE -PAPER FLOWERS,120
Regular Customers,MINT KITCHEN SCALES,120
Regular Customers,ORANGE VOTIVE CANDLE,120
Regular Customers,ROSE CARAVAN DOORSTOP,120
Regular Customers,WHITE BAMBOO RIBS LAMPSHADE,120
Regular Customers,CLASSIC BICYCLE CLIPS ,119
Regular Customers,FELTCRAFT BOY JEAN-PAUL KIT,119
Regular Customers,GREEN BIRDHOUSE DECORATION,119
Regular Customers,IVORY PILLAR CANDLE SILVER FLOCK,119
Regular Customers,PACK OF 6 HANDBAG GIFT BOXES,119
Regular Customers,WHITE GOOSE FEATHER TREE 60CM ,119
Regular Customers,BLACK CHRISTMAS TREE 120CM,118
Regular Customers,BLUE PAISLEY POCKET BOOK,118
Regular Customers,DOLLY GIRL MINI BACKPACK,118
Regular Customers,GLITTER CHRISTMAS HEART ,118
Regular Customers,SET OF 2 WOODEN MARKET CRATES,118
Regular Customers,UNION STRIPE WITH FRINGE  HAMMOCK,118
Regular Customers,BLUE/CREAM STRIPE CUSHION COVER ,117
Regular Customers,BUNNY WOODEN PAINTED WITH FLOWER ,117
Regular Customers,LARGE ANTIQUE WHITE PHOTO FRAME,117
Regular Customers,OFFICE MUG WARMER CHOC+BLUE,117
Regular Customers,RETRO PLASTIC 70'S TRAY,117
Regular Customers,CREAM WALL PLANTER HEART SHAPED,116
Regular Customers,OWL DOORSTOP,116
Regular Customers,PACK 6 HEART/ICE-CREAM PATCHES,116
Regular Customers,POTTING SHED TWINE,116
Regular Customers,VINTAGE UNION JACK MEMOBOARD,116
Regular Customers,ENAMEL COLANDER CREAM,115
Regular Customers,ILLUSTRATED CAT BOWL ,115
Regular Customers,ASSORTED TUTTI FRUTTI NOTEBOOK,114
Regular Customers,CARD HOLDER LOVE BIRD SMALL,114
Regular Customers,CHRISTMAS GINGHAM HEART,114
Regular Customers,DAISY GARDEN MARKER,114
Regular Customers,MORE BUTTER METAL SIGN ,114
Regular Customers,POCKET BAG BLUE PAISLEY RED SPOT,114
Regular Customers,SET OF 4 PISTACHIO LOVEBIRD COASTER,114
Regular Customers,SET/3 OCEAN SCENT CANDLE JEWEL BOX,114
Regular Customers,T-LIGHT HOLDER SILVER HEART HANDLE,114
Regular Customers,BLUE POLKADOT PASSPORT COVER,113
Regular Customers,CUTE CATS TAPE,113
Regular Customers,GARDENIA 3 WICK MORRIS BOXED CANDLE,113
Regular Customers,GROW YOUR OWN FLOWERS SET OF 3,113
Regular Customers,PAPERWEIGHT VINTAGE COLLAGE,113
Regular Customers,SNOWSTORM PHOTO FRAME FRIDGE MAGNET,113
Regular Customers,STRIPEY CHOCOLATE NESTING BOXES,113
Regular Customers,WHITE CANDYSTUFT ARTIFICIAL FLOWER,113
Regular Customers,FELT FARM ANIMAL HEN,112
Regular Customers,GUMBALL MAGAZINE RACK,112
Regular Customers,HANGING ENGRAVED METAL HEART,112
Regular Customers,OVERNIGHT BAG VINTAGE ROSE PAISLEY,112
Regular Customers,PARTY INVITES FOOTBALL,112
Regular Customers,PINK 3 PIECE POLKADOT CUTLERY SET,112
Regular Customers,SET OF 2 ROUND TINS CAMEMBERT ,112
Regular Customers,DRAWER KNOB VINTAGE GLASS HEXAGON,111
Regular Customers,GARDENIA 1 WICK MORRIS BOXED CANDLE,111
Regular Customers,"HOOK, 1 HANGER ,MAGIC GARDEN",111
Regular Customers,RECTANGULAR SHAPED MIRROR,111
Regular Customers,RED 3 PIECE RETROSPOT CUTLERY SET,111
Regular Customers,BAKING MOULD EASTER EGG WHITE CHOC,110
Regular Customers,BOTTLE BAG RETROSPOT ,110
Regular Customers,FROSTED WHITE BASE ,110
Regular Customers,GARDEN PATH JOURNAL,110
Regular Customers,KINGS CHOICE GIANT TUBE MATCHES,110
Regular Customers,RECYCLED ACAPULCO MAT TURQUOISE,110
Regular Customers,WOODLAND SMALL PINK FELT HEART,110
Regular Customers,BOOM BOX SPEAKER BOYS,109
Regular Customers,SEASIDE FLYING DISC,109
Regular Customers,TOAST ITS - I LOVE YOU ,109
Regular Customers,WOODLAND SMALL BLUE FELT HEART,109
Regular Customers,PAISLEY PARK CARD,108
Regular Customers,RED RETROSPOT ROUND CAKE TINS,108
Regular Customers,VINTAGE JINGLE BELLS HEART,108
Regular Customers,5 HOOK HANGER RED MAGIC TOADSTOOL,107
Regular Customers,BEADED PEARL HEART WHITE ON STICK,107
Regular Customers,ENGLISH ROSE SCENTED HANGING FLOWER,107
Regular Customers,MEASURING TAPE BABUSHKA PINK,107
Regular Customers,PARTY INVITES BALLOON GIRL,107
Regular Customers,RED RETROSPOT TEA CUP AND SAUCER ,107
Regular Customers,PINK  HEART SHAPE LOVE BUCKET ,106
Regular Customers,SILK PURSE BABUSHKA PINK,106
Regular Customers,STORAGE TIN HOME SWEET HOME,106
Regular Customers,STRAWBERRY HONEYCOMB  GARLAND ,106
Regular Customers,CARROT CHARLIE+LOLA COASTER SET,105
Regular Customers,COFFEE MUG BLUE PAISLEY DESIGN,105
Regular Customers,PARISIENNE CURIO CABINET,105
Regular Customers,SET OF 4 BLACK LOVEBIRD COASTERS,105
Regular Customers,SKULLS TAPE,105
Regular Customers,BLOSSOM  IMAGES NOTEBOOK SET,104
Regular Customers,BLUE OWL SOFT TOY,104
Regular Customers,FRENCH LAUNDRY SIGN BLUE METAL,104
Regular Customers,MAGAZINE RACK GEBRA ASSORTED ,104
Regular Customers,PARTY PIZZA DISH PINK POLKADOT,104
Regular Customers,SMOKEY GREY COLOUR GLASS,104
Regular Customers,TREE T-LIGHT HOLDER WILLIE WINKIE,104
Regular Customers,UNION JACK FLAG PASSPORT COVER ,104
Regular Customers,WALL TIDY RETROSPOT ,104
Regular Customers,GLASS CHALICE GREEN  LARGE ,103
Regular Customers,HEART BEADED TRELLIS DECORATION,103
Regular Customers,ROUND CAKE TIN VINTAGE GREEN,103
Regular Customers,SET OF 36 DOILIES SPACEBOY DESIGN ,103
Regular Customers,BLUE FLOCK GLASS CANDLEHOLDER,102
Regular Customers,DOORMAT MERRY CHRISTMAS RED ,102
Regular Customers,DRAWER KNOB VINTAGE GLASS STAR,102
Regular Customers,PARLOUR CERAMIC WALL HOOK,102
Regular Customers,SET OF 4 NAPKIN CHARMS LEAVES   ,102
Regular Customers,"ART LIGHTS,FUNK MONKEY",101
Regular Customers,BOX OF 6 ASSORTED COLOUR TEASPOONS,101
Regular Customers,DOORMAT BLACK FLOCK ,101
Regular Customers,ENGLISH ROSE SMALL SCENTED FLOWER,101
Regular Customers,OCEAN SCENT CANDLE IN JEWELLED BOX,101
Regular Customers,WHITE GOOSE FEATHER CHRISTMAS TREE ,101
Regular Customers,ENAMEL PINK TEA CONTAINER,100
Regular Customers,HANGING METAL RABBIT DECORATION,100
Regular Customers,JUMBO BAG CHARLIE AND LOLA TOYS,100
Regular Customers,LARGE STRIPES CHOCOLATE GIFT BAG,100
Regular Customers,RED/CREAM STRIPE CUSHION COVER ,100
Regular Customers,SET OF 2 TRAYS HOME SWEET HOME,100
Regular Customers,SWEETHEART 3 TIER CAKE STAND ,100
Regular Customers,WELCOME  WOODEN BLOCK LETTERS,100
Regular Customers,WRAP CAROUSEL,100
Regular Customers,ABSTRACT CIRCLES POCKET BOOK,99
Regular Customers,BLUE POT PLANT CANDLE ,99
Regular Customers,CERAMIC BOWL WITH LOVE HEART DESIGN,99
Regular Customers,COTTON APRON PANTRY DESIGN,99
Regular Customers,HENRIETTA HEN MUG ,99
Regular Customers,METAL SIGN CUPCAKE SINGLE HOOK,99
Regular Customers,MINT DINER WALL CLOCK,99
Regular Customers,PHOTO FRAME LINEN AND LACE SMALL,99
Regular Customers,PINK UNION JACK  LUGGAGE TAG,99
Regular Customers,WHITE CHRISTMAS GARLAND STARS TREES,99
Regular Customers,CAKE STAND WHITE TWO TIER LACE,98
Regular Customers,CHARLIE+LOLA MY ROOM DOOR SIGN,98
Regular Customers,DOORMAT AIRMAIL ,98
Regular Customers,HOME SWEET HOME 2 DRAWER CABINET,98
Regular Customers,HOME SWEET HOME HOOK,98
Regular Customers,KINGS CHOICE TEA CADDY ,98
Regular Customers,LETTER HOLDER HOME SWEET HOME,98
Regular Customers,RECYCLED ACAPULCO MAT GREEN,98
Regular Customers,SET/6 GREEN SPRING PAPER CUPS,98
Regular Customers,TEA COSY RED  STRIPE,98
Regular Customers,BISCUIT TIN VINTAGE RED,97
Regular Customers,CREAM SLICE FLANNEL CHOCOLATE SPOT ,97
Regular Customers,DECORATIVE FLORE BATHROOM BOTTLE,97
Regular Customers,DOORMAT UNION JACK GUNS AND ROSES,97
Regular Customers,FRENCH ENAMEL POT W LID,97
Regular Customers,HEN PARTY CORDON BARRIER TAPE,97
Regular Customers,WALL ART BICYCLE SAFETY,97
Regular Customers,WOODLAND BUNNIES LOLLY MAKERS,97
Regular Customers, SPACEBOY BABY GIFT SET,96
Regular Customers,CAKE STAND VICTORIAN FILIGREE SMALL,96
Regular Customers,EMBROIDERED RIBBON REEL RACHEL ,96
Regular Customers,JASMINE VOTIVE CANDLE,96
Regular Customers,LAVENDER SCENT CAKE CANDLE,96
Regular Customers,PINK DINER WALL CLOCK,96
Regular Customers,ROUND STORAGE TIN VINTAGE LEAF,96
Regular Customers,SET OF 2 ROUND TINS DUTCH CHEESE,96
Regular Customers,SET/6 BEAD COASTERS GAUZE BAG GOLD,96
Regular Customers,VICTORIAN SEWING BOX MEDIUM,96
Regular Customers,VINTAGE CREAM CAT FOOD CONTAINER,96
Regular Customers,EDWARDIAN PARASOL PINK,95
Regular Customers,GLASS JAR DAISY FRESH COTTON WOOL,95
Regular Customers,PICNIC BASKET WICKER LARGE,95
Regular Customers,URBAN BLACK RIBBONS ,95
Regular Customers,ALPHABET HEARTS STICKER SHEET,94
Regular Customers,ASSORTED TUTTI FRUTTI HEART BOX,94
Regular Customers,CAKE STAND LOVEBIRD 2 TIER WHITE,94
Regular Customers,CHERRY BLOSSOM  DECORATIVE FLASK,94
Regular Customers,CHILDS GARDEN TROWEL BLUE ,94
Regular Customers,CHILDS GARDEN TROWEL PINK,94
Regular Customers,IF YOU CAN'T STAND THE HEAT MUG,94
Regular Customers,MEDIUM MEDINA STAMPED METAL BOWL ,94
Regular Customers,MINI LADLE LOVE HEART RED ,94
Regular Customers,ORANGE SCENTED SET/9 T-LIGHTS,94
Regular Customers,SET3 BOOK BOX GREEN GINGHAM FLOWER ,94
Regular Customers,EMBROIDERED RIBBON REEL ROSIE,93
Regular Customers,IVORY GIANT GARDEN THERMOMETER,93
Regular Customers,PHOTO FRAME LINEN AND LACE LARGE,93
Regular Customers,REGENCY CAKE SLICE,93
Regular Customers,BLUE 3 PIECE POLKADOT CUTLERY SET,92
Regular Customers,CARDHOLDER GINGHAM CHRISTMAS TREE,92
Regular Customers,CHOCOLATE 1 WICK MORRIS BOX CANDLE,92
Regular Customers,FIVE HEART HANGING DECORATION,92
Regular Customers,GLASS STAR FROSTED T-LIGHT HOLDER,92
Regular Customers,JAM CLOCK MAGNET,92
Regular Customers,MEASURING TAPE BABUSHKA BLUE,92
Regular Customers,METAL SIGN HER DINNER IS SERVED ,92
Regular Customers,METAL SIGN NEIGHBOURHOOD WITCH ,92
Regular Customers,PAPER CHAIN KIT LONDON,92
Regular Customers,RECYCLED ACAPULCO MAT BLUE,92
Regular Customers,SET OF 4 NAPKIN CHARMS CROWNS ,92
Regular Customers,VINTAGE SEASIDE JIGSAW PUZZLES,92
Regular Customers,AIRLINE BAG VINTAGE JET SET RED,91
Regular Customers,BLUE PAPER PARASOL ,91
Regular Customers,CAT BOWL VINTAGE CREAM,91
Regular Customers,CLASSIC FRENCH STYLE BASKET BROWN,91
Regular Customers,COFFEE MUG PINK PAISLEY DESIGN,91
Regular Customers,FELT EGG COSY BLUE RABBIT ,91
Regular Customers,GROOVY CACTUS INFLATABLE,91
Regular Customers,MAKE YOUR OWN PLAYTIME CARD KIT,91
Regular Customers,MONEY BOX KINGS CHOICE DESIGN,91
Regular Customers,RUSTIC STRAWBERRY JAM POT SMALL,91
Regular Customers,STRAWBERRY RAFFIA FOOD COVER,91
Regular Customers,CUPID DESIGN SCENTED CANDLES,90
Regular Customers,DOLLY GIRL BABY GIFT SET,90
Regular Customers,SMALL SKULL WINDMILL,90
Regular Customers,VINTAGE CREAM 3 BASKET CAKE STAND,90
Regular Customers,WALL ART BIG LOVE ,90
Regular Customers,HANGING PHOTO CLIP ROPE LADDER,89
Regular Customers,TOY TIDY DOLLY GIRL DESIGN,89
Regular Customers,ZINC SWEETHEART WIRE LETTER RACK,89
Regular Customers,DRAWER KNOB VINTAGE GLASS BALL,88
Regular Customers,GOLD FABRIC MIRROR,88
Regular Customers,MULTICOLOUR HONEYCOMB PAPER GARLAND,88
Regular Customers,POMPOM CURTAIN,88
Regular Customers,ROUND PURPLE CLOCK WITH SUCKER,88
Regular Customers,ASSORTED TUTTI FRUTTI SMALL PURSE,87
Regular Customers,DAIRY MAID LARGE MILK JUG,87
Regular Customers,EGG CUP MILKMAID HELGA ,87
Regular Customers,GREEN METAL BOX ARMY SUPPLIES,87
Regular Customers,MAGIC GARDEN FELT GARLAND ,87
Regular Customers,T-LIGHT HOLDER WHITE LACE,87
Regular Customers,6 EGG HOUSE PAINTED WOOD,86
Regular Customers,75 GREEN PETIT FOUR CASES,86
Regular Customers,DOGGY RUBBER,86
Regular Customers,DOORMAT TOPIARY,86
Regular Customers,DRAWER KNOB CERAMIC RED,86
Regular Customers,FLOWER VINE RAFFIA FOOD COVER,86
Regular Customers,GOLD PHOTO FRAME,86
Regular Customers,RETROSPOT CANDLE  SMALL,86
Regular Customers,HOT WATER BOTTLE BABUSHKA ,85
Regular Customers,JUMBO BAG SCANDINAVIAN PAISLEY,85
Regular Customers,LARGE PINK GLASS SUNDAE DISH,85
Regular Customers,LIGHT GARLAND BUTTERFILES PINK,85
Regular Customers,PINK STOCKING CHRISTMAS DECORATION,85
Regular Customers,S/12 MINI RABBIT EASTER,85
Regular Customers,SET OF 6 HEART CHOPSTICKS,85
Regular Customers,SET OF 6 T-LIGHTS EASTER CHICKS,85
Regular Customers,SET/6 EAU DE NIL BIRD T-LIGHTS,85
Regular Customers,YELLOW METAL CHICKEN HEART ,85
Regular Customers, I LOVE LONDON MINI BACKPACK,84
Regular Customers,BOOZE & WOMEN GREETING CARD ,84
Regular Customers,BOTANICAL LAVENDER BIRTHDAY CARD,84
Regular Customers,CANDLE HOLDER SILVER MADELINE,84
Regular Customers,DANISH ROSE DELUXE COASTER,84
Regular Customers,EASTER DECORATION SITTING BUNNY,84
Regular Customers,ORIGAMI SANDLEWOOD INCENSE/CAND SET,84
Regular Customers,SMALL WHITE RETROSPOT MUG IN BOX ,84
Regular Customers,BLUE PAISLEY JOURNAL ,83
Regular Customers,BLUE POLKADOT LUGGAGE TAG ,83
Regular Customers,GARLAND WITH STARS AND BELLS,83
Regular Customers,GOLD MINI TAPE MEASURE ,83
Regular Customers,GREEN METAL SWINGING BUNNY,83
Regular Customers,PANTRY HOOK BALLOON WHISK ,83
Regular Customers,PINK STITCHED WALL CLOCK,83
Regular Customers,VINTAGE CHRISTMAS TABLECLOTH,83
Regular Customers,VINTAGE UNION JACK APRON,83
Regular Customers,WHITE BELL HONEYCOMB PAPER ,83
Regular Customers,ASSORTED TUTTI FRUTTI MIRROR,82
Regular Customers,BABY BOOM RIBBONS ,82
Regular Customers,I LOVE LONDON BEAKER,82
Regular Customers,MULTI HEARTS  STICKERS,82
Regular Customers,PARISIENNE SEWING BOX,82
Regular Customers,PEARLISED IVORY HEART LARGE ,82
Regular Customers,RED FLOWER CROCHET FOOD COVER,82
Regular Customers,BRIGHT BLUES RIBBONS ,81
Regular Customers,GREEN FERN JOURNAL ,81
Regular Customers,HEART CALCULATOR,81
Regular Customers,ASSORTED MONKEY SUCTION CUP HOOK,80
Regular Customers,EAU DE NILE HEART SHAPE PHOTO FRAME,80
Regular Customers,FRYING PAN UNION FLAG,80
Regular Customers,BAKING MOULD EASTER EGG MILK CHOC,79
Regular Customers,CARD HOLDER LOVE BIRD LARGE ,79
Regular Customers,HAND OPEN SHAPE DECO.WHITE,79
Regular Customers,HANGING BAUBLE T-LIGHT HOLDER SMALL,79
Regular Customers,PINK PAPER PARASOL ,79
Regular Customers,S/12 VANILLA  BOTANICAL T-LIGHTS,79
Regular Customers,SET OF 2 TINS JARDIN DE PROVENCE,79
Regular Customers,BLUE CALCULATOR RULER,78
Regular Customers,BLUE ROSE FABRIC MIRROR,78
Regular Customers,BLUE SCOTTIE DOG W FLOWER PATTERN,78
Regular Customers,BLUE TEA TOWEL CLASSIC DESIGN,78
Regular Customers,CAKE STAND 3 TIER MAGIC GARDEN,78
Regular Customers,GLITTER STAR GARLAND WITH BELLS ,78
Regular Customers,PINK NEW BAROQUECANDLESTICK CANDLE,78
Regular Customers,PINK/PURPLE RETRO RADIO,78
Regular Customers,SET/12 TAPER CANDLES,78
Regular Customers,SMALL SILVER TRELLIS CANDLEPOT,78
Regular Customers,STOOL HOME SWEET HOME ,78
Regular Customers,12 RED ROSE PEG PLACE SETTINGS,77
Regular Customers,ANTIQUE GLASS HEART DECORATION ,77
Regular Customers,BLACK SQUARE TABLE CLOCK,77
Regular Customers,BOTANICAL GARDENS WALL CLOCK ,77
Regular Customers,CLASSIC FRENCH STYLE BASKET GREEN ,77
Regular Customers,COLUMBIAN CANDLE ROUND,77
Regular Customers,GLASS CHALICE BLUE SMALL ,77
Regular Customers,IVORY ENCHANTED FOREST PLACEMAT,77
Regular Customers,OVAL  MINI PORTRAIT FRAME,77
Regular Customers,SET OF 3 PANTRY WOODEN SPOONS,77
Regular Customers,BLACK AND WHITE DOG BOWL,76
Regular Customers,BLUE VICTORIAN FABRIC OVAL BOX,76
Regular Customers,"DECORATION , WOBBLY RABBIT , METAL ",76
Regular Customers,KINGS CHOICE BISCUIT TIN,76
Regular Customers,MINI  ZINC GARDEN DECORATIONS ,76
Regular Customers,PAINTED PINK RABBIT ,76
Regular Customers,PARTY PIZZA DISH BLUE POLKADOT,76
Regular Customers,WALL ART CLASSIC PUDDINGS ,76
Regular Customers,4 ROSE PINK DINNER CANDLES,75
Regular Customers,DRAGONS BLOOD INCENSE,75
Regular Customers,LOVE POTION MASALA INCENSE,75
Regular Customers,"NURSERY A,B,C PAINTED LETTERS",75
Regular Customers,SET OF 6 T-LIGHTS CACTI ,75
Regular Customers,STRAWBERRIES  DESIGN FLANNEL ,75
Regular Customers,TEA TIME TEAPOT IN GIFT BOX,75
Regular Customers,TRANQUILITY MASALA INCENSE,75
Regular Customers,WRAP FOLK ART,75
Regular Customers,YELLOW GIANT GARDEN THERMOMETER,75
Regular Customers,BLUE BIRDHOUSE DECORATION,74
Regular Customers,CERAMIC CAKE BOWL + HANGING CAKES,74
Regular Customers,LOCAL CAFE MUG,74
Regular Customers,MINI LADLE LOVE HEART PINK,74
Regular Customers,SET/4 BADGES BALLOON GIRL,74
Regular Customers,WASH BAG VINTAGE ROSE PAISLEY,74
Regular Customers,3 TIER CAKE TIN RED AND CREAM,73
Regular Customers,CUBIC MUG FLOCK BLUE ON BROWN,73
Regular Customers,GLASS  SONGBIRD STORAGE JAR,73
Regular Customers,JOY WOODEN BLOCK LETTERS,73
Regular Customers,OFFICE MUG WARMER PINK,73
Regular Customers,SET/4 BADGES BEETLES,73
Regular Customers,TEA FOR ONE POLKADOT,73
Regular Customers,EMPIRE UNION JACK TV DINNER TRAY,72
Regular Customers,GLASS JAR DIGESTIVE BISCUITS,72
Regular Customers,GREEN HEART COMPACT MIRROR,72
Regular Customers,PINK HANGING HEART T-LIGHT HOLDER,72
Regular Customers,STRAWBRY SCENTED VOTIVE CANDLE,72
Regular Customers,WOODEN SKITTLES GARDEN SET,72
Regular Customers,COSMETIC BAG VINTAGE ROSE PAISLEY,71
Regular Customers,FAIRY CAKE DESIGN UMBRELLA,71
Regular Customers,GLASS JAR PEACOCK BATH SALTS,71
Regular Customers,PANTRY 3 HOOK ROLLING PIN HANGER,71
Regular Customers,RED ENCHANTED FOREST PLACEMAT,71
Regular Customers,SET OF 4 FAIRY CAKE PLACEMATS ,71
Regular Customers,SET OF 6 T-LIGHTS WEDDING CAKE ,71
Regular Customers,200 RED + WHITE BENDY STRAWS,70
Regular Customers,BREAD BIN DINER STYLE RED ,70
Regular Customers,MIRROR MOSAIC VOTIVE HOLDER,70
Regular Customers,PINK HEART SHAPE PHOTO FRAME,70
Regular Customers,RED RETROSPOT OVEN GLOVE DOUBLE,70
Regular Customers,SET 4 VALENTINE DECOUPAGE HEART BOX,70
Regular Customers,SET/4 WHITE RETRO STORAGE CUBES ,70
Regular Customers,"ACRYLIC HANGING JEWEL,PINK",69
Regular Customers,ASS FLORAL PRINT SPIRIT LEVEL ,69
Regular Customers,BABUSHKA LIGHTS STRING OF 10,69
Regular Customers,FRENCH ENAMEL WATER BASIN,69
Regular Customers,LARGE CAKE STAND  HANGING STRAWBERY,69
Regular Customers,LETS GO SHOPPING COTTON TOTE BAG,69
Regular Customers,RECYCLED ACAPULCO MAT RED,69
Regular Customers,RED RETROSPOT PURSE ,69
Regular Customers,ASS COLOUR GLOWING TIARAS,68
Regular Customers,BIRDS MOBILE VINTAGE DESIGN,68
Regular Customers,BLUE FELT EASTER EGG BASKET,68
Regular Customers,BROWN CHECK CAT DOORSTOP ,68
Regular Customers,GLASS BONNE JAM JAR,68
Regular Customers,MIRRORED DISCO BALL ,68
Regular Customers,RED HEARTS LIGHT CHAIN ,68
Regular Customers,"AIRLINE LOUNGE,METAL SIGN",67
Regular Customers,BAKING MOULD ROSE MILK CHOCOLATE,67
Regular Customers,BLACK STITCHED WALL CLOCK,67
Regular Customers,BLUE NEW BAROQUE CANDLESTICK CANDLE,67
Regular Customers,CLOCK MAGNET MUM'S KITCHEN,67
Regular Customers,EMBROIDERED RIBBON REEL SOPHIE  ,67
Regular Customers,GLASS  BEURRE DISH,67
Regular Customers,GREEN 3 PIECE POLKADOT CUTLERY SET,67
Regular Customers,MILK MAIDS MUG ,67
Regular Customers,PACK 20 ENGLISH ROSE PAPER NAPKINS,67
Regular Customers,PACK OF 6 PANETTONE GIFT BOXES,67
Regular Customers,SET/4 BADGES CUTE CREATURES,67
Regular Customers,SKULLS DESIGN FLANNEL,67
Regular Customers,THREE MINI HANGING FRAMES,67
Regular Customers,WHITE SQUARE TABLE CLOCK,67
Regular Customers,WHITE STITCHED WALL CLOCK,67
Regular Customers,CAMPHOR WOOD PORTOBELLO MUSHROOM,66
Regular Customers,FLOWERS  STICKERS,66
Regular Customers,GLOW IN DARK DOLPHINS,66
Regular Customers,NOVELTY BISCUITS CAKE STAND 3 TIER,66
Regular Customers,ORIGAMI JASMINE INCENSE/CANDLE SET,66
Regular Customers,PINK FLOWER CROCHET FOOD COVER,66
Regular Customers,SET OF 4 NAPKIN CHARMS 3 KEYS ,66
Regular Customers,VINTAGE UNION JACK CUSHION COVER,66
Regular Customers,VINTAGE UNION JACK DOORSTOP,66
Regular Customers,WOODLAND  STICKERS,66
Regular Customers,CHILDRENS GARDEN GLOVES BLUE,65
Regular Customers,CHOCOLATE 3 WICK MORRIS BOX CANDLE,65
Regular Customers,DOG BOWL VINTAGE CREAM,65
Regular Customers,MONEY BOX HOUSEKEEPING DESIGN,65
Regular Customers,SET OF 6 CAKE CHOPSTICKS,65
Regular Customers,WOODEN REGATTA BUNTING,65
Regular Customers,ANTIQUE GLASS PLACE SETTING,64
Regular Customers,INFLATABLE POLITICAL GLOBE ,64
Regular Customers,MULTICOLOUR RABBIT EGG WARMER,64
Regular Customers,PHARMACIE FIRST AID TIN,64
Regular Customers,ROSE SCENT CANDLE JEWELLED DRAWER,64
Regular Customers,STOP FOR TEA WALL ART,64
Regular Customers,SWEETHEART WIRE FRUIT BOWL,64
Regular Customers,WHITE BELL HONEYCOMB PAPER GARLAND ,64
Regular Customers,ASSORTED COLOUR METAL CAT ,63
Regular Customers,CABIN BAG VINTAGE RETROSPOT,63
Regular Customers,MIRRORED WALL ART POPPIES,63
Regular Customers,MONEY BOX CONFECTIONERY DESIGN,63
Regular Customers,POCKET BAG PINK PAISELY BROWN SPOT,63
Regular Customers,ROSE FOLKART HEART DECORATIONS,63
Regular Customers,SKULLS  DESIGN  COTTON TOTE BAG,63
Regular Customers,SWEETHEART WIRE MAGAZINE RACK,63
Regular Customers,TOAST ITS - BEST MUM,63
Regular Customers,AIRLINE BAG VINTAGE WORLD CHAMPION ,62
Regular Customers,BICYCLE SAFTEY WALL ART,62
Regular Customers,"BLACK TEA,COFFEE,SUGAR JARS",62
Regular Customers,BOX OF 9 PEBBLE CANDLES,62
Regular Customers,FRENCH PAISLEY CUSHION COVER,62
Regular Customers,GARLAND WITH HEARTS AND BELLS,62
Regular Customers,MOCK LOBSTER FRIDGE MAGNET,62
Regular Customers,PARTY PIZZA DISH GREEN POLKADOT,62
Regular Customers,PIN CUSHION BABUSHKA RED,62
Regular Customers,POLKA DOT RAFFIA FOOD COVER,62
Regular Customers,RECYCLED ACAPULCO MAT PINK,62
Regular Customers,12 DAISY PEGS IN WOOD BOX,61
Regular Customers,ABSTRACT CIRCLE JOURNAL ,61
Regular Customers,BLUE COAT RACK PARIS FASHION,61
Regular Customers,GREEN BITTY LIGHT CHAIN,61
Regular Customers,RED RETROSPOT SHOPPING BAG,61
Regular Customers,RETROSPOT LAMP,61
Regular Customers,ROSE SCENT CANDLE IN JEWELLED BOX,61
Regular Customers,SQUARE MINI PORTRAIT FRAME,61
Regular Customers,BLACK AND WHITE CAT BOWL,60
Regular Customers,BLACK KITCHEN SCALES,60
Regular Customers,CHRYSANTHEMUM NOTEBOOK,60
Regular Customers,DINOSAUR HEIGHT CHART STICKER SET,60
Regular Customers,ENAMEL FIRE BUCKET CREAM,60
Regular Customers,"GREETING CARD,SQUARE, DOUGHNUTS",60
Regular Customers,HEART T-LIGHT HOLDER,60
Regular Customers,"LETTER ""Y"" BLING KEY RING",60
Regular Customers,PARTY CONES CARNIVAL ASSORTED,60
Regular Customers,PINK MONTE CARLO HANDBAG,60
Regular Customers,RED RETROSPOT APRON ,60
Regular Customers,ZINC BOX SIGN HOME,60
Regular Customers,COLUMBIAN CANDLE ROUND ,59
Regular Customers,DOG TOY WITH PINK CROCHET SKIRT,59
Regular Customers,FLOWERS CHANDELIER T-LIGHT HOLDER,59
Regular Customers,GIN AND TONIC DIET METAL SIGN,59
Regular Customers,PURPLE PAPER PARASOL,59
Regular Customers,RED RETROSPOT PUDDING BOWL,59
Regular Customers,SET 10 NIGHT OWL LIGHTS,59
Regular Customers,SET/6 PINK BIRD T-LIGHT CANDLES,59
Regular Customers,SEWING BOX RETROSPOT DESIGN ,59
Regular Customers,3 TIER CAKE TIN GREEN AND CREAM,58
Regular Customers,BLUE POLKADOT WASHING UP GLOVES,58
Regular Customers,COCKLE SHELL DISH,58
Regular Customers,EAU DE NILE JEWELLED T-LIGHT HOLDER,58
Regular Customers,FELT FARM ANIMAL SHEEP,58
Regular Customers,HEART MIRROR ANTIQUE WHITE,58
Regular Customers,MONEY BOX BISCUITS DESIGN,58
Regular Customers,RED KUKUI COCONUT SEED NECKLACE,58
Regular Customers,SET OF 4 DIAMOND NAPKIN RINGS,58
Regular Customers,SILVER PLATE CANDLE BOWL SMALL,58
Regular Customers,TOAST ITS - FAIRY FLOWER,58
Regular Customers,BLUE HEART COMPACT MIRROR,57
Regular Customers,CHILDS GARDEN SPADE BLUE,57
Regular Customers,FELT FARM ANIMAL CHICKEN,57
Regular Customers,MOBILE VINTAGE HEARTS ,57
Regular Customers,SHELF WITH 4 HOOKS HOME SWEET HOME,57
Regular Customers,SILK PURSE BABUSHKA RED,57
Regular Customers,SPACE OWL,57
Regular Customers,TOADSTOOL BEDSIDE LIGHT ,57
Regular Customers,VINTAGE NOTEBOOK PARIS DAYS,57
Regular Customers,WALL ART KEEP CALM ,57
Regular Customers,CHERRY BLOSSOM PASSPORT COVER,56
Regular Customers,CHILDS GARDEN BRUSH PINK,56
Regular Customers,EASTER DECORATION NATURAL CHICK,56
Regular Customers,FRYING PAN RED RETROSPOT,56
Regular Customers,LARGE WHITE/PINK ROSE ART FLOWER,56
Regular Customers,MONEY BOX POCKET MONEY DESIGN,56
Regular Customers,PACK 3 IRON ON DOG PATCHES,56
Regular Customers,ROUND BLUE CLOCK WITH SUCKER,56
Regular Customers,RUSTIC MIRROR WITH LACE HEART,56
Regular Customers,SMALL TALL CAMPHOR WOOD TOADSTOOL,56
Regular Customers,ANT WHITE WIRE HEART SPIRAL,55
Regular Customers,CLAM SHELL SMALL ,55
Regular Customers,DOLLY MIXTURE CHILDREN'S UMBRELLA,55
Regular Customers,EGG CUP HENRIETTA HEN PINK,55
Regular Customers,EGG FRYING PAN RED ,55
Regular Customers,FAN BLACK FRAME ,55
Regular Customers,FOLDING UMBRELLA RED/WHITE POLKADOT,55
Regular Customers,GREEN GOOSE FEATHER TREE 60CM,55
Regular Customers,MIRRORED WALL ART SPLODGES,55
Regular Customers,PINK SQUARE TABLE CLOCK,55
Regular Customers,SALLE DE BAIN HOOK,55
Regular Customers,SILVER DISCO HANDBAG,55
Regular Customers,SPOTTY PINK DUCK DOORSTOP,55
Regular Customers,STRING OF STARS CARD HOLDER,55
Regular Customers, TRELLIS COAT RACK,54
Regular Customers,GLASS JAR KINGS CHOICE,54
Regular Customers,HOME SWEET HOME KEY HOLDER,54
Regular Customers,PAPER LANTERN 5 POINT STAR MOON ,54
Regular Customers,PINK UNION JACK  PASSPORT COVER ,54
Regular Customers,RECYCLED ACAPULCO MAT LAVENDER,54
Regular Customers,RED REFECTORY CLOCK ,54
Regular Customers,RUSTIC STRAWBERRY JAM POT LARGE ,54
Regular Customers,SMOKEY GREY COLOUR D.O.F. GLASS,54
Regular Customers,TOOL BOX SOFT TOY ,54
Regular Customers,WALL ART VILLAGE SHOW ,54
Regular Customers,BLACK CANDELABRA T-LIGHT HOLDER,53
Regular Customers,BLACK LOVE BIRD CANDLE,53
Regular Customers,CANDY SPOT HAND BAG,53
Regular Customers,LARGE MEDINA STAMPED METAL BOWL ,53
Regular Customers,PAPER LANTERN 9 POINT SNOW STAR ,53
Regular Customers,PAPERWEIGHT SAVE THE PLANET,53
Regular Customers,PINK AND WHITE CHRISTMAS TREE 120CM,53
Regular Customers,ROSE COTTAGE KEEPSAKE BOX ,53
Regular Customers,S/4 BLACK MINI ROSE CANDLE IN BOWL,53
Regular Customers,SET OF SKULL WALL STICKERS,53
Regular Customers,SUMMER DAISIES BAG CHARM,53
Regular Customers,WALL ART DOG LICENCE ,53
Regular Customers,WOODLAND LARGE RED FELT HEART,53
Regular Customers,CHILDS GARDEN BRUSH BLUE,52
Regular Customers,DOG LICENCE WALL ART,52
Regular Customers,EASTER TIN BUCKET,52
Regular Customers,EGG FRYING PAN PINK ,52
Regular Customers,FANNY'S REST STOPMETAL SIGN,52
Regular Customers,HOT BATHS SOAP HOLDER,52
Regular Customers,MR ROBOT SOFT TOY,52
Regular Customers,SILVER VANILLA  FLOWER CANDLE POT,52
Regular Customers,3D SHEET OF CAT STICKERS,51
Regular Customers,BLUE DELPHINIUM ARTIFICIAL FLOWER,51
Regular Customers,"CHRISTMAS GARLAND STARS,TREES",51
Regular Customers,COSY HOUR GIANT TUBE MATCHES,51
Regular Customers,CREAM DELPHINIUM ARTIFICIAL FLOWER,51
Regular Customers,EDWARDIAN HEART PHOTO FRAME,51
Regular Customers,GREY FLORAL FELTCRAFT SHOULDER BAG,51
Regular Customers,KEY CABINET MA CAMPAGNE,51
Regular Customers,MULTICOLOUR  CONFETTI IN TUBE,51
Regular Customers,PAPER LANTERN 7 POINT SNOW STAR,51
Regular Customers,SAVOY ART DECO CLOCK,51
Regular Customers,SET OF 4 NAPKIN CHARMS INSTRUMENT,51
Regular Customers,3D SHEET OF DOG STICKERS,50
Regular Customers,BEADED CRYSTAL HEART BLUE SMALL,50
Regular Customers,BOTANICAL LILY GIFT WRAP,50
Regular Customers,CALENDAR IN SEASON DESIGN,50
Regular Customers,COFFEE SCENT PILLAR CANDLE,50
Regular Customers,EMPIRE DESIGN ROSETTE,50
Regular Customers,GARDEN PATH SKETCHBOOK,50
Regular Customers,"GARLAND, VINTAGE BELLS",50
Regular Customers,IVORY PILLAR CANDLE GOLD FLOCK,50
Regular Customers,KEEP CALM BIRTHDAY WRAP,50
Regular Customers,LARGE BONNE JAM JAR  T-LIGHT HOLDER,50
Regular Customers,LARGE DECO JEWELLERY STAND,50
Regular Customers,LAVENDER INCENSE 40 CONES IN TIN,50
Regular Customers,LE GRAND TRAY CHIC SET,50
Regular Customers,MILK PAN RED RETROSPOT,50
Regular Customers,PAPERWEIGHT VINTAGE PAISLEY,50
Regular Customers,PICNIC BOXES SET OF 3 RETROSPOT ,50
Regular Customers,PINK CANDYSTUFT ARTIFICIAL FLOWER,50
Regular Customers,RED HEART LUGGAGE TAG,50
Regular Customers,RETROSPOT PADDED SEAT CUSHION,50
Regular Customers,SILK PURSE BABUSHKA BLUE,50
Regular Customers,SILVER T-LIGHT SETTING,50
Regular Customers,TABLECLOTH RED APPLES DESIGN ,50
Regular Customers,WRAP RED DOILEY,50
Regular Customers,BISCUIT TIN VINTAGE GREEN,49
Regular Customers,"GREETING CARD, STICKY GORDON",49
Regular Customers,KITTENS DESIGN FLANNEL,49
Regular Customers,MIRRORED WALL ART SKULLS,49
Regular Customers,MULTICOLOUR 3D BALLS GARLAND,49
Regular Customers,PAPERWEIGHT CHILDHOOD MEMORIES,49
Regular Customers,PARTY FOOD SHOPPER BAG,49
Regular Customers,PINK SWEETHEART BRACELET,49
Regular Customers,RED DAISY POCKET BOOK ,49
Regular Customers,WHITE WIRE EGG HOLDER,49
Regular Customers, 4 PURPLE FLOCK DINNER CANDLES,48
Regular Customers,BELL HEART DECORATION,48
Regular Customers,BLOND DOLL DOORSTOP,48
Regular Customers,BOTANICAL ROSE GREETING CARD,48
Regular Customers,BROWN KUKUI COCONUT SEED NECKLACE,48
Regular Customers,CD WALL TIDY BLUE OFFICE,48
Regular Customers,CD WALL TIDY RED FLOWERS,48
Regular Customers,CLASSICAL ROSE SMALL VASE,48
Regular Customers,CRYSTAL FROG PHONE CHARM,48
Regular Customers,CRYSTAL SEA HORSE PHONE CHARM,48
Regular Customers,DOORSTOP FOOTBALL DESIGN,48
Regular Customers,GIFT BAG LARGE SPOT ,48
Regular Customers,GIFT BAG LARGE VINTAGE CHRISTMAS,48
Regular Customers,LOLITA  DESIGN  COTTON TOTE BAG,48
Regular Customers,MIRROR MOSAIC T-LIGHT HOLDER ROUND,48
Regular Customers,MIRRORED WALL ART GENTS,48
Regular Customers,RETRO LONGBOARD IRONING BOARD COVER,48
Regular Customers,RETROSPOT CANDLE  LARGE,48
Regular Customers,SET OF 6 STRAWBERRY CHOPSTICKS,48
Regular Customers,SMALL ZINC HEART WALL ORGANISER,48
Regular Customers,SPOTTED WHITE NATURAL SEED NECKLACE,48
Regular Customers,SPRIG LAVENDER ARTIFICIAL FLOWER,48
Regular Customers,TOAST ITS - HAPPY BIRTHDAY,48
Regular Customers,TUMBLER BAROQUE,48
Regular Customers,AIRLINE BAG VINTAGE JET SET WHITE,47
Regular Customers,CHERRY CROCHET FOOD COVER,47
Regular Customers,GLASS JAR MARMALADE ,47
Regular Customers,IVORY REFECTORY CLOCK,47
Regular Customers,LA JARDIN BOTANIQUE CUSHION COVER,47
Regular Customers,PANDA AND BUNNIES STICKER SHEET,47
Regular Customers,PAPER LANTERN 9 POINT HOLLY STAR S,47
Regular Customers,PINK CHICK EGG WARMER + EGG CUP,47
Regular Customers,PINK DOG BOWL,47
Regular Customers,SCOTTIES DESIGN WASHBAG,47
Regular Customers,APRON APPLE DELIGHT,46
Regular Customers,CUPBOARD 3 DRAWER MA CAMPAGNE,46
Regular Customers,DOORMAT MULTICOLOUR STRIPE,46
Regular Customers,FUSCHIA FLOWER PURSE WITH BEADS,46
Regular Customers,PINK/WHITE CHRISTMAS TREE 30CM,46
Regular Customers,SWISS ROLL TOWEL PINK  SPOTS,46
Regular Customers,TV DINNER TRAY AIR HOSTESS ,46
Regular Customers,BUNNY EGG BOX,45
Regular Customers,DOOR HANGER  MUM + DADS ROOM,45
Regular Customers,GARDEN PATH POCKET BOOK,45
Regular Customers,KEEP CALM WALL ART ,45
Regular Customers,LOVE HEART SOCK HANGER,45
Regular Customers,PANTRY HOOK TEA STRAINER ,45
Regular Customers,RED COAT RACK PARIS FASHION,45
Regular Customers,S/4 GROOVY CAT MAGNETS,45
Regular Customers,SET OF 36 DINOSAUR PAPER DOILIES,45
Regular Customers,TEA TIME DES TEA COSY,45
Regular Customers,TROPICAL  HONEYCOMB PAPER GARLAND ,45
Regular Customers,APRON MODERN VINTAGE COTTON,44
Regular Customers,BULL DOG BOTTLE TOP WALL CLOCK,44
Regular Customers,GLASS SPHERE CANDLE STAND MEDIUM,44
Regular Customers,GREEN SQUARE COMPACT MIRROR,44
Regular Customers,HEART GARLAND RUSTIC PADDED,44
Regular Customers,PANTRY APPLE CORER,44
Regular Customers,PAPERWEIGHT KINGS CHOICE ,44
Regular Customers,PINK GOOSE FEATHER TREE 60CM,44
Regular Customers,PINK POT PLANT CANDLE,44
Regular Customers,PIZZA PLATE IN BOX,44
Regular Customers,SET 3 WICKER STORAGE BASKETS ,44
Regular Customers,SNACK TRAY PAISLEY PARK,44
Regular Customers,WOODEN ADVENT CALENDAR CREAM,44
Regular Customers,CHILDRENS GARDEN GLOVES PINK,43
Regular Customers,DOORMAT RESPECTABLE HOUSE,43
Regular Customers,FOLDING UMBRELLA BLACKBLUE POLKADOT,43
Regular Customers,FRENCH CARRIAGE LANTERN,43
Regular Customers,PINK HORSE SOCK PUPPET,43
Regular Customers,RED RETROSPOT LUGGAGE TAG,43
Regular Customers,SMALL CAMPHOR WOOD FIELD  MUSHROOM,43
Regular Customers,TRIPLE WIRE HOOK IVORY HEART,43
Regular Customers,ASSORTED CHEESE FRIDGE MAGNETS,42
Regular Customers,BAKING MOULD TOFFEE CUP CHOCOLATE,42
Regular Customers,BLUE REFECTORY CLOCK ,42
Regular Customers,CANDY SHOP  STICKER SHEET,42
Regular Customers,COSY SLIPPER SHOES SMALL GREEN,42
Regular Customers,DANISH ROSE TRINKET TRAYS,42
Regular Customers,EMBOSSED HEART TRINKET BOX,42
Regular Customers,EMBROIDERED RIBBON REEL RUBY ,42
Regular Customers,FIVE CATS HANGING DECORATION,42
Regular Customers,LANDMARK FRAME COVENT GARDEN ,42
Regular Customers,LANDMARK FRAME NOTTING HILL ,42
Regular Customers,PAISLEY PATTERN  STICKERS,42
Regular Customers,PAPER BUNTING PAISLEY PARK,42
Regular Customers,PINK LOVE BIRD CANDLE,42
Regular Customers,PINK PILLAR CANDLE SILVER FLOCK,42
Regular Customers,RIBBONS PURSE ,42
Regular Customers,SKULL DESIGN TV DINNER TRAY,42
Regular Customers,SMALL WHITE/PINK ROSE ART FLOWER,42
Regular Customers,TREASURE AHOY WALL ART,42
Regular Customers, OVAL WALL MIRROR DIAMANTE ,41
Regular Customers,AIRLINE BAG VINTAGE JET SET BROWN,41
Regular Customers,ASSORTED TUTTI FRUTTI LARGE PURSE,41
Regular Customers,CAKE STAND LOVEBIRD 2 TIER PINK,41
Regular Customers,CHRYSANTHEMUM SKETCHBOOK ,41
Regular Customers,EGG FRYING PAN BLUE ,41
Regular Customers,HEART TRELLIS TRIPLE T-LIGHT HOLDER,41
Regular Customers,LANDMARK FRAME OXFORD STREET,41
Regular Customers,Next Day Carriage,41
Regular Customers,PINK CAT BOWL,41
Regular Customers,SET OF 6 RIBBONS PERFECTLY PRETTY  ,41
Regular Customers,WHITE HANGING BEADS CANDLE HOLDER,41
Regular Customers,ASSORTED CIRCULAR MOBILE,40
Regular Customers,BLUE GLASS GEMS IN BAG,40
Regular Customers,CHILDS GARDEN SPADE PINK,40
Regular Customers,DOORMAT VINTAGE LEAVES DESIGN ,40
Regular Customers,GREEN SWEETHEART BRACELET,40
Regular Customers,GYMKHANNA TREASURE BOOK BOX,40
Regular Customers,HEART TRELLISTRIPLE T-LIGHT HOLDER,40
Regular Customers,IVORY STRING CURTAIN WITH POLE ,40
Regular Customers,MIRRORED WALL ART LADIES,40
Regular Customers,ORIGAMI VANILLA INCENSE/CANDLE SET ,40
Regular Customers,PIN CUSHION BABUSHKA PINK,40
Regular Customers,PINK BITTY LIGHT CHAIN,40
Regular Customers,RED DRAGONFLY HELICOPTER,40
Regular Customers,TWO DOOR CURIO CABINET,40
Regular Customers,VILLAGE SHOW WALL ART,40
Regular Customers,VINTAGE RED MUG,40
Regular Customers,CHARLIE LOLA BLUE HOT WATER BOTTLE ,39
Regular Customers,CHARLIE+LOLA RED HOT WATER BOTTLE ,39
Regular Customers,EAU DE NILE JEWELLED PHOTOFRAME,39
Regular Customers,GROW YOUR OWN HERBS SET OF 3,39
Regular Customers,HAND TOWEL PALE BLUE W FLOWERS,39
Regular Customers,HOME SWEET HOME 3 PEG HANGER ,39
Regular Customers,SET OF 2 TINS VINTAGE BATHROOM ,39
Regular Customers,SMALL DECO JEWELLERY STAND,39
Regular Customers,SPACE CADET RED,39
Regular Customers,VINTAGE UNION JACK SHOPPING BAG,39
Regular Customers,WHITE AND BLUE CERAMIC OIL BURNER,39
Regular Customers,WIRE EGG BASKET ,39
Regular Customers,YELLOW COAT RACK PARIS FASHION,39
Regular Customers,ANTIQUE HEART SHELF UNIT,38
Regular Customers,BAG OF SILVER STONES,38
Regular Customers,BIRD DECORATION GREEN POLKADOT,38
Regular Customers,BLACK WINE GLASS,38
Regular Customers,BUTTERFLY CROCHET FOOD COVER,38
Regular Customers,CIRCUS PARADE BABY GIFT SET,38
Regular Customers,DOORMAT WELCOME SUNRISE,38
Regular Customers,HIPPY CHIC DECORATIVE PARASOL,38
Regular Customers,PANTRY HOOK SPATULA,38
Regular Customers,PINK AND BLACK STRING CURTAIN,38
Regular Customers,PINK GLASS CANDLEHOLDER,38
Regular Customers,SET/4 BADGES DOGS,38
Regular Customers,SNACK TRAY RED VINTAGE DOILY,38
Regular Customers,3D HEARTS  HONEYCOMB PAPER GARLAND,37
Regular Customers,BLACK BIRD GARDEN DESIGN MUG,37
Regular Customers,BLUE POLKADOT KIDS BAG,37
Regular Customers,ICON PLACEMAT POP ART ELVIS,37
Regular Customers,IVORY CHANDELIER T-LIGHT HOLDER,37
Regular Customers,LANDMARK FRAME CAMDEN TOWN ,37
Regular Customers,PINK DISCO HANDBAG,37
Regular Customers,RED APPLES CHOPPING BOARD   ,37
Regular Customers,ROSE DU SUD OVEN GLOVE,37
Regular Customers,TEATIME PEN CASE & PENS,37
Regular Customers,WALL ART 70'S ALPHABET ,37
Regular Customers,WHITE HONEYCOMB PAPER GARLAND ,37
Regular Customers,ABSTRACT CIRCLES SKETCHBOOK ,36
Regular Customers,ADULT APRON APPLE DELIGHT,36
Regular Customers,ASSORTED EASTER DECORATIONS  BELLS,36
Regular Customers,BLUE POLKADOT GARDEN PARASOL,36
Regular Customers,CERAMIC STRAWBERRY MONEY BOX,36
Regular Customers,COSY SLIPPER SHOES LARGE GREEN,36
Regular Customers,DOORSTOP RACING CAR DESIGN,36
Regular Customers,FOLDING MIRROR HOT PINK ,36
Regular Customers,"GREETING CARD, OVERCROWDED POOL.",36
Regular Customers,HORSE & PONY WALL ART,36
Regular Customers,IVORY CAFE HANGING LAMP ,36
Regular Customers,LARGE CAKE STAND HANGING HEARTS,36
Regular Customers,N0 SINGING METAL SIGN,36
Regular Customers,PACK OF 12 CHRISTMAS FUN CARDS,36
Regular Customers,PANTRY CHOPPING BOARD,36
Regular Customers,PAPERWEIGHT HOME SWEET HOME,36
Regular Customers,PARTY CONES CANDY DECORATION,36
Regular Customers,RETRO PLASTIC DAISY TRAY,36
Regular Customers,SANDWICH BATH SPONGE,36
Regular Customers,SET 8 CANDLES VINTAGE DOILEY,36
Regular Customers,SET/4 BLUE FLOWER CANDLES IN BOWL,36
Regular Customers,SILVER APERITIF GLASS,36
Regular Customers,SKULLS STORAGE BOX SMALL,36
Regular Customers,SPACEBOY TV DINNER TRAY,36
Regular Customers,STAR  T-LIGHT HOLDER ,36
Regular Customers,T-LIGHT HOLDER SILVER SAUCER,36
Regular Customers,VINTAGE BILLBOARD TEA MUG,36
Regular Customers,16 PIECE CUTLERY SET PANTRY DESIGN,35
Regular Customers,4 PINK DINNER CANDLE SILVER FLOCK,35
Regular Customers,"ACRYLIC JEWEL SNOWFLAKE, PINK",35
Regular Customers,CHERRY BLOSSOM DECORATIVE FLASK,35
Regular Customers,CHRYSANTHEMUM POCKET BOOK ,35
Regular Customers,FOLDING UMBRELLA CREAM POLKADOT,35
Regular Customers,GREEN FERN POCKET BOOK,35
Regular Customers,HELLO SAILOR BLUE SOAP HOLDER,35
Regular Customers,LOVE SEAT ANTIQUE WHITE METAL,35
Regular Customers,PAPER LANTERN 9 POINT DELUXE STAR,35
Regular Customers,PAPER LANTERN 9 POINT HOLLY STAR L,35
Regular Customers,SILVER RECORD COVER FRAME,35
Regular Customers,SNACK TRAY I LOVE LONDON,35
Regular Customers,SWEET HEART CAKE CARRIER,35
Regular Customers,WOODLAND STORAGE BOX SMALL,35
Regular Customers,BATHROOM HOOK,34
Regular Customers,CHAMBRE HOOK,34
Regular Customers,CHARLIE + LOLA BISCUITS TINS,34
Regular Customers,DAISY NOTEBOOK ,34
Regular Customers,"DIAMANTE HEART SHAPED WALL MIRROR, ",34
Regular Customers,ENCHANTED BIRD PLANT CAGE,34
Regular Customers,ENGLISH ROSE NOTEBOOK A6 SIZE,34
Regular Customers,HANGING GLASS ETCHED TEALIGHT,34
Regular Customers,IVORY WIRE SWEETHEART LETTER TRAY,34
Regular Customers,MINT GREEN ROSE TOWEL,34
Regular Customers,MOTHER'S KITCHEN SPOON REST ,34
Regular Customers,PACK 3 BOXES BIRD PANETTONE ,34
Regular Customers,PANTRY KITCHEN THERMOMETER ,34
Regular Customers,SET 10 LIGHTS NIGHT OWL,34
Regular Customers,SET OF 36 MUSHROOM PAPER DOILIES,34
Regular Customers,SMALL SQUARE CUT GLASS CANDLESTICK,34
Regular Customers,VICTORIAN SEWING BOX LARGE,34
Regular Customers,ZINC SWEETHEART SOAP DISH,34
Regular Customers,BABY MOUSE RED GINGHAM DRESS,33
Regular Customers,CHILDS GARDEN RAKE PINK,33
Regular Customers,"DECORATION , WOBBLY CHICKEN, METAL ",33
Regular Customers,DISCO BALL ROTATOR BATTERY OPERATED,33
Regular Customers,EIGHT PIECE DINOSAUR SET,33
Regular Customers,FOLDING UMBRELLA CHOCOLATE POLKADOT,33
Regular Customers,HAPPY EASTER HANGING DECORATION,33
Regular Customers,I LOVE LONDON BABY GIFT SET,33
Regular Customers,IVORY SWEETHEART SOAP DISH,33
Regular Customers,RETROSPOT BABUSHKA DOORSTOP,33
Regular Customers,SIX DRAWER OFFICE TIDY,33
Regular Customers,WALL ART CAT AND BIRD ,33
Regular Customers,WALL ART LOVES' SECRET ,33
Regular Customers,WHEELBARROW FOR CHILDREN ,33
Regular Customers,WOODLAND STORAGE BOX LARGE ,33
Regular Customers,ZINC FINISH 15CM PLANTER POTS,33
Regular Customers,200 BENDY SKULL STRAWS,32
Regular Customers,ANT COPPER TURQ BOUDICCA BRACELET,32
Regular Customers,CLEAR CRYSTAL STAR PHONE CHARM,32
Regular Customers,CUBIC MUG PINK POLKADOT,32
Regular Customers,CUSHION COVER PINK UNION JACK,32
Regular Customers,EASTER TIN CHICKS IN GARDEN,32
Regular Customers,HOME SMALL WOOD LETTERS,32
Regular Customers,MEASURING TAPE BABUSHKA RED,32
Regular Customers,PIN CUSHION BABUSHKA BLUE,32
Regular Customers,PINK FAIRY CAKE CUSHION COVER,32
Regular Customers,POLYESTER FILLER PAD 45x30cm,32
Regular Customers,PORCELAIN ROSE LARGE ,32
Regular Customers,SET OF 4 POLKADOT COASTERS,32
Regular Customers,SINGLE WIRE HOOK PINK HEART,32
Regular Customers,SNACK TRAY HAPPY FOREST  ,32
Regular Customers,AFGHAN SLIPPER SOCK PAIR,31
Regular Customers,ANT COPPER LIME BOUDICCA BRACELET,31
Regular Customers,BAKING MOULD ROSE WHITE CHOCOLATE,31
Regular Customers,BLUE KNITTED EGG COSY,31
Regular Customers,EASTER TREE YELLOW BIRDS,31
Regular Customers,GREEN CHRISTMAS TREE STRING 20LIGHT,31
Regular Customers,GREEN FERN SKETCHBOOK ,31
Regular Customers,HANGING MEDINA LANTERN SMALL,31
Regular Customers,LARGE POPCORN HOLDER ,31
Regular Customers,LOVE HEART NAPKIN BOX ,31
Regular Customers,PINK POLKADOT PLATE ,31
Regular Customers,POLYESTER FILLER PAD 30CMx30CM,31
Regular Customers,SET 4 PICNIC CUTLERY CHERRY ,31
Regular Customers,SMALL APOTHECARY MEASURING JAR ,31
Regular Customers,WAKE UP COCKEREL CALENDAR SIGN ,31
Regular Customers,WHITE HAND TOWEL WITH BUTTERFLY,31
Regular Customers,3D DOG PICTURE PLAYING CARDS,30
Regular Customers,4 BLUE DINNER CANDLES SILVER FLOCK,30
Regular Customers,"ACRYLIC JEWEL ANGEL,PINK",30
Regular Customers,ANIMALS AND NATURE WALL ART,30
Regular Customers,BEADED CRYSTAL HEART BLUE ON STICK,30
Regular Customers,BILI NUT AND WOOD NECKLACE,30
Regular Customers,BLACK ENAMEL FLOWER RING,30
Regular Customers,BROCANTE SHELF WITH HOOKS,30
Regular Customers,BUFFALO BILL WALL ART ,30
Regular Customers,CHARLOTTE BAG ALPHABET  DESIGN,30
Regular Customers,EGG CUP HENRIETTA HEN CREAM ,30
Regular Customers,GREEN GOOSE FEATHER CHRISTMAS TREE ,30
Regular Customers,GREEN ROSE WASHBAG,30
Regular Customers,HAND OPEN SHAPE GOLD,30
Regular Customers,LANDMARK FRAME LONDON BRIDGE ,30
Regular Customers,LOVELY BONBON STICKER SHEET,30
Regular Customers,PHOTO CLIP LINE,30
Regular Customers,PINK GINGHAM CAT WITH SCARF,30
Regular Customers,PINK HORSE SOCK PUPPET KIT,30
Regular Customers,SET/3 DECOUPAGE STACKING TINS,30
Regular Customers,SWEETHEART WALL TIDY ,30
Regular Customers,SWEETHEART WIRE WALL TIDY,30
Regular Customers,WHITE TRAVEL ALARM CLOCK,30
Regular Customers,BLACK CHRISTMAS TREE 60CM,29
Regular Customers,BLUE ROUND COMPACT MIRROR,29
Regular Customers,BOOM BOX SPEAKER GIRLS,29
Regular Customers,FUNKY MONKEY CUSHION COVER,29
Regular Customers,HEART T-LIGHT HOLDER ,29
Regular Customers,MADRAS NOTEBOOK LARGE ,29
Regular Customers,MEDIUM PINK BUDDHA HEAD ,29
Regular Customers,ORIGAMI VANILLA INCENSE CONES,29
Regular Customers,PINK FELT EASTER RABBIT GARLAND,29
Regular Customers,SQUARECUSHION COVER PINK UNION JACK,29
Regular Customers,SUMMER FUN DESIGN SHOWER CAP,29
Regular Customers,SUNSET CHECK HAMMOCK,29
Regular Customers,WHITE SOAP RACK WITH 2 BOTTLES,29
Regular Customers,BEACH HUT MIRROR,28
Regular Customers,CHRISTMAS TREE T-LIGHT HOLDER,28
Regular Customers,DAISY FOLKART HEART DECORATION,28
Regular Customers,DOLLY HONEYCOMB GARLAND,28
Regular Customers,GREEN ROUND COMPACT MIRROR,28
Regular Customers,GUMBALL MONOCHROME COAT RACK,28
Regular Customers,HEART SHAPE WIRELESS DOORBELL,28
Regular Customers,LADYBIRD + BEE RAFFIA FOOD COVER,28
Regular Customers,PIG MUG IN TWO COLOUR DESIGNS,28
Regular Customers,SET OF 4 KNICK KNACK TINS LEAVES ,28
Regular Customers,SET OF 6 RIBBONS PARTY,28
Regular Customers,SET/3 RABBITS FLOWER SKIPPPING ROPE,28
Regular Customers,SILVER TEDDY BEAR,28
Regular Customers,STARFISH SOAP DISH,28
Regular Customers,TROPICAL LUGGAGE TAG,28
Regular Customers,TV DINNER TRAY DOLLY GIRL,28
Regular Customers,12 HANGING EGGS HAND PAINTED,27
Regular Customers,18PC WOODEN CUTLERY SET DISPOSABLE,27
Regular Customers,CAKE PLATE LOVEBIRD PINK,27
Regular Customers,EGG FRYING PAN MINT ,27
Regular Customers,GINGHAM BABUSHKA DOORSTOP,27
Regular Customers,GLASS TWIST BON BON JAR,27
Regular Customers,PEARLISED IVORY HEART SMALL ,27
Regular Customers,PINK/GREEN FLOWER DESIGN BIG MUG,27
Regular Customers,RED RETROSPOT STORAGE JAR,27
Regular Customers,RIDGED GLASS STORAGE JAR CREAM LID,27
Regular Customers,SET OF 36 DOLLY GIRL PAPER DOILIES,27
Regular Customers,SET OF 4 FAIRY CAKE PLACEMATS,27
Regular Customers,SET OF 4 POLKADOT PLACEMATS ,27
Regular Customers,SILVER JEWELLED MIRROR TRINKET TRAY,27
Regular Customers,SMALL LICORICE DES PINK BOWL,27
Regular Customers,VINTAGE LEAF CHOPPING BOARD  ,27
Regular Customers,2 PICTURE BOOK EGGS EASTER CHICKS,26
Regular Customers,ASS DES PHONE SPONGE CRAFT STICKER,26
Regular Customers,ASSORTED FARMYARD ANIMALS IN BUCKET,26
Regular Customers,BEADED CRYSTAL HEART PINK SMALL,26
Regular Customers,BEADED PEARL HEART WHITE LARGE,26
Regular Customers,CAROUSEL DESIGN WASHBAG,26
Regular Customers,CLASSIC WHITE FRAME,26
Regular Customers,FORKED CACTUS CANDLE,26
Regular Customers,GEORGIAN TRINKET BOX,26
Regular Customers,HANGING FAIRY CAKE DECORATION,26
Regular Customers,LARGE ZINC HEART WALL ORGANISER,26
Regular Customers,MRS ROBOT SOFT TOY,26
Regular Customers,PINK FLOWER FABRIC PONY,26
Regular Customers,PINK HEARTS LIGHT CHAIN ,26
Regular Customers,PINK JEWELLED PHOTO FRAME ,26
Regular Customers,POSY CANDY BAG,26
Regular Customers,RED RETROSPOT TRADITIONAL TEAPOT ,26
Regular Customers,SET OF 3 BLACK FLYING DUCKS,26
Regular Customers,SET/3 POT PLANT CANDLES,26
Regular Customers,SMALL PARLOUR PICTURE FRAME,26
Regular Customers,TRANSPARENT ACRYLIC TAPE DISPENSER,26
Regular Customers,ANGEL DECORATION WITH LACE PADDED,25
Regular Customers,APOTHECARY MEASURING JAR,25
Regular Customers,CHEST OF DRAWERS GINGHAM HEART ,25
Regular Customers,CHILDS GARDEN RAKE BLUE,25
Regular Customers,DOCTOR'S BAG SOFT TOY,25
Regular Customers,FAUX FUR CHOCOLATE THROW,25
Regular Customers,FLAG OF ST GEORGE CAR FLAG,25
Regular Customers,FLYING PIG WATERING CAN,25
Regular Customers,HANGING METAL CHICKEN DECORATION,25
Regular Customers,ORIGAMI SANDLEWOOD INCENSE+FLOWER,25
Regular Customers,PINK PADDED MOBILE,25
Regular Customers,PINK POLKADOT CHILDRENS UMBRELLA,25
Regular Customers,STAR PORTABLE TABLE LIGHT ,25
Regular Customers,WALL ART ANIMALS AND NATURE ,25
Regular Customers,WRAP GREEN RUSSIAN FOLKART ,25
Regular Customers,"WRAP, CAROUSEL",25
Regular Customers, NINE DRAWER OFFICE TIDY,24
Regular Customers,72 CAKE CASES VINTAGE CHRISTMAS,24
Regular Customers,"ACRYLIC JEWEL ICICLE, BLUE",24
Regular Customers,BEADED CHANDELIER T-LIGHT HOLDER,24
Regular Customers,BLUE JUICY FRUIT PHOTO FRAME,24
Regular Customers,BLUE PAISLEY SKETCHBOOK,24
Regular Customers,CAKE SHOP  STICKER SHEET,24
Regular Customers,CREAM BUNNY EASTER EGG BASKET,24
Regular Customers,CURIOUS  IMAGES NOTEBOOK SET,24
Regular Customers,DOLLY CABINET 3 DRAWERS ,24
Regular Customers,GOLD SCROLL GLASS T-LIGHT HOLDER,24
Regular Customers,HOME SWEEET HOME 3 PEG HANGER ,24
Regular Customers,"LETTER ""G"" BLING KEY RING",24
Regular Customers,"LETTER ""L"" BLING KEY RING",24
Regular Customers,NUMBER TILE VINTAGE FONT 3,24
Regular Customers,PACK OF 12 DOILEY TISSUES,24
Regular Customers,PINK  HONEYCOMB PAPER BALL ,24
Regular Customers,PINK CRYSTAL SKULL PHONE CHARM,24
Regular Customers,PINK HYDRANGEA ART FLOWER,24
Regular Customers,PINK SMALL GLASS CAKE STAND,24
Regular Customers,RUSTIC STRAWBERRY JAMPOT LARGE ,24
Regular Customers,RUSTIC STRAWBERRY JAMPOT SMALL,24
Regular Customers,SET OF 12 T-LIGHTS VINTAGE DOILEY,24
Regular Customers,SET OF 2 TEA TOWELS PING MICROWAVE,24
Regular Customers,"SMALL POP BOX,FUNKY MONKEY",24
Regular Customers,SPACEBOY WALL ART,24
Regular Customers,TEATIME PUSH DOWN RUBBER,24
Regular Customers,TURQ+RED BOUDICCA LARGE BRACELET,24
Regular Customers,VINTAGE JINGLE BELLS WREATH,24
Regular Customers,ANT COPPER PINK BOUDICCA BRACELET,23
Regular Customers,CUBIC MUG FLOCK PINK ON BROWN,23
Regular Customers,CURIO CABINET LINEN AND LACE ,23
Regular Customers,DOORMAT I LOVE LONDON,23
Regular Customers,EDWARDIAN PHOTO FRAME,23
Regular Customers,FLOWER FAIRY 5 DRAWER LINERS,23
Regular Customers,GREEN FERN NOTEBOOK,23
Regular Customers,JARDIN ETCHED GLASS CHEESE DISH,23
Regular Customers,MUM'S KITCHEN CLOCK,23
Regular Customers,ORGANISER WOOD ANTIQUE WHITE ,23
Regular Customers,PAINTED LIGHTBULB STAR+ MOON,23
Regular Customers,SET OF 16 VINTAGE PISTACHIO CUTLERY,23
Regular Customers,SILVER  CANDLEPOT JARDIN ,23
Regular Customers,"TRAY, BREAKFAST IN BED",23
Regular Customers,VINTAGE ROSE BEAD BRACELET BLACK,23
Regular Customers,WALL ART DOG AND BALL ,23
Regular Customers,BLUE PAISLEY NOTEBOOK,22
Regular Customers,CLASSIC GLASS SWEET JAR,22
Regular Customers,ENAMEL BLUE RIM COFFEE CONTAINER,22
Regular Customers,FAIRY SOAP SOAP HOLDER,22
Regular Customers,FLOWERS TILE HOOK,22
Regular Customers,FOLDING UMBRELLA PINKWHITE POLKADOT,22
Regular Customers,HAND PAINTED HANGING EASTER EGG,22
Regular Customers,PINK BOUDICCA LARGE BRACELET,22
Regular Customers,PINK CLEAR GLASS CANDLE PLATE,22
Regular Customers,PINK/BLUE DISC/MIRROR STRING,22
Regular Customers,POPPY FIELDS CHOPPING BOARD,22
Regular Customers,PURPLE SWEETHEART BRACELET,22
Regular Customers,SET OF 36 PANTRY PAPER DOILIES,22
Regular Customers,TUSCAN VILLA DOVECOTE BIRD FEEDER,22
Regular Customers,WALL ART GARDEN HAVEN ,22
Regular Customers,YELLOW SHARK HELICOPTER,22
Regular Customers,BLACK ORANGE SQUEEZER,21
Regular Customers,BLUE DAISY MOBILE,21
Regular Customers,BLUE TABLE RUN FLOWER,21
Regular Customers,CHARLIE AND LOLA TABLE TINS,21
Regular Customers,DECORATIVE PLANT POT WITH FRIEZE,21
Regular Customers,EASTER BUNNY WITH BASKET ON BACK,21
Regular Customers,ECONOMY LUGGAGE TAG,21
Regular Customers,EMBROIDERED RIBBON REEL CLAIRE,21
Regular Customers,FRYING PAN PINK POLKADOT,21
Regular Customers,JARDIN ETCHED GLASS FRUITBOWL,21
Regular Customers,LARGE APOTHECARY MEASURING JAR ,21
Regular Customers,MEDIUM PARLOUR PICTURE FRAME ,21
Regular Customers,MIRROR MOSAIC T-LIGHT HOLDER ,21
Regular Customers,PAPER BUNTING VINTAGE PARTY,21
Regular Customers,PAPER LANTERN 5 POINT SEQUIN STAR,21
Regular Customers,RABBIT  DESIGN  COTTON TOTE BAG,21
Regular Customers,S/2 ZINC HEART DESIGN PLANTERS,21
Regular Customers,SET/4 COLOURFUL MIXING BOWLS,21
Regular Customers,TOP SECRET PEN SET,21
Regular Customers,VEGETABLE GARDEN CHOPPING BOARD,21
Regular Customers,VINTAGE CARAVAN GIFT WRAP,21
Regular Customers,BATHROOM METAL SIGN ,20
Regular Customers,BEADED CRYSTAL HEART GREEN SMALL,20
Regular Customers,BLACK FEATHER CHRISTMAS DECORATION,20
Regular Customers,CHRYSANTHEMUM  JOURNAL,20
Regular Customers,DOORMAT NEIGHBOURHOOD WITCH ,20
Regular Customers,"FLOWER FAIRY,5 SUMMER B'DRAW LINERS",20
Regular Customers,"FOLK ART GREETING CARD,pack/12",20
Regular Customers,GREEN ENAMEL FLOWER RING,20
Regular Customers,NINJA RABBIT PINK,20
Regular Customers,PAINT YOUR OWN EGGS IN CRATE,20
Regular Customers,PINK DIAMANTE PEN IN GIFT BOX,20
Regular Customers,PINK KNITTED EGG COSY,20
Regular Customers,PURPLE ENAMEL FLOWER RING,20
Regular Customers,ROCOCO WALL MIRROR WHITE,20
Regular Customers,STRIPES DESIGN TEDDY,20
Regular Customers,VINTAGE KITCHEN PRINT VEGETABLES,20
Regular Customers,WALL ART HORSE & PONY ,20
Regular Customers,WALL ART TREASURE AHOY ,20
Regular Customers,ASSORTED SANSKRIT MINI NOTEBOOK,19
Regular Customers,CHERRY BLOSSOM LUGGAGE TAG,19
Regular Customers,DAIRY MAID TRADITIONAL TEAPOT ,19
Regular Customers,EASTER BUNNY HANGING GARLAND,19
Regular Customers,FELTCRAFT DOLL MARIA,19
Regular Customers,GRASS HOPPER WOODEN WALL CLOCK ,19
Regular Customers,HAWAIIAN GRASS SKIRT ,19
Regular Customers,KENSINGTON COFFEE SET,19
Regular Customers,LAVENDER INCENSE IN TIN,19
Regular Customers,MIRROR CORNICE,19
Regular Customers,MIRRORED WALL ART TABLE LAMP,19
Regular Customers,NECKLACE+BRACELET PINK BUTTERFLY,19
Regular Customers,NUMBER TILE VINTAGE FONT 1,19
Regular Customers,NUMBER TILE VINTAGE FONT 6 ,19
Regular Customers,PING! MICROWAVE PLATE,19
Regular Customers,PINK FLY SWAT,19
Regular Customers,RED ENAMEL FLOWER RING,19
Regular Customers,SILVER DIAMANTE PEN IN GIFT BOX,19
Regular Customers,VINTAGE KITCHEN PRINT FRUITS,19
Regular Customers,WALL ART BUFFALO BILL ,19
Regular Customers,WALL ART VINTAGE HEART,19
Regular Customers,YELLOW/PINK FLOWER DESIGN BIG MUG,19
Regular Customers,ZINC WIRE SWEETHEART LETTER TRAY,19
Regular Customers,3 TIER SWEETHEART GARDEN SHELF,18
Regular Customers,BEADED CRYSTAL HEART PINK ON STICK,18
Regular Customers,BLACK SWEETHEART BRACELET,18
Regular Customers,BLUE CIRCLES DESIGN MONKEY DOLL,18
Regular Customers,BUNNY EGG GARLAND,18
Regular Customers,CANDY SPOT HEART DECORATION,18
Regular Customers,CREAM CLIMBING HYDRANGA ART FLOWER,18
Regular Customers,DOILEY BISCUIT TIN,18
Regular Customers,ENVELOPE 50 CURIOUS IMAGES,18
Regular Customers,FIRST CLASS LUGGAGE TAG ,18
Regular Customers,FOLDING CAMPING SCISSOR W/KNIF & S,18
Regular Customers,GLASS CLOCHE LARGE,18
Regular Customers,HEN HOUSE W CHICK STANDING,18
Regular Customers,LARGE PARLOUR PICTURE FRAME,18
Regular Customers,MIRROR MOSAIC CANDLE PLATE,18
Regular Customers,MIRROR MOSAIC GOBLET CANDLE HOLDER,18
Regular Customers,MIRROR MOSAIC HURRICANE LAMP ,18
Regular Customers,PINK FELT HANGING HEART W FLOWER,18
Regular Customers,PORCELAIN BUTTERFLY OIL BURNER,18
Regular Customers,PURPLE BOUDICCA LARGE BRACELET,18
Regular Customers,SMALL ROUND CUT GLASS CANDLESTICK,18
Regular Customers,STRIPY DESIGN SHOWER CAP,18
Regular Customers,TALL ROCOCO CANDLE HOLDER,18
Regular Customers,WHITE CHRYSANTHEMUMS ART FLOWER,18
Regular Customers,WHITE HYDRANGEA ART FLOWER,18
Regular Customers,WHITE MOROCCAN METAL LANTERN,18
Regular Customers,WHITE STITCHED CUSHION COVER,18
Regular Customers,50CM METAL STRING WITH  7 CLIPS,17
Regular Customers,BEACH HUT SHELF W 3 DRAWERS,17
Regular Customers,BOX/12 CHICK & EGG IN BASKET,17
Regular Customers,CABIN BAG VINTAGE PAISLEY,17
Regular Customers,CARRIAGE,17
Regular Customers,DOLLY CABINET 2 DRAWERS ,17
Regular Customers,ICE CREAM DESIGN GARDEN PARASOL,17
Regular Customers,LANDMARK FRAME BAKER STREET ,17
Regular Customers,MA CAMPAGNE CUTLERY BOX,17
Regular Customers,NEW BAROQUE JEWELLERY BOX ,17
Regular Customers,NUMBER TILE VINTAGE FONT 4,17
Regular Customers,PINK SCOTTIE DOG W FLOWER PATTERN,17
Regular Customers,RED RETRO KITCHEN WALL CLOCK,17
Regular Customers,RED RETROSPOT BIG BOWL,17
Regular Customers,RELAX LARGE WOOD LETTERS,17
Regular Customers,ROUND PINK HEART MIRROR,17
Regular Customers,SET OF 36 SPACEBOY PAPER DOILIES,17
Regular Customers,SET OF 4 GREEN CAROUSEL COASTERS,17
Regular Customers,SET/4 MODERN VINTAGE COTTON NAPKINS,17
Regular Customers,SPACE CADET WHITE,17
Regular Customers,TEA COSY BLUE STRIPE,17
Regular Customers,2 PICTURE BOOK EGGS EASTER BUNNY,16
Regular Customers,BEST DAD CANDLE LETTERS,16
Regular Customers,BLUE FLY SWAT,16
Regular Customers,BLUE KNITTED HEN ,16
Regular Customers,BLUE MURANO TWIST BRACELET,16
Regular Customers,BREAD BIN DINER STYLE PINK,16
Regular Customers,CINAMMON & ORANGE WREATH,16
Regular Customers,DAISY SKETCHBOOK ,16
Regular Customers,DOORMAT CHRISTMAS VILLAGE,16
Regular Customers,MIRROR LOVE BIRD T-LIGHT HOLDER,16
Regular Customers,MIRRORED DOVE WALL DECORATION,16
Regular Customers,NINJA RABBIT BLACK,16
Regular Customers,NUMBER TILE VINTAGE FONT 2,16
Regular Customers,NUMBER TILE VINTAGE FONT 5,16
Regular Customers,PACK 3 FIRE ENGINE/CAR PATCHES,16
Regular Customers,PERIWINKLE T-LIGHT HOLDER,16
Regular Customers,PINK RETRO BIG FLOWER BAG,16
Regular Customers,SET 12 COLOUR PENCILS DOILEY,16
Regular Customers,SET 36 COLOUR PENCILS DOILEY,16
Regular Customers,SET 4 PICNIC CUTLERY BLUEBERRY,16
Regular Customers,SET OF 4 CAROUSEL PLACEMATS ,16
Regular Customers,SET/6 BLACK BIRD T-LIGHT CANDLES,16
Regular Customers,SPACE BOY CHILDRENS CUP,16
Regular Customers,12 EGG HOUSE PAINTED WOOD,15
Regular Customers,4 SKY BLUE DINNER CANDLES,15
Regular Customers,ANTIQUE CREAM CUTLERY SHELF ,15
Regular Customers,BEACH HUT DESIGN BLACKBOARD,15
Regular Customers,CAST IRON HOOK GARDEN FORK,15
Regular Customers,CERAMIC STRAWBERRY TRINKET TRAY,15
Regular Customers,CROCHET ROSE PURSE WITH SUEDE BACK,15
Regular Customers,FOLDING UMBRELLA WHITE/RED POLKADOT,15
Regular Customers,FOLK FELT HANGING MULTICOL GARLAND,15
Regular Customers,FOLKART HEART NAPKIN RINGS,15
Regular Customers,FROG CANDLE,15
Regular Customers,GREEN JUICY FRUIT PHOTO FRAME,15
Regular Customers,GREEN MURANO TWIST BRACELET,15
Regular Customers,IVORY RETRO KITCHEN WALL CLOCK,15
Regular Customers,IVORY WIRE KITCHEN ORGANISER,15
Regular Customers,JINGLE BELLS TREE DECORATION,15
Regular Customers,LARGE SKULL WINDMILL,15
Regular Customers,MARIE ANTOINETTE TRINKET BOX SILVER,15
Regular Customers,MOUSEY LONG LEGS SOFT TOY,15
Regular Customers,PAIR PADDED HANGERS PINK CHECK,15
Regular Customers,PINK ROSE WASHBAG,15
Regular Customers,SET OF 16 VINTAGE ROSE CUTLERY,15
Regular Customers,SET OF PICTURE FRAME  STICKERS,15
Regular Customers,SMALL POP BOX FUNKY MONKEY,15
Regular Customers,TURQUOISE GLASS TASSLE BAG CHARM ,15
Regular Customers,VINTAGE BEAD NOTEBOOK,15
Regular Customers,VINTAGE COFFEE GRINDER BOX,15
Regular Customers,4 PINK FLOCK CHRISTMAS BALLS,14
Regular Customers,BLUE CIRCLES DESIGN TEDDY,14
Regular Customers,BLUE HANGING GINGHAM EASTER HEN,14
Regular Customers,BLUE RETRO KITCHEN WALL CLOCK,14
Regular Customers,BLUE/YELLOW FLOWER DESIGN BIG MUG,14
Regular Customers,CITRUS GARLAND FELT FLOWERS ,14
Regular Customers,CORDIAL GLASS JUG,14
Regular Customers,CRAZY DAISY HEART DECORATION,14
Regular Customers,LARGE BLUE PROVENCAL CERAMIC BALL,14
Regular Customers,LOVE LARGE WOOD LETTERS ,14
Regular Customers,MARIE ANTOINETTE TRINKET BOX GOLD,14
Regular Customers,NUMBER TILE COTTAGE GARDEN 7,14
Regular Customers,NUMBER TILE VINTAGE FONT No ,14
Regular Customers,ORANGE TV TRAY TABLE ,14
Regular Customers,PACK/12 BLUE FOLKART CARDS,14
Regular Customers,PAINTED SEA SHELL METAL WINDCHIME,14
Regular Customers,"PET MUG, GOLDFISH",14
Regular Customers,PINK FLOCK GLASS CANDLEHOLDER,14
Regular Customers,PINK HANGING GINGHAM EASTER HEN,14
Regular Customers,PINK ROSE FABRIC MIRROR,14
Regular Customers,SET OF 3 GOLD FLYING DUCKS,14
Regular Customers,SILVER LATTICE VANILLA CANDLE POT,14
Regular Customers,SILVER ROCOCO CANDLE STICK,14
Regular Customers,SWEET PUDDING STICKER SHEET,14
Regular Customers,TUB 24 PINK FLOWER PEGS,14
Regular Customers,VIP PASSPORT COVER ,14
Regular Customers,ASSORTED COLOURED CIRCLE MOBILE ,13
Regular Customers,BLACK SILOUETTE CANDLE PLATE,13
Regular Customers,CLEAR LOVE BIRD T-LIGHT HOLDER,13
Regular Customers,DECORATIVE VINTAGE COFFEE  BOX,13
Regular Customers,DOORMAT PEACE ON EARTH BLUE,13
Regular Customers,FIRST CLASS PASSPORT COVER ,13
Regular Customers,FUSCHIA VOILE POINTY SHOE DEC,13
Regular Customers,GREEN ENAMEL+GLASS HAIR COMB,13
Regular Customers,HAPPY BIRTHDAY CARD STRIPEY TEDDY,13
Regular Customers,HEN HOUSE WITH CHICK STANDING,13
Regular Customers,JUNGLE POPSICLES ICE LOLLY HOLDERS,13
Regular Customers,"LETTER ""C"" BLING KEY RING",13
Regular Customers,"LETTER ""E"" BLING KEY RING",13
Regular Customers,"LETTER ""I"" BLING KEY RING",13
Regular Customers,"LETTER ""P"" BLING KEY RING",13
Regular Customers,"LETTER ""S"" BLING KEY RING",13
Regular Customers,NUMBER TILE VINTAGE FONT 8,13
Regular Customers,NURSE'S BAG SOFT TOY,13
Regular Customers,PINK BUNNY EASTER EGG BASKET,13
Regular Customers,PLASMATRONIC LAMP,13
Regular Customers,PURPLE/COPPER HANGING LAMPSHADE,13
Regular Customers,SKULLS STORAGE BOX LARGE,13
Regular Customers,VINTAGE RED KITCHEN CABINET,13
Regular Customers,VINTAGE ROSE BEAD BRACELET RASPBERR,13
Regular Customers,WALL ART WORK REST AND PLAY  ,13
Regular Customers,3 BLACK CATS W HEARTS BLANK CARD,12
Regular Customers,6PC WOOD PLATE SET DISPOSABLE,12
Regular Customers,75 GREEN FAIRY CAKE CASES,12
Regular Customers,BANK ACCOUNT  GREETING  CARD ,12
Regular Customers,BLUE BUNNY EASTER EGG BASKET,12
Regular Customers,BLUE CLIMBING HYDRANGA ART FLOWER,12
Regular Customers,BLUE WHITE PLASTIC RINGS LAMPSHADE,12
Regular Customers,BUNDLE OF 3 RETRO EXERCISE BOOKS,12
Regular Customers,CANNABIS LEAF BEAD CURTAIN,12
Regular Customers,CHRISTMAS MUSICAL ZINC HEART ,12
Regular Customers,CRYSTAL CZECH CROSS PHONE CHARM,12
Regular Customers,"DECOUPAGE,GREETING CARD,",12
Regular Customers,DOLLCRAFT GIRL NICOLE,12
Regular Customers,DOLLY GIRL WALL ART,12
Regular Customers,DONKEY TAIL GAME ,12
Regular Customers,DOORKNOB CRACKED GLAZE IVORY,12
Regular Customers,DOTCOMGIFTSHOP TEA TOWEL,12
Regular Customers,FAWN AND MUSHROOM GREETING CARD,12
Regular Customers,GEMSTONE CHANDELIER T-LIGHT HOLDER,12
Regular Customers,HAND TOWEL PINK FLOWER AND DAISY,12
Regular Customers,KEEP OUT BOYS DOOR HANGER ,12
Regular Customers,KIDS CUTLERY DOLLY GIRL ,12
Regular Customers,KIDS CUTLERY SPACEBOY ,12
Regular Customers,LADLE LOVE HEART PINK,12
Regular Customers,"LETTER ""A"" BLING KEY RING",12
Regular Customers,"LETTER ""B"" BLING KEY RING",12
Regular Customers,"LETTER ""D"" BLING KEY RING",12
Regular Customers,"LETTER ""F"" BLING KEY RING",12
Regular Customers,"LETTER ""H"" BLING KEY RING",12
Regular Customers,"LETTER ""J"" BLING KEY RING",12
Regular Customers,"LETTER ""K"" BLING KEY RING",12
Regular Customers,"LETTER ""M"" BLING KEY RING",12
Regular Customers,"LETTER ""N"" BLING KEY RING",12
Regular Customers,"LETTER ""O"" BLING KEY RING",12
Regular Customers,"LETTER ""R"" BLING KEY RING",12
Regular Customers,"LETTER ""T"" BLING KEY RING",12
Regular Customers,"LETTER ""U"" BLING KEY RING",12
Regular Customers,"LETTER ""V"" BLING KEY RING",12
Regular Customers,"LETTER ""W"" BLING KEY RING",12
Regular Customers,"LETTER ""Z"" BLING KEY RING",12
Regular Customers,LILAC DIAMANTE PEN IN GIFT BOX,12
Regular Customers,METAL HERB GERDEN CONTAINER,12
Regular Customers,MULTICOLOUR POLKADOT PLATE,12
Regular Customers,NECKLACE+BRACELET SET BLUE HIBISCUS,12
Regular Customers,NUMBER TILE COTTAGE GARDEN 1,12
Regular Customers,PINK FEATHERS CURTAIN,12
Regular Customers,PINK POLKADOT GARDEN PARASOL,12
Regular Customers,PINK/YELLOW FLOWERS HANDBAG,12
Regular Customers,RED GLASS TASSLE BAG CHARM,12
Regular Customers,RED SHARK HELICOPTER,12
Regular Customers,RETO LEAVES MAGNETIC SHOPPING LIST,12
Regular Customers,RIDGED GLASS POSY VASE ,12
Regular Customers,SET 4 PICNIC CUTLERY FONDANT,12
Regular Customers,SET OF 16 VINTAGE RED CUTLERY,12
Regular Customers,SET OF 3 COLOURED  FLYING DUCKS,12
Regular Customers,SILVER PHOTO FRAME,12
Regular Customers,SMALL BLUE PROVENCAL CERAMIC BALL,12
Regular Customers,SMALL CHUNKY GLASS ROMAN  BOWL,12
Regular Customers,SNACK TRAY RED GINGHAM,12
Regular Customers,SQUARECUSHION COVER PINK UNION FLAG,12
Regular Customers,TEA TIME TEA SET IN GIFT BOX,12
Regular Customers,VINTAGE ENGRAVED HEART,12
Regular Customers,VINTAGE ZINC WATERING CAN SMALL,12
Regular Customers,WOODLAND LARGE BLUE FELT HEART,12
Regular Customers,BLACK DINER WALL CLOCK,11
Regular Customers,BLUE DRAGONFLY HELICOPTER,11
Regular Customers,BLUE ORGANDY ROUND LAMPSHADE W BEA,11
Regular Customers,CANDY SPOT BUNNY,11
Regular Customers,CAST IRON HOOK GARDEN TROWEL,11
Regular Customers,DANISH ROSE FOLDING CHAIR,11
Regular Customers,DENIM PATCH PURSE PINK BUTTERFLY,11
Regular Customers,FOLK ART METAL HEART T-LIGHT HOLDER,11
Regular Customers,FREESTYLE CANVAS ART PICTURE,11
Regular Customers,GOLD EAR MUFF HEADPHONES,11
Regular Customers,JUMBO BAG VINTAGE DOILEY ,11
Regular Customers,NUMBER TILE VINTAGE FONT 9 ,11
Regular Customers,PURPLE GEMSTONE BRACELET,11
Regular Customers,SET 3 WICKER OVAL BASKETS W LIDS,11
Regular Customers,SET OF 16 VINTAGE SKY BLUE CUTLERY,11
Regular Customers,SET/12 FUNKY FELT FLOWER PEG IN BAG,11
Regular Customers,SILICON STAR BULB  BLUE,11
Regular Customers,SPACE CADET BLACK,11
Regular Customers,STRAWBERRY DREAM CHILDS UMBRELLA,11
Regular Customers,TRIPLE WIRE HOOK PINK HEART,11
Regular Customers,VINTAGE GLASS COFFEE CADDY,11
Regular Customers,ASS COL SMALL SAND GECKO P'WEIGHT,10
Regular Customers,ASSTD COL BUTTERFLY/CRYSTAL W/CHIME,10
Regular Customers,BLACK MINI TAPE MEASURE ,10
Regular Customers,BLUE HOLE PUNCH,10
Regular Customers,BLUE SQUARE COMPACT MIRROR,10
Regular Customers,BLUE TRAVEL FIRST AID KIT,10
Regular Customers,BREAD BIN DINER STYLE MINT,10
Regular Customers,CALENDAR FAMILY FAVOURITES,10
Regular Customers,CHARLIE AND LOLA CHARLOTTE BAG,10
Regular Customers,DAISY JOURNAL ,10
Regular Customers,ENAMEL BLUE RIM BISCUIT BIN,10
Regular Customers,FLOOR CUSHION ELEPHANT CARNIVAL,10
Regular Customers,FRYING PAN BLUE POLKADOT,10
Regular Customers,GLASS CHALICE GREEN  SMALL ,10
Regular Customers,GREEN WIRE STANDING CANDLE HOLDER,10
Regular Customers,LUNCH BAG VINTAGE DOILEY ,10
Regular Customers,MILK PAN BLUE POLKADOT,10
Regular Customers,NUMBER TILE COTTAGE GARDEN 0 ,10
Regular Customers,NUMBER TILE COTTAGE GARDEN 2,10
Regular Customers,NUMBER TILE COTTAGE GARDEN 5,10
Regular Customers,NUMBER TILE COTTAGE GARDEN 8,10
Regular Customers,NUMBER TILE VINTAGE FONT 0,10
Regular Customers,NUMBER TILE VINTAGE FONT 7,10
Regular Customers,PAPER LANTERN 6 POINT SNOW STAR,10
Regular Customers,PINK STRING CURTAIN WITH POLE,10
Regular Customers,PSYCHEDELIC WALL THERMOMETER,10
Regular Customers,RED   ACRYLIC FACETED BANGLE,10
Regular Customers,RED RETROSPOT WASHBAG,10
Regular Customers,RETRO PINK BALL ASHTRAY ,10
Regular Customers,"SILICON CUBE 25W, BLUE",10
Regular Customers,SILVER BOOK MARK WITH BEADS,10
Regular Customers,SMALL SINGLE FLAME CANDLE HOLDER,10
Regular Customers,SQUARE FLOOR CUSHION VINTAGE RED,10
Regular Customers,WALL MIRROR RECTANGLE DIAMANTE PINK,10
Regular Customers,WHITE FRANGIPANI HAIR CLIP,10
Regular Customers,ZINC WIRE KITCHEN ORGANISER,10
Regular Customers,A4 WALL TIDY RED FLOWERS,9
Regular Customers,ARMY CAMO BOOKCOVER TAPE,9
Regular Customers,BATHROOM SCALES FOOTPRINTS IN SAND,9
Regular Customers,BLACK LOVE BIRD T-LIGHT HOLDER,9
Regular Customers,CAKE STAND VICTORIAN FILIGREE MED,9
Regular Customers,CRYSTAL DIAMANTE EXPANDABLE RING,9
Regular Customers,EASTER BUNNY WREATH,9
Regular Customers,EAU DE NIL LOVE BIRD CANDLE,9
Regular Customers,FLOWER FAIRY INCENSE BOUQUET,9
Regular Customers,FRENCH CHATEAU LARGE PLATTER ,9
Regular Customers,GOLDIE LOOKING MIRROR,9
Regular Customers,GREEN GLASS TASSLE BAG CHARM,9
Regular Customers,HOUSE WRECKING METAL SIGN ,9
Regular Customers,LARGE CAMPHOR WOOD FIELD MUSHROOM ,9
Regular Customers,MIXED NUTS LIGHT GREEN BOWL,9
Regular Customers,NUMBER TILE COTTAGE GARDEN 3 ,9
Regular Customers,NUMBER TILE COTTAGE GARDEN 4,9
Regular Customers,NUMBER TILE COTTAGE GARDEN 6,9
Regular Customers,NUMBER TILE COTTAGE GARDEN 9,9
Regular Customers,NUMBER TILE COTTAGE GARDEN No,9
Regular Customers,PINK & WHITE BREAKFAST TRAY,9
Regular Customers,PINK ENAMEL+GLASS HAIR COMB,9
Regular Customers,PINK OVAL SHAPE TRINKET BOX,9
Regular Customers,PINK/PURPLE CIRCLE CURTAIN,9
Regular Customers,POCKET MIRROR WOODLAND,9
Regular Customers,RED BOUDICCA LARGE BRACELET,9
Regular Customers,ROSE DU SUD COSMETICS BAG,9
Regular Customers,S/6 SEW ON CROCHET FLOWERS,9
Regular Customers,SET OF 12 MINI BUNNIES IN A BUCKET,9
Regular Customers,SOFT PINK ROSE TOWEL ,9
Regular Customers,"STRING OF 8 BUTTERFLIES,PINK",9
Regular Customers,SUNFLOWER DECORATIVE PARASOL,9
Regular Customers,SUNSET COLOUR CHUNKY KNITTED THROW,9
Regular Customers,TROPICAL PASSPORT COVER ,9
Regular Customers,TUSCAN VILLA BIRD FEEDER,9
Regular Customers,TUSCAN VILLA FEEDING STATION,9
Regular Customers,WALL ART DOLLY GIRL ,9
Regular Customers,WALL ART I LOVE LONDON ,9
Regular Customers,WHITE/PINK CHICK DECORATION,9
Regular Customers,ZINC HEART LATTICE CHARGER LARGE,9
Regular Customers,70'S ALPHABET WALL ART,8
Regular Customers,AMBER GLASS TASSLE BAG CHARM,8
Regular Customers,AMETHYST CHUNKY BEAD BRACELET W STR,8
Regular Customers,ANTIQUE IVORY WIRE BOWL SMALL,8
Regular Customers,BLACK GRAND BAROQUE PHOTO FRAME,8
Regular Customers,BLUE  DIAMANTE PEN IN GIFT BOX,8
Regular Customers,CANDY SPOT CUSHION COVER,8
Regular Customers,COLUMBIAN  CUBE CANDLE ,8
Regular Customers,CUT GLASS HEXAGON T-LIGHT HOLDER,8
Regular Customers,DOLLCRAFT GIRL AMELIE,8
Regular Customers,FLAG OF ST GEORGE CHAIR,8
Regular Customers,FRENCH STYLE EMBOSSED HEART CABINET,8
Regular Customers,GOLD WINE GOBLET,8
Regular Customers,GREEN/BLUE FLOWER DESIGN BIG MUG,8
Regular Customers,IVORY EMBROIDERED QUILT ,8
Regular Customers,JARDIN ETCHED GLASS LARGE BELL JAR,8
Regular Customers,LARGE  TALL CAMPHOR WOOD TOADSTOOL ,8
Regular Customers,LILAC GAUZE BUTTERFLY LAMPSHADE,8
Regular Customers,MIDNIGHT BLUE VINTAGE EARRINGS,8
Regular Customers,MINI JIGSAW LEAP FROG,8
Regular Customers,OYSTER TRINKET BOX,8
Regular Customers,PARTY TIME DESIGN FLANNEL,8
Regular Customers,PINK GAUZE BUTTERFLY LAMPSHADE,8
Regular Customers,PINK JEWELLED PHOTO FRAME,8
Regular Customers,RAINBOW PEGS PHOTO CLIP STRING,8
Regular Customers,ROSE DU SUD CUSHION COVER,8
Regular Customers,ROSE DU SUD WASHBAG ,8
Regular Customers,RUSTIC  SEVENTEEN DRAWER SIDEBOARD,8
Regular Customers,SET OF 3 MINI HANGING PORTRAITS,8
Regular Customers,SET/3 POLKADOT STACKING TINS,8
Regular Customers,SET/6 POSIES PAPER CUPS,8
Regular Customers,SILVER FISHING GNOME ,8
Regular Customers,SILVER LARIAT 40CM,8
Regular Customers,SILVER M.O.P ORBIT BRACELET,8
Regular Customers,SILVER M.O.P. ORBIT NECKLACE,8
Regular Customers,SMALL ZINC/GLASS CANDLEHOLDER,8
Regular Customers,SPACEBOY MINI RUCKSACK,8
Regular Customers,SQUARE CHERRY BLOSSOM CABINET,8
Regular Customers,STEEL SWEETHEART ROUND TABLE CREAM,8
Regular Customers,STRIPES DESIGN MONKEY DOLL,8
Regular Customers,TRAVEL CARD WALLET VINTAGE ROSE ,8
Regular Customers,TUSCAN VILLA BIRD TABLE ,8
Regular Customers,VINTAGE RED TEATIME MUG,8
Regular Customers,WINE BOTTLE DRESSING DARK BLUE,8
Regular Customers,WISE MAN STAR SHAPE EGG PAN,8
Regular Customers,YELLOW BREAKFAST CUP AND SAUCER,8
Regular Customers,YELLOW FLOWERS FELT HANDBAG KIT,8
Regular Customers,5 STRAND GLASS NECKLACE CRYSTAL,7
Regular Customers,AMBER DROP EARRINGS W LONG BEADS,7
Regular Customers,ANTIQUE CREAM CUTLERY CUPBOARD,7
Regular Customers,ASS COL LARGE SAND FROG P'WEIGHT,7
Regular Customers,BLACK VINTAGE  CRYSTAL EARRINGS,7
Regular Customers,BLUE EASTER EGG HUNT START POST,7
Regular Customers,BLUE TILED TRAY,7
Regular Customers,BLUE WIRE SPIRAL CANDLE HOLDER,7
Regular Customers,BROCANTE COAT RACK,7
Regular Customers,CAKES AND RABBITS DESIGN FLANNEL ,7
Regular Customers,CHEST NATURAL WOOD 20 DRAWERS,7
Regular Customers,CLEAR ACRYLIC FACETED BANGLE,7
Regular Customers,COLUMBIAN CUBE CANDLE,7
Regular Customers,CORONA MEXICAN TRAY,7
Regular Customers,CREAM HANGING HEART T-LIGHT HOLDER,7
Regular Customers,ENGLISH ROSE METAL WASTE BIN,7
Regular Customers,FLORAL BATHROOM SET,7
Regular Customers,LARGE MINT DIAMANTE HAIRSLIDE,7
Regular Customers,LUNCH BOX WITH CUTLERY FAIRY CAKES ,7
Regular Customers,METAL TUBE CHIME ON BAMBOO,7
Regular Customers,MIRRORED WALL ART PHOTO FRAMES,7
Regular Customers,MONEY BOX FIRST AID DESIGN,7
Regular Customers,MURANO STYLE GLASS BRACELET GOLD,7
Regular Customers,NECKLACE+BRACELET SET FRUIT SALAD ,7
Regular Customers,PACKING CHARGE,7
Regular Customers,PINK FOXGLOVE ARTIIFCIAL FLOWER,7
Regular Customers,PINK JEWELLED MIRROR TRINKET TRAY,7
Regular Customers,RED POLKADOT PUDDING BOWL,7
Regular Customers,SCENTED CANDLE IN DIGITALIS TIN,7
Regular Customers,SHOE SHINE BOX ,7
Regular Customers,SILVER M.O.P ORBIT DROP EARRINGS,7
Regular Customers,ST TROPEZ NECKLACE,7
Regular Customers,SWEETHEART CREAM STEEL TABLE RECT,7
Regular Customers,TURQ STONE/CRYSTAL EARRINGS,7
Regular Customers,VANILLA INCENSE 40 CONES IN TIN,7
Regular Customers,VINTAGE ZINC PLANTER  ,7
Regular Customers,WALL ART SPACEBOY,7
Regular Customers,WHITE  ROSEBUD PEARL BRACELET,7
Regular Customers,WHITE VINT ART DECO CRYSTAL NECKLAC,7
Regular Customers,YELLOW EASTER EGG HUNT START POST,7
Regular Customers,ZINC HEART LATTICE 2 WALL PLANTER,7
Regular Customers,15 PINK FLUFFY CHICKS IN BOX,6
Regular Customers,75 BLACK PETIT FOUR CASES,6
Regular Customers,A4 WALL TIDY BLUE OFFICE,6
Regular Customers,ALUMINIUM HEART,6
Regular Customers,BATHROOM SET LOVE HEART DESIGN,6
Regular Customers,BEADED CRYSTAL HEART GREEN ON STICK,6
Regular Customers,BLACK DROP CRYSTAL NECKLACE,6
Regular Customers,BLACK SMALL GLASS CAKE STAND,6
Regular Customers,BLACK VINT ART DEC CRYSTAL NECKLACE,6
Regular Customers,BLACK+WHITE NECKLACE W TASSEL,6
Regular Customers,BLUE FELT HANGING HEART WITH FLOWER,6
Regular Customers,BLUE GLASS CHUNKY CHARM BRACELET,6
Regular Customers,CANDLE PLATE LACE WHITE,6
Regular Customers,CERAMIC BIRDHOUSE CRESTED TIT SMALL,6
Regular Customers,CHERRY BLOSSOM TABLE CLOCK ,6
Regular Customers,CINDERELLA CHANDELIER ,6
Regular Customers,CLASSICAL ROSE TABLE LAMP,6
Regular Customers,COLOURFUL FLOWER FRUIT BOWL,6
Regular Customers,COOKING SET RETROSPOT,6
Regular Customers,DUSTY PINK CHRISTMAS TREE 60CM,6
Regular Customers,FLOWER BURST SILVER RING CRYSTAL,6
Regular Customers,FRENCH CHATEAU OVAL PLATTER,6
Regular Customers,FRUIT TREE AND BIRDS WALL PLAQUE,6
Regular Customers,GLASS AND BEADS BRACELET IVORY,6
Regular Customers,GLASS AND PAINTED BEADS BRACELET OL,6
Regular Customers,HANGING BUTTERFLY  EGG,6
Regular Customers,I LOVE LONDON WALL ART,6
Regular Customers,JOY LARGE WOOD LETTERS,6
Regular Customers,LARGE ZINC GLASS CANDLEHOLDER,6
Regular Customers,METAL RABBIT LADDER EASTER ,6
Regular Customers,PACK 3 BOXES CHRISTMAS PANETTONE,6
Regular Customers,PAINTED LIGHTBULB RAINBOW DESIGN,6
Regular Customers,PEACE SMALL WOOD LETTERS,6
Regular Customers,PEACH KNITTED HEN ,6
Regular Customers,PINK FLOCK SUEDE CUSHION COVER ,6
Regular Customers,PINK METAL SWINGING BUNNY,6
Regular Customers,PINK PAISLEY CUSHION COVER ,6
Regular Customers,PINK SMALL JEWELLED PHOTOFRAME,6
Regular Customers,POLKADOT MUG PINK ,6
Regular Customers,PURPLE GLASS TASSLE BAG CHARM,6
Regular Customers,RABBIT EASTER DECORATION,6
Regular Customers,RED PEONY TABLE CLOCK,6
Regular Customers,ROSE DU SUD CUSHION COVER ,6
Regular Customers,RUBY GLASS CLUSTER BRACELET,6
Regular Customers,SET OF 4 KNICK KNACK TINS  DOILEY ,6
Regular Customers,SET OF 6 FUNKY BEAKERS,6
Regular Customers,SET OF 72 GREEN PAPER DOILIES,6
Regular Customers,SILVER BRACELET W PASTEL FLOWER,6
Regular Customers,SILVER CHRISTMAS TREE BAUBLE STAND ,6
Regular Customers,SILVER ROCCOCO CHANDELIER,6
Regular Customers,SMALL HANGING GLASS+ZINC LANTERN,6
Regular Customers,STORAGE TIN VINTAGE DOILEY ,6
Regular Customers,"TUMBLER, NEW ENGLAND",6
Regular Customers,WHITE GLASS CHUNKY CHARM BRACELET,6
Regular Customers,WHITE/PINK CHICK EASTER DECORATION,6
Regular Customers,WOVEN ROSE GARDEN CUSHION COVER ,6
Regular Customers,YELLOW FELT HANGING HEART W FLOWER,6
Regular Customers,YELLOW POT PLANT CANDLE,6
Regular Customers,YELLOW/BLUE RETRO RADIO,6
Regular Customers,ZINC HEART LATTICE CHARGER SMALL,6
Regular Customers,12 PINK ROSE PEG PLACE SETTINGS,5
Regular Customers,2 PICTURE BOOK EGGS EASTER DUCKS,5
Regular Customers,3 PINK HEN+CHICKS IN BASKET,5
Regular Customers,5 HOOK HANGER MAGIC TOADSTOOL,5
Regular Customers,BATHROOM SCALES RUBBER DUCKS,5
Regular Customers,BEACH HUT KEY CABINET,5
Regular Customers,BLACK CHUNKY BEAD BRACELET W STRAP,5
Regular Customers,BLACK EAR MUFF HEADPHONES,5
Regular Customers,BLING KEY RING STAND,5
Regular Customers,BLUE & WHITE BREAKFAST TRAY,5
Regular Customers,BLUE DISCO HANDBAG,5
Regular Customers,CAMOUFLAGE EAR MUFF HEADPHONES,5
Regular Customers,CARNIVAL BRACELET,5
Regular Customers,CAT WITH SUNGLASSES BLANK CARD,5
Regular Customers,CHUNKY SILVER NECKLACE PASTEL FLOWE,5
Regular Customers,CONDIMENT TRAY 4 BOWLS AND 4 SPOONS,5
Regular Customers,CROCHET ROSE DES CLOTHES HANGER,5
Regular Customers,DIAMANTE BOW BROOCH GREEN COLOUR,5
Regular Customers,"FLOWER GLASS GARLAND NECKL.36""BLACK",5
Regular Customers,GARDEN PATH NOTEBOOK ,5
Regular Customers,GOLD FISHING GNOME,5
Regular Customers,GREEN  DIAMANTE PEN IN GIFT BOX,5
Regular Customers,GREEN CAT FLORAL CUSHION COVER ,5
Regular Customers,GREEN VINTAGE EARRINGS ,5
Regular Customers,HEN HOUSE W FAMILY IN BARN & NEST,5
Regular Customers,IVY HEART WREATH,5
Regular Customers,MILK PAN PINK POLKADOT,5
Regular Customers,NECKLACE+BRACELET SET BLUE BLOSSOM,5
Regular Customers,ORIENTAL RED CUSHION COVER ,5
Regular Customers,PINK & WHITE ROSEBUD RING,5
Regular Customers,PINK HEART OF GLASS BRACELET,5
Regular Customers,PINK OVAL JEWELLED MIRROR,5
Regular Customers,PINK PARTY SUNGLASSES,5
Regular Customers,PURPLE GEMSTONE NECKLACE 45CM,5
Regular Customers,QUEEN OF SKIES LUGGAGE TAG,5
Regular Customers,REGENCY MIRROR WITH SHUTTERS,5
Regular Customers,"RETRO PILL BOX , REVOLUTIONARY",5
Regular Customers,RIVIERA NECKLACE,5
Regular Customers,ROMANTIC IMAGES SCRAP BOOK SET,5
Regular Customers,ROUND CACTUS CANDLE,5
Regular Customers,SET OF 6 RIBBONS COUNTRY STYLE,5
Regular Customers,SILVER LARIAT BLACK STONE EARRINGS,5
Regular Customers,SILVER OVAL SHAPE TRINKET BOX,5
Regular Customers,SILVER/NATURAL SHELL NECKLACE,5
Regular Customers,TEAL/FUSCHIA COL BEAD NECKLACE,5
Regular Customers,THE KING GIFT BAG 25x24x12cm,5
Regular Customers,VINTAGE BLUE KITCHEN CABINET,5
Regular Customers,VINTAGE SHELLS PRINT,5
Regular Customers,VINTAGE ZINC WATERING CAN,5
Regular Customers,VIPPASSPORT COVER ,5
Regular Customers,WHITE 3 FRAME BIRDS AND TREE ,5
Regular Customers,36 PENCILS TUBE POSY,4
Regular Customers,4 BURGUNDY WINE DINNER CANDLES,4
Regular Customers,5 STRAND GLASS NECKLACE BLACK,4
Regular Customers,AMBER GLASS/SILVER BRACELET,4
Regular Customers,BLACK SIL'T SQU CANDLE PLATE ,4
Regular Customers,BLUE  VOILE LAMPSHADE,4
Regular Customers,BLUE CUSHION COVER WITH FLOWER,4
Regular Customers,BLUE FLOCK CUSHION COVER ,4
Regular Customers,BLUE PATCH PURSE PINK HEART,4
Regular Customers,BUTTERFLY CUSHION COVER,4
Regular Customers,Bank Charges,4
Regular Customers,CAMOUFLAGE DESIGN TEDDY,4
Regular Customers,CRYSTAL DIAMANTE STAR BROOCH,4
Regular Customers,DOLLCRAFT BOY JEAN-PAUL ,4
Regular Customers,DOLLCRAFT GIRL AMELIE KIT,4
Regular Customers,DOLLY GIRL MINI RUCKSACK,4
Regular Customers,FLAG OF ST GEORGE ,4
Regular Customers,FLORAL PINK MONSTER,4
Regular Customers,FLORAL SOFT CAR TOY,4
Regular Customers,FLOWER BLUE CLOCK WITH SUCKER,4
Regular Customers,"FLOWER GLASS GARLD NECKL36""TURQUOIS",4
Regular Customers,FROG SOCK PUPPET,4
Regular Customers,HELLO SAILOR BATHROOM SET,4
Regular Customers,HILDA CANDY SPOT RABBIT,4
Regular Customers,JARDIN ETCHED GLASS SMALL BELL JAR,4
Regular Customers,LA PALMIERA WALL THERMOMETER,4
Regular Customers,LUSH GREENS RIBBONS,4
Regular Customers,MIDNIGHT BLUE GLASS/SILVER BRACELET,4
Regular Customers,MILK BOTTLE WITH GLASS STOPPER ,4
Regular Customers,MIRRORED WALL ART FOXY,4
Regular Customers,MISELTOE HEART WREATH ,4
Regular Customers,MODERN VINTAGE COTTON SHOPPING BAG,4
Regular Customers,ORANGE FLOWER MUG ,4
Regular Customers,PINK HAWAIIAN PICNIC HAMPER FOR 2,4
Regular Customers,PINK/AMETHYST/GOLD NECKLACE,4
Regular Customers,"PINK/WHITE ""KEEP CLEAN"" BULLET BIN",4
Regular Customers,"RETRO PILL BOX KEY CHAIN,THE KING",4
Regular Customers,ROSE DU SUD DRAWSTRING BAG,4
Regular Customers,ROSE FLOWER CANDLE+INCENSE 16X16CM,4
Regular Customers,SCHOOL DESK AND CHAIR ,4
Regular Customers,SET 4 NURSERY DES ROUND BOXES,4
Regular Customers,SET OF 3 BABUSHKA STACKING TINS,4
Regular Customers,SILVER/MOP ORBIT NECKLACE,4
Regular Customers,SMALL JEWELLERY STAND,4
Regular Customers,SPOTS ON RED BOOKCOVER TAPE,4
Regular Customers,SQUARE METAL CANDLEHOLDER BASE,4
Regular Customers,THE KING GIFT BAG,4
Regular Customers,UBO-LIGHT TRIOBASE PURPLE,4
Regular Customers,VINTAGE KITCHEN PRINT SEAFOOD,4
Regular Customers,VIP HOLIDAY PURSE,4
Regular Customers,"WALL ART , LOVES' SECRET ",4
Regular Customers,WALL ART MID CENTURY MODERN ,4
Regular Customers,WHITE BAROQUE WALL CLOCK ,4
Regular Customers,WOOD AND GLASS MEDICINE CABINET,4
Regular Customers,WOVEN CANDY CUSHION COVER ,4
Regular Customers,WOVEN FROST CUSHION COVER,4
Regular Customers,ZINC HEART LATTICE TRAY OVAL ,4
Regular Customers,12 PINK HEN+CHICKS IN BASKET,3
Regular Customers,ACRYLIC GEOMETRIC LAMP,3
Regular Customers,AMBER CHUNKY GLASS+BEAD NECKLACE,3
Regular Customers,ANT COPPER RED BOUDICCA BRACELET,3
Regular Customers,ASSORTED COLOUR SILK GLASSES CASE,3
Regular Customers,"BATHROOM SCALES, TROPICAL BEACH",3
Regular Customers,BLACK MEDIUM GLASS CAKE STAND,3
Regular Customers,BLUE CAT BISCUIT BARREL PINK HEART,3
Regular Customers,BLUE FLOWER DES PURSE,3
Regular Customers,BLUE PAINTED KASHMIRI CHAIR,3
Regular Customers,CHAMPAGNE TRAY BLANK CARD,3
Regular Customers,CHEST 7 DRAWER MA CAMPAGNE,3
Regular Customers,CRACKED GLAZE NECKLACE RED,3
Regular Customers,CREAM AND PINK FLOWERS PONY ,3
Regular Customers,CRYSTAL HOOP EARRING FLORAL LEAF,3
Regular Customers,CURIOUS IMAGES SCRAP BOOK SET,3
Regular Customers,DAISY HAIR BAND,3
Regular Customers,DANISH ROSE BEDSIDE CABINET,3
Regular Customers,DIAMANTE BOW BROOCH RED COLOUR,3
Regular Customers,DIAMANTE NECKLACE GREEN,3
Regular Customers,DIAMANTE NECKLACE PURPLE,3
Regular Customers,ELEPHANT CLIP W SUCTION CUP,3
Regular Customers,ENVELOPE 50 ROMANTIC IMAGES,3
Regular Customers,FLOOR LAMP SHADE WOOD BASE,3
Regular Customers,GOLD DIAMANTE STAR BROOCH,3
Regular Customers,GOLD M PEARL  ORBIT NECKLACE,3
Regular Customers,GOLD M.O.P ORBIT DROP EARRINGS,3
Regular Customers,HANGING BAUBLE T-LIGHT HOLDER LARGE,3
Regular Customers,HARDMAN MUG 3 ASSORTED,3
Regular Customers,HEART BUTTONS JEWELLERY BOX,3
Regular Customers,KITCHEN FLOWER POTS WALL PLAQUE,3
Regular Customers,LITTLE GREEN MONSTER SOFT TOY,3
Regular Customers,MAXWELL 2 TONE BLUE 60 PAGE PHOTO A,3
Regular Customers,MOROCCAN BEATEN METAL DISH LARGE,3
Regular Customers,MOROCCAN BEATEN METAL MIRROR,3
Regular Customers,MURANO STYLE GLASS BRACELET RED,3
Regular Customers,NEW BAROQUE BLACK PHOTO ALBUM,3
Regular Customers,PINK FLOWERS RABBIT EASTER,3
Regular Customers,PINK GREEN EMBROIDERY COSMETIC BAG,3
Regular Customers,PINK MURANO TWIST NECKLACE,3
Regular Customers,QUEEN OF THE SKIES PASSPORT COVER ,3
Regular Customers,RASTA IN BATH W SPLIFF ASHTRAY,3
Regular Customers,RETRO BROWN BALL ASHTRAY ,3
Regular Customers,RETRO LEAVES MAGNETIC NOTEPAD,3
Regular Customers,SET OF 3 CONEY ISLAND OVAL BOXES,3
Regular Customers,SET/6 POSIES PAPER PLATES,3
Regular Customers,SET/9 CHRISTMAS T-LIGHTS SCENTED ,3
Regular Customers,SILVER LOOKING MIRROR,3
Regular Customers,SMALL KITCHEN FLOWER POTS PLAQUE,3
Regular Customers,TIGRIS EYE CHUNKY CHARM BRACELET,3
Regular Customers,TRIANGULAR POUFFE VINTAGE ,3
Regular Customers,TURQUOISE CHRISTMAS TREE ,3
Regular Customers,TURQUOISE HEART OF GLASS BRACELET,3
Regular Customers,VINTAGE BEAD PINK JEWEL BOX,3
Regular Customers,VINTAGE KITCHEN PRINT PUDDINGS,3
Regular Customers,WHITE VINTAGE CRYSTAL EARRINGS,3
Regular Customers,YELLOW DRAGONFLY HELICOPTER,3
Regular Customers,3 WICK CHRISTMAS BRIAR CANDLE ,2
Regular Customers,5 STRAND GLASS NECKLACE AMBER,2
Regular Customers,ANT SILVER LIME GREEN BOUDICCA RING,2
Regular Customers,BLACK BAROQUE CARRIAGE CLOCK,2
Regular Customers,BLACK DIAMOND CLUSTER NECKLACE,2
Regular Customers,BLACK/WHITE GLASS/SILVER BRACELET,2
Regular Customers,BLUE CHENILLE SHAGGY CUSHION COVER ,2
Regular Customers,BLUE MURANO TWIST NECKLACE,2
Regular Customers,BLUE NETTING STORAGE HANGER,2
Regular Customers,BLUE POLKADOT PUDDING BOWL,2
Regular Customers,BLUE SWEETHEART BRACELET,2
Regular Customers,BLUE TEATIME PRINT BOWL ,2
Regular Customers,BLUE TV TRAY TABLE ,2
Regular Customers,BUTTONS AND STRIPES NOTEBOOK ,2
Regular Customers,CAROUSEL PONIES BABY BIB,2
Regular Customers,CLASSICAL ROSE CANDLESTAND,2
Regular Customers,CORDIAL JUG,2
Regular Customers,CRYSTAL PAIR HEART HAIR SLIDES,2
Regular Customers,DIAMANTE NECKLACE,2
Regular Customers,DIAMOND LAS VEGAS NECKLACE 45CM,2
Regular Customers,DROP DIAMANTE EARRINGS PURPLE,2
Regular Customers,DROP EARRINGS W FLOWER & LEAF,2
Regular Customers,ELEPHANT CARNIVAL POUFFE,2
Regular Customers,FLORAL BLUE MONSTER,2
Regular Customers,FRUIT SALAD BAG CHARM,2
Regular Customers,GARDEN METAL SIGN ,2
Regular Customers,GIANT MEDINA STAMPED METAL BOWL ,2
Regular Customers,GLASS SONGBIRD STORAGE JAR,2
Regular Customers,GLITTER SNOW PEAR TREE DECORATION,2
Regular Customers,GOLD M.O.P. ORBIT NECKLACE,2
Regular Customers,GOLD STANDING GNOME,2
Regular Customers,GOLD TEDDY BEAR,2
Regular Customers,GREEN EASTER EGG HUNT START POST,2
Regular Customers,GREEN METAL BOX TOP SECRET,2
Regular Customers,GREEN PEONY CUSHION COVER,2
Regular Customers,HEART SHAPED MIRROR,2
Regular Customers,High Resolution Image,2
Regular Customers,IVORY PANTRY HANGING LAMP ,2
Regular Customers,"LARGE CAKE TOWEL, CHOCOLATE SPOTS",2
Regular Customers,LAZER CUT NECKLACE W PASTEL BEADS,2
Regular Customers,LONG SILVER NECKLACE PASTEL FLOWER,2
Regular Customers,M/COLOUR POM-POM CURTAIN,2
Regular Customers,METALIC LEAVES BAG CHARMS,2
Regular Customers,MIDNIGHT BLUE DROP CRYSTAL NECKLACE,2
Regular Customers,MIDNIGHT BLUE PAIR HEART HAIR SLIDE,2
Regular Customers,MOP PENDANT SHELL NECKLACE,2
Regular Customers,MOROCCAN BEATEN METAL DISH,2
Regular Customers,NEW BAROQUE BLACK BOXES,2
Regular Customers,NEW BAROQUE LARGE NECKLACE BLK/WHIT,2
Regular Customers,PACK/12 XMAS FUN CARD,2
Regular Customers,PADS TO MATCH ALL CUSHIONS,2
Regular Customers,PAIR OF PINK FLOWER CLUSTER SLIDE,2
Regular Customers,"PEARL & SHELL 42""NECKL. IVORY",2
Regular Customers,PEARL AND CHERRY QUARTZ BRACLET,2
Regular Customers,PINK BUTTERFLY WASHBAG,2
Regular Customers,PINK CRYSTAL+GLASS BRACELET,2
Regular Customers,PINK FELT EASTER EGG BASKET,2
Regular Customers,PINK HEARTS PAPER GARLAND,2
Regular Customers,PINK NEW BAROQUE FLOCK CANDLESTICK,2
Regular Customers,PINK RIVIERA HANDBAG,2
Regular Customers,PINK ROSEBUD & PEARL NECKLACE,2
Regular Customers,PINK/BLUE STRING CURTAIN ,2
Regular Customers,POTTING SHED ROSE CANDLE,2
Regular Customers,RASPBERRY ANT COPPER FLOWER NECKLAC,2
Regular Customers,RED PEONY CUSHION COVER ,2
Regular Customers,"RETRO ""TEA FOR ONE"" ",2
Regular Customers,ROCOCO WALL MIROR,2
Regular Customers,"RUSTIC WOODEN CABINET, GLASS DOORS",2
Regular Customers,SET/4 GARDEN ROSE DINNER CANDLE,2
Regular Customers,SILVER STANDING GNOME   ,2
Regular Customers,SPACE FROG,2
Regular Customers,TABLE LAMP WHITE SHADE WOOD BASE,2
Regular Customers,TEA TIME TABLE CLOTH,2
Regular Customers,TOAST ITS - DINOSAUR,2
Regular Customers,TROPICAL HOLIDAY PURSE ,2
Regular Customers,TURQUOISE CRYSTAL+GLASS BRACELET,2
Regular Customers,TUSCAN VILLA DOVECOTE,2
Regular Customers,VINTAGE NOTEBOOK BEAUTY GIRL,2
Regular Customers,VINTAGE PHOTO ALBUM PARIS DAYS,2
Regular Customers,WAKE UP COCKEREL TILE HOOK,2
Regular Customers,"WALL ART , THE MAGIC FOREST ",2
Regular Customers,WALL ART THE MAGIC FOREST ,2
Regular Customers,WHITE HEART OF GLASS BRACELET,2
Regular Customers,WHITE TISSUE REAM,2
Regular Customers,WINE BOTTLE DRESSING LT.BLUE,2
Regular Customers,WOVEN BUBBLE GUM CUSHION COVER,2
Regular Customers,YELLOW PINK FLOWER DESIGN BIG BOWL,2
Regular Customers,60 GOLD AND SILVER FAIRY CAKE CASES,1
Regular Customers,AMBER CHUNKY BEAD BRACELET W STRAP,1
Regular Customers,ANT SILVER FUSCHIA BOUDICCA RING,1
Regular Customers,ANT SILVER PURPLE BOUDICCA RING,1
Regular Customers,ANTIQUE OLIVE GREEN FLOWER EARRINGS,1
Regular Customers,ANTIQUE OPAL WHITE FLOWER EARRINGS,1
Regular Customers,ASSORTED CAKES FRIDGE MAGNETS,1
Regular Customers,BAROQUE BUTTERFLY EARRINGS BLACK,1
Regular Customers,BAROQUE BUTTERFLY EARRINGS CRYSTAL,1
Regular Customers,BLACK BAROQUE WALL CLOCK ,1
Regular Customers,BLACK CRYSTAL DROP EARRINGS,1
Regular Customers,BLACK FINE BEAD NECKLACE W TASSEL,1
Regular Customers,BLACK GEMSTONE BRACELET,1
Regular Customers,BLACK GEMSTONE NECKLACE 45CM,1
Regular Customers,BLACKCHRISTMAS TREE 30CM,1
Regular Customers,BLOSSOM IMAGES SCRAP BOOK SET,1
Regular Customers,BLUE  TILE HOOK,1
Regular Customers,BLUE GEISHA GIRL ,1
Regular Customers,BLUE LEAVES AND BEADS PHONE CHARM,1
Regular Customers,BLUE NEW BAROQUE FLOCK CANDLESTICK,1
Regular Customers,BLUE POLKADOT PURSE ,1
Regular Customers,BLUE SHARK HELICOPTER,1
Regular Customers,BLUE/GREEN SHELL NECKLACE W PENDANT,1
Regular Customers,BUTTERFLY HAIR BAND,1
Regular Customers,CAPIZ CHANDELIER,1
Regular Customers,CHERRY BLOSSOM PURSE,1
Regular Customers,COSY SLIPPER SHOES SMALL  RED ,1
Regular Customers,CRACKED GLAZE EARRINGS BROWN,1
Regular Customers,CRACKED GLAZE EARRINGS RED,1
Regular Customers,CROCHET BEAR RED/BLUE  KEYRING,1
Regular Customers,CROCHET DOG KEYRING,1
Regular Customers,CROCHET LILAC/RED BEAR KEYRING,1
Regular Customers,CROCHET WHITE RABBIT KEYRING ,1
Regular Customers,DAIRY MAID  PUDDING BOWL,1
Regular Customers,DANISH ROSE UMBRELLA STAND,1
Regular Customers,DECORATIVE HANGING SHELVING UNIT,1
Regular Customers,DOLPHIN WINDMILL,1
Regular Customers,DUSTY PINK CHRISTMAS TREE 30CM,1
Regular Customers,EASTER CRAFT IVY WREATH WITH CHICK,1
Regular Customers,ECONOMY HOLIDAY PURSE,1
Regular Customers,FILIGREE DIAMANTE EARRINGS,1
Regular Customers,FIRE POLISHED GLASS BRACELET BLACK,1
Regular Customers,FIRE POLISHED GLASS NECKL BRONZE,1
Regular Customers,FLAMES SUNGLASSES PINK LENSES,1
Regular Customers,"FLOWER GLASS GARLD NECKL36""AMETHYST",1
Regular Customers,FLOWER SHOP DESIGN MUG,1
Regular Customers,FOLDING SHOE TIDY,1
Regular Customers,FRENCH CHATEAU LARGE FRUIT BOWL ,1
Regular Customers,FRENCH ENAMEL UTENSIL HOLDER,1
Regular Customers,FUSCHIA RETRO BAR STOOL,1
Regular Customers,FUSCHIA TABLE RUN FLOWER ,1
Regular Customers,GINGHAM OVEN GLOVE RED HEART ,1
Regular Customers,GLASS BEAD HOOP NECKLACE AMETHYST,1
Regular Customers,GLASS BEAD HOOP NECKLACE MONTANA,1
Regular Customers,GOLD M.O.P ORBIT BRACELET,1
Regular Customers,GOLD/M.O.P PENDANT ORBIT NECKLACE,1
Regular Customers,GREEN ENAMEL FLOWER HAIR TIE,1
Regular Customers,GREEN GEISHA GIRL ,1
Regular Customers,GREEN HEART OF GLASS BRACELET,1
Regular Customers,HALL CABINET WITH 3 DRAWERS,1
Regular Customers,HEARTS WRAPPING TAPE ,1
Regular Customers,IVORY SHELL HEART NECKLACE,1
Regular Customers,JADE CRYSTAL+GLASS BRACELET,1
Regular Customers,JADE DROP EARRINGS W FILIGREE,1
Regular Customers,LA PALMIERA TILE HOOK,1
Regular Customers,LARGE CRYSTAL DIAMANTE HAIRSLIDE,1
Regular Customers,LARGE JEWELLERY STAND,1
Regular Customers,LILY BROOCH AMETHYST COLOUR,1
Regular Customers,LILY BROOCH OLIVE COLOUR,1
Regular Customers,MEDINA STAMPED METAL STOOL,1
Regular Customers,METAL BASE FOR CANDLES,1
Regular Customers,NEW BAROQUE B'FLY NECKLACE PINK,1
Regular Customers,NEW BAROQUE SMALL NECKLACE BLACK,1
Regular Customers,NEW ENGLAND MUG W GIFT BOX,1
Regular Customers,PAIR OF ENAMEL BUTTERFLY HAIRCLIP,1
Regular Customers,PINK CAT FLORAL CUSHION COVER ,1
Regular Customers,PINK HEART RED HANDBAG,1
Regular Customers,PINK TALL PORCELAIN T-LIGHT HOLDER ,1
Regular Customers,PINK/WHITE RIBBED MELAMINE JUG,1
Regular Customers,PURPLE BERTIE GLASS BEAD BAG CHARM,1
Regular Customers,PURPLE CHUNKY GLASS+BEAD NECKLACE,1
Regular Customers,PURPLE FOXGLOVE ARTIIFCIAL FLOWER,1
Regular Customers,RESIN BRACELET W PASTEL BEADS,1
Regular Customers,RESIN NECKLACE W PASTEL BEADS,1
Regular Customers,RUBY GLASS CLUSTER EARRINGS,1
Regular Customers,SCALLOP SHELL SOAP DISH,1
Regular Customers,SET 10 CARDS HANGING BAUBLES 17080,1
Regular Customers,SET OF 16 VINTAGE IVORY CUTLERY,1
Regular Customers,SET/3 TALL GLASS CANDLE HOLDER PINK,1
Regular Customers,SILVER 2 STRAND NECKLACE-LEAF CHARM,1
Regular Customers,SILVER BLACK ORBIT BRACELET,1
Regular Customers,SILVER HOOP EARRINGS WITH FLOWER,1
Regular Customers,SILVER/AMETHYST DROP EARRINGS LEAF,1
Regular Customers,SILVER/BLACK ORBIT NECKLACE,1
Regular Customers,ST GEORGE SET OF 10 PARTY LIGHTS,1
Regular Customers,SWEETHEART CARRY-ALL BASKET,1
Regular Customers,UBO-LIGHT TRIOBASE BLUE,1
Regular Customers,UNION FLAG WINDSOCK,1
Regular Customers,VINTAGE BEAD COSMETIC BAG ,1
Regular Customers,VINTAGE ENAMEL & CRYSTAL NECKLACE,1
Regular Customers,VINTAGE GLASS TEA CADDY,1
Regular Customers,VINTAGE KEEPSAKE BOX TRAVELOGUE,1
Regular Customers,WAY OUT METAL SIGN ,1
Regular Customers,WHITE CHRISTMAS TREE 60CM,1
Regular Customers,WHITE ENAMEL FLOWER HAIR TIE,1
Regular Customers,WHITE FRANGIPANI NECKLACE,1
Regular Customers,WHITE MURANO TWIST BRACELET,1
Regular Customers,WOODLAND LARGE PINK FELT HEART,1
Regular Customers,YULETIDE IMAGES S/6 PAPER BOXES,1
Regular Customers,ZINC TOP  2 DOOR WOODEN SHELF ,1
